[2026-05-04T16:14:32Z] START: pipelineName=pipeline_all_script env=k8s-bonifica runId=20260504T161429Z mode=rerun-all stopOnError=true teeToConsole=true mongo.dbName=hc40-index-bonifica
[2026-05-04T16:14:32Z] CONFIG: pipeline/pipeline_all_script.json
[2026-05-04T16:14:32Z] MONGO_URI: mongodb://root:password@mongo-rs-1.mongo-rs-svc.mongodb.svc.cluster.local:27017/hc40-index-bonifica?authSource=admin&directConnection=true&readPreference=primary
[2026-05-04T16:14:32Z] STEP_START: id=1 name=count_IHUB_records file=001_mongosh_count_IHUB_records.js timeoutSec=0 log=./logs/pipeline_all_script/k8s-bonifica/20260504T161429Z/001_count_IHUB_records.log
[2026-05-04T16:14:33Z] STEP_SUCCESS: id=1 name=count_IHUB_records durationMs=1338
[2026-05-04T16:14:34Z] STEP_START: id=2 name=count_HC40_ADT_records file=001b_mongosh_count_hc40_adt_records.js timeoutSec=0 log=./logs/pipeline_all_script/k8s-bonifica/20260504T161429Z/002_count_HC40_ADT_records.log
[2026-05-04T16:14:35Z] STEP_SUCCESS: id=2 name=count_HC40_ADT_records durationMs=1267
[2026-05-04T16:14:35Z] STEP_START: id=3 name=export_IHUB_latest_all file=002_0_export_ihub_latest_all.js timeoutSec=0 log=./logs/pipeline_all_script/k8s-bonifica/20260504T161429Z/003_export_IHUB_latest_all.log
[2026-05-04T16:15:00Z] STEP_SUCCESS: id=3 name=export_IHUB_latest_all durationMs=25459
[2026-05-04T16:15:01Z] STEP_START: id=4 name=export_HC40_ADT_latest_all file=002_0b_export_hc40_adt_latest_all.js timeoutSec=0 log=./logs/pipeline_all_script/k8s-bonifica/20260504T161429Z/004_export_HC40_ADT_latest_all.log
[2026-05-04T16:15:07Z] STEP_SUCCESS: id=4 name=export_HC40_ADT_latest_all durationMs=6620
[2026-05-04T16:15:07Z] STEP_START: id=5 name=create_coll_IHUB_latest_all file=002_1_creazione_ihub_latest_all.js timeoutSec=0 log=./logs/pipeline_all_script/k8s-bonifica/20260504T161429Z/005_create_coll_IHUB_latest_all.log
[2026-05-04T16:15:18Z] STEP_SUCCESS: id=5 name=create_coll_IHUB_latest_all durationMs=10449
[2026-05-04T16:15:18Z] STEP_START: id=6 name=create_coll_HC40_ADT_latest_all file=002_1b_creazione_hc40_adt_latest_all.js timeoutSec=0 log=./logs/pipeline_all_script/k8s-bonifica/20260504T161429Z/006_create_coll_HC40_ADT_latest_all.log
[2026-05-04T16:15:22Z] STEP_SUCCESS: id=6 name=create_coll_HC40_ADT_latest_all durationMs=3729
[2026-05-04T16:15:22Z] STEP_START: id=7 name=count_IHUB_latest_all file=002_2_conteggio_ihub_latest_all.js timeoutSec=0 log=./logs/pipeline_all_script/k8s-bonifica/20260504T161429Z/007_count_IHUB_latest_all.log
[2026-05-04T16:15:23Z] STEP_SUCCESS: id=7 name=count_IHUB_latest_all durationMs=1035
[2026-05-04T16:15:23Z] STEP_START: id=8 name=count_HC40_ADT_latest_all file=002_2b_conteggio_hc40_adt_latest_all.js timeoutSec=0 log=./logs/pipeline_all_script/k8s-bonifica/20260504T161429Z/008_count_HC40_ADT_latest_all.log
[2026-05-04T16:15:24Z] STEP_SUCCESS: id=8 name=count_HC40_ADT_latest_all durationMs=985
[2026-05-04T16:15:24Z] STEP_START: id=9 name=count_SIO_records file=003_mongosh_count_SIO_records.js timeoutSec=0 log=./logs/pipeline_all_script/k8s-bonifica/20260504T161429Z/009_count_SIO_records.log
[2026-05-04T16:15:25Z] STEP_SUCCESS: id=9 name=count_SIO_records durationMs=1077
[2026-05-04T16:15:25Z] STEP_START: id=10 name=export_encounter_SIO_all file=004_0_export_encounter_sio_all.js timeoutSec=0 log=./logs/pipeline_all_script/k8s-bonifica/20260504T161429Z/010_export_encounter_SIO_all.log
[2026-05-04T16:15:41Z] STEP_SUCCESS: id=10 name=export_encounter_SIO_all durationMs=16115
[2026-05-04T16:15:41Z] STEP_START: id=11 name=import_encounter_SIO_all file=004_1_import_encounter_sio_all.js timeoutSec=0 log=./logs/pipeline_all_script/k8s-bonifica/20260504T161429Z/011_import_encounter_SIO_all.log
[2026-05-04T16:15:55Z] STEP_SUCCESS: id=11 name=import_encounter_SIO_all durationMs=13753
[2026-05-04T16:15:55Z] STEP_START: id=12 name=count_encounter_SIO_all file=004_2_conteggio_encounter_sio_all.js timeoutSec=0 log=./logs/pipeline_all_script/k8s-bonifica/20260504T161429Z/012_count_encounter_SIO_all.log
[2026-05-04T16:15:56Z] STEP_SUCCESS: id=12 name=count_encounter_SIO_all durationMs=1036
[2026-05-04T16:15:56Z] STEP_START: id=13 name=create_sio_encounter_duplicate_IHUB file=005_create_sio_encounter_duplicate.js timeoutSec=0 log=./logs/pipeline_all_script/k8s-bonifica/20260504T161429Z/013_create_sio_encounter_duplicate_IHUB.log
[2026-05-04T16:16:08Z] STEP_SUCCESS: id=13 name=create_sio_encounter_duplicate_IHUB durationMs=11348
[2026-05-04T16:16:08Z] STEP_START: id=14 name=create_sio_encounter_duplicate_HC40_ADT file=005b_create_sio_encounter_duplicate_hc40_adt.js timeoutSec=0 log=./logs/pipeline_all_script/k8s-bonifica/20260504T161429Z/014_create_sio_encounter_duplicate_HC40_ADT.log
[2026-05-04T16:16:14Z] STEP_SUCCESS: id=14 name=create_sio_encounter_duplicate_HC40_ADT durationMs=6525
[2026-05-04T16:16:14Z] STEP_START: id=15 name=create_sio_to_ihub_map file=006_01_creazione_sio_to_ihub_map.js timeoutSec=0 log=./logs/pipeline_all_script/k8s-bonifica/20260504T161429Z/015_create_sio_to_ihub_map.log
[2026-05-04T16:16:17Z] STEP_SUCCESS: id=15 name=create_sio_to_ihub_map durationMs=2684
[2026-05-04T16:16:17Z] STEP_START: id=16 name=create_sio_to_hc40_adt_map file=006_01b_creazione_sio_to_hc40_adt_map.js timeoutSec=0 log=./logs/pipeline_all_script/k8s-bonifica/20260504T161429Z/016_create_sio_to_hc40_adt_map.log
[2026-05-04T16:16:19Z] STEP_SUCCESS: id=16 name=create_sio_to_hc40_adt_map durationMs=1506
[2026-05-04T16:16:19Z] STEP_START: id=17 name=export_sio_to_ihub_keys_js file=006_02_esportazione_su_file_sio_to_ihub_map.js timeoutSec=0 log=./logs/pipeline_all_script/k8s-bonifica/20260504T161429Z/017_export_sio_to_ihub_keys_js.log
[2026-05-04T16:16:24Z] STEP_SUCCESS: id=17 name=export_sio_to_ihub_keys_js durationMs=5834
[2026-05-04T16:16:25Z] STEP_START: id=18 name=export_sio_to_hc40_adt_keys_js file=006_02b1_esportazione_su_file_sio_to_hc40_adt_map.js timeoutSec=0 log=./logs/pipeline_all_script/k8s-bonifica/20260504T161429Z/018_export_sio_to_hc40_adt_keys_js.log
[2026-05-04T16:16:27Z] STEP_SUCCESS: id=18 name=export_sio_to_hc40_adt_keys_js durationMs=2490
[2026-05-04T16:16:27Z] STEP_START: id=19 name=export_sio_modified_id_hc40_adt_js file=006_02b2_esportazione_su_file_sio_modified_id_hc40_adt_map.js timeoutSec=0 log=./logs/pipeline_all_script/k8s-bonifica/20260504T161429Z/019_export_sio_modified_id_hc40_adt_js.log
[2026-05-04T16:16:30Z] STEP_SUCCESS: id=19 name=export_sio_modified_id_hc40_adt_js durationMs=2678
[2026-05-04T16:16:30Z] STEP_START: id=20 name=export_sio_modified_id_js file=006_02b_esportazione_su_file_sio_modified_id.js timeoutSec=0 log=./logs/pipeline_all_script/k8s-bonifica/20260504T161429Z/020_export_sio_modified_id_js.log
[2026-05-04T16:16:36Z] STEP_SUCCESS: id=20 name=export_sio_modified_id_js durationMs=5835
[2026-05-04T16:16:36Z] STEP_START: id=21 name=create_sio_ihub_hc40_adt_keys_map_js file=006_02b3_creazione_file_sio_ihub_hc40_adt_keys_map.js timeoutSec=0 log=./logs/pipeline_all_script/k8s-bonifica/20260504T161429Z/021_create_sio_ihub_hc40_adt_keys_map_js.log
[2026-05-04T16:16:54Z] STEP_SUCCESS: id=21 name=create_sio_ihub_hc40_adt_keys_map_js durationMs=17802
[2026-05-04T16:16:54Z] STEP_START: id=22 name=documentreference_export_replace_chunks file=006_03_esportazione_su_file_prod_match_documentreference_by_keys_replace.js timeoutSec=0 log=./logs/pipeline_all_script/k8s-bonifica/20260504T161429Z/022_documentreference_export_replace_chunks.log
[2026-05-04T16:17:10Z] STEP_SUCCESS: id=22 name=documentreference_export_replace_chunks durationMs=16054
[2026-05-04T16:17:10Z] STEP_START: id=23 name=documentreference_export_original_chunks file=006_03B_esportazione_su_file_prod_match_documentreference_by_keys_original.js timeoutSec=0 log=./logs/pipeline_all_script/k8s-bonifica/20260504T161429Z/023_documentreference_export_original_chunks.log
[2026-05-04T16:17:19Z] STEP_SUCCESS: id=23 name=documentreference_export_original_chunks durationMs=9389
[2026-05-04T16:17:19Z] STEP_START: id=24 name=documentreference_import_modified file=006_04_importazione_prod_match_documentreference_by_keys_replace_client_side.js timeoutSec=0 log=./logs/pipeline_all_script/k8s-bonifica/20260504T161429Z/024_documentreference_import_modified.log
[2026-05-04T16:17:25Z] STEP_SUCCESS: id=24 name=documentreference_import_modified durationMs=5210
[2026-05-04T16:17:25Z] STEP_START: id=25 name=documentreference_import_original file=006_04B_importazione_prod_match_documentreference_by_keys_original.js timeoutSec=0 log=./logs/pipeline_all_script/k8s-bonifica/20260504T161429Z/025_documentreference_import_original.log
[2026-05-04T16:17:31Z] STEP_SUCCESS: id=25 name=documentreference_import_original durationMs=5699
[2026-05-04T16:17:31Z] STEP_SKIP: id=26 name=documentreference_history_insert (enabled=false)
[2026-05-04T16:17:31Z] STEP_SKIP: id=27 name=documentreference_delete_original_from_target (enabled=false)
[2026-05-04T16:17:31Z] STEP_SKIP: id=28 name=documentreference_upsert_modified_to_target (enabled=false)
[2026-05-04T16:17:31Z] STEP_SKIP: id=29 name=documentreference_rename_original_to_backup (enabled=false)
[2026-05-04T16:17:31Z] STEP_SKIP: id=30 name=documentreference_rename_modified_to_backup (enabled=false)
[2026-05-04T16:17:31Z] STEP_START: id=31 name=servicerequest_export_replace_chunks file=016_03_esportazione_su_file_prod_match_servicerequest_by_keys_replace.js timeoutSec=0 log=./logs/pipeline_all_script/k8s-bonifica/20260504T161429Z/031_servicerequest_export_replace_chunks.log
[2026-05-04T16:18:02Z] STEP_SUCCESS: id=31 name=servicerequest_export_replace_chunks durationMs=30846
[2026-05-04T16:18:02Z] STEP_START: id=32 name=servicerequest_export_original_chunks file=016_03B_esportazione_su_file_prod_match_servicerequest_by_keys_original.js timeoutSec=0 log=./logs/pipeline_all_script/k8s-bonifica/20260504T161429Z/032_servicerequest_export_original_chunks.log
[2026-05-04T16:18:16Z] STEP_SUCCESS: id=32 name=servicerequest_export_original_chunks durationMs=14210
[2026-05-04T16:18:16Z] STEP_START: id=33 name=servicerequest_import_modified file=016_04_importazione_prod_match_servicerequest_by_keys_replace_client_side.js timeoutSec=0 log=./logs/pipeline_all_script/k8s-bonifica/20260504T161429Z/033_servicerequest_import_modified.log
[2026-05-04T16:18:27Z] STEP_SUCCESS: id=33 name=servicerequest_import_modified durationMs=10997
[2026-05-04T16:18:27Z] STEP_START: id=34 name=servicerequest_import_original file=016_04B_importazione_prod_match_servicerequest_by_keys_original.js timeoutSec=0 log=./logs/pipeline_all_script/k8s-bonifica/20260504T161429Z/034_servicerequest_import_original.log
[2026-05-04T16:18:38Z] STEP_SUCCESS: id=34 name=servicerequest_import_original durationMs=10513
[2026-05-04T16:18:38Z] STEP_SKIP: id=35 name=servicerequest_history_insert (enabled=false)
[2026-05-04T16:18:38Z] STEP_SKIP: id=36 name=servicerequest_delete_original_from_target (enabled=false)
[2026-05-04T16:18:38Z] STEP_SKIP: id=37 name=servicerequest_upsert_modified_to_target (enabled=false)
[2026-05-04T16:18:38Z] STEP_SKIP: id=38 name=servicerequest_rename_original_to_backup (enabled=false)
[2026-05-04T16:18:38Z] STEP_SKIP: id=39 name=servicerequest_rename_modified_to_backup (enabled=false)
[2026-05-04T16:18:38Z] STEP_START: id=40 name=observation_export_replace_chunks file=026_03_esportazione_su_file_prod_match_observation_by_keys_replace.js timeoutSec=0 log=./logs/pipeline_all_script/k8s-bonifica/20260504T161429Z/040_observation_export_replace_chunks.log
[2026-05-04T16:19:35Z] STEP_SUCCESS: id=40 name=observation_export_replace_chunks durationMs=57294
[2026-05-04T16:19:36Z] STEP_START: id=41 name=observation_export_original_chunks file=026_03B_esportazione_su_file_prod_match_observation_by_keys_original.js timeoutSec=0 log=./logs/pipeline_all_script/k8s-bonifica/20260504T161429Z/041_observation_export_original_chunks.log
[2026-05-04T16:19:59Z] STEP_SUCCESS: id=41 name=observation_export_original_chunks durationMs=23915
[2026-05-04T16:20:00Z] STEP_START: id=42 name=observation_import_modified file=026_04_importazione_prod_match_observation_by_keys_replace_client_side.js timeoutSec=0 log=./logs/pipeline_all_script/k8s-bonifica/20260504T161429Z/042_observation_import_modified.log
[2026-05-04T16:20:20Z] STEP_SUCCESS: id=42 name=observation_import_modified durationMs=20119
[2026-05-04T16:20:20Z] STEP_START: id=43 name=observation_import_original file=026_04B_importazione_prod_match_observation_by_keys_original.js timeoutSec=0 log=./logs/pipeline_all_script/k8s-bonifica/20260504T161429Z/043_observation_import_original.log
[2026-05-04T16:20:40Z] STEP_SUCCESS: id=43 name=observation_import_original durationMs=19991
[2026-05-04T16:20:40Z] STEP_SKIP: id=44 name=observation_history_insert (enabled=false)
[2026-05-04T16:20:40Z] STEP_SKIP: id=45 name=observation_delete_original_from_target (enabled=false)
[2026-05-04T16:20:40Z] STEP_SKIP: id=46 name=observation_upsert_modified_to_target (enabled=false)
[2026-05-04T16:20:40Z] STEP_SKIP: id=47 name=observation_rename_original_to_backup (enabled=false)
[2026-05-04T16:20:40Z] STEP_SKIP: id=48 name=observation_rename_modified_to_backup (enabled=false)
[2026-05-04T16:20:40Z] STEP_START: id=49 name=bundle_export_replace_chunks file=066_03_esportazione_su_file_prod_match_bundle_by_keys_replace.js timeoutSec=0 log=./logs/pipeline_all_script/k8s-bonifica/20260504T161429Z/049_bundle_export_replace_chunks.log
[2026-05-04T16:20:59Z] STEP_SUCCESS: id=49 name=bundle_export_replace_chunks durationMs=18435
[2026-05-04T16:20:59Z] STEP_START: id=50 name=bundle_export_original_chunks file=066_03B_esportazione_su_file_prod_match_bundle_by_keys_original.js timeoutSec=0 log=./logs/pipeline_all_script/k8s-bonifica/20260504T161429Z/050_bundle_export_original_chunks.log
[2026-05-04T16:21:11Z] STEP_SUCCESS: id=50 name=bundle_export_original_chunks durationMs=11974
[2026-05-04T16:21:11Z] STEP_START: id=51 name=bundle_import_modified file=066_04_importazione_prod_match_bundle_by_keys_replace_client_side.js timeoutSec=0 log=./logs/pipeline_all_script/k8s-bonifica/20260504T161429Z/051_bundle_import_modified.log
[2026-05-04T16:21:18Z] STEP_SUCCESS: id=51 name=bundle_import_modified durationMs=7646
[2026-05-04T16:21:19Z] STEP_START: id=52 name=bundle_import_original file=066_04B_importazione_prod_match_bundle_by_keys_original.js timeoutSec=0 log=./logs/pipeline_all_script/k8s-bonifica/20260504T161429Z/052_bundle_import_original.log
[2026-05-04T16:21:26Z] STEP_SUCCESS: id=52 name=bundle_import_original durationMs=7463
[2026-05-04T16:21:26Z] STEP_SKIP: id=53 name=bundle_history_insert (enabled=false)
[2026-05-04T16:21:26Z] STEP_SKIP: id=54 name=bundle_delete_original_from_target (enabled=false)
[2026-05-04T16:21:26Z] STEP_SKIP: id=55 name=bundle_upsert_modified_to_target (enabled=false)
[2026-05-04T16:21:26Z] STEP_SKIP: id=56 name=bundle_rename_original_to_backup (enabled=false)
[2026-05-04T16:21:26Z] STEP_SKIP: id=57 name=bundle_rename_modified_to_backup (enabled=false)
[2026-05-04T16:21:26Z] STEP_SKIP: id=58 name=099_00_backup_sio_impacted (enabled=false)
[2026-05-04T16:21:26Z] STEP_SKIP: id=59 name=099_00B_insert_encounter_history (enabled=false)
[2026-05-04T16:21:26Z] STEP_SKIP: id=60 name=099_01_03_export_encounter_without_status_add (enabled=false)
[2026-05-04T16:21:26Z] STEP_SKIP: id=61 name=099_01_03B_export_encounter_without_status_original (enabled=false)
[2026-05-04T16:21:26Z] STEP_SKIP: id=62 name=099_01_04_import_encounter_without_status_modified (enabled=false)
[2026-05-04T16:21:26Z] STEP_SKIP: id=63 name=099_01_04B_import_encounter_without_status_original (enabled=false)
[2026-05-04T16:21:27Z] STEP_SKIP: id=64 name=099_01_delete_sio_impacted (enabled=false)
[2026-05-04T16:21:27Z] STEP_SKIP: id=65 name=099_02_01_delete_encounter_from_without_status_original (enabled=false)
[2026-05-04T16:21:27Z] STEP_SKIP: id=66 name=099_02_01B_insert_encounter_history_from_without_status_original (enabled=false)
[2026-05-04T16:21:27Z] STEP_SKIP: id=67 name=099_02_02_insert_encounter_without_status_modified (enabled=false)
[2026-05-04T16:21:27Z] STEP_SKIP: id=68 name=099_02_03_rename_collection_encounter_without_status_original_to_backup (enabled=false)
[2026-05-04T16:21:27Z] STEP_SKIP: id=69 name=099_02_04_rename_collection_encounter_without_status_modified_to_backup (enabled=false)
[2026-05-04T16:21:27Z] END: status=SUCCESS runId=20260504T161429Z
[2026-05-04T16:21:27Z] RESULT_SUMMARY_START: scanning step logs for type=result JSON lines
[2026-05-04T16:21:47Z] RESULT_SUMMARY_END: resultsFound=37 path=./state/pipeline_all_script/k8s-bonifica/20260504T161429Z/results_summary.jsonl
[2026-05-04T16:21:47Z] RESULT_SUMMARY_JSONL_BEGIN
{"type":"result","script":"001_mongosh_count_IHUB_records.js","runId":"20260504T161429Z","stepId":1,"dbName":"hc40-index-bonifica","collection":"encounter","filter":{"_id":{"$gte":"Encounter/IHUB.","$lt":"Encounter/IHUB/"}},"count":61496,"ts":"2026-05-04T16:14:33.937Z"}
{"type":"result","script":"001b_mongosh_count_hc40_adt_records.js","runId":"20260504T161429Z","stepId":2,"dbName":"hc40-index-bonifica","collection":"encounter","filter":{"_id":{"$gte":"Encounter/HC40-ADT.","$lt":"Encounter/HC40-ADT/"}},"count":16474,"ts":"2026-05-04T16:14:35.317Z"}
{"type":"result","script":"002_0_export_ihub_latest_all.js","runId":"20260504T161429Z","stepId":3,"dbName":"hc40-index-bonifica","collection":"encounter","idPrefixStart":"Encounter/IHUB.","idPrefixEnd":"Encounter/IHUB/","outPath":"EXP/20260504T161429Z/002_encounter_IHUB_latest_all.jsonl","exported":61496,"ts":"2026-05-04T16:15:00.884Z"}
{"type":"result","script":"002_0b_export_hc40_adt_latest_all.js","runId":"20260504T161429Z","stepId":4,"dbName":"hc40-index-bonifica","collection":"encounter","idPrefixStart":"Encounter/HC40-ADT.","idPrefixEnd":"Encounter/HC40-ADT/","outPath":"EXP/20260504T161429Z/002_encounter_HC40_ADT_latest_all.jsonl","exported":16474,"ts":"2026-05-04T16:15:07.625Z"}
{"type":"result","script":"002_1_creazione_ihub_latest_all.js","runId":"20260504T161429Z","stepId":5,"dbName":"hc40-index-bonifica","collection":"encounter_IHUB_latest_all","filePath":"EXP/20260504T161429Z/002_encounter_IHUB_latest_all.jsonl","mode":"upsert","batch":1000,"imported":61496,"linesRead":61496,"skippedEmpty":0,"ts":"2026-05-04T16:15:18.178Z"}
{"type":"result","script":"002_1b_creazione_hc40_adt_latest_all.js","runId":"20260504T161429Z","stepId":6,"dbName":"hc40-index-bonifica","collection":"encounter_HC40_ADT_latest_all","filePath":"EXP/20260504T161429Z/002_encounter_HC40_ADT_latest_all.jsonl","mode":"upsert","batch":1000,"imported":16474,"linesRead":16474,"skippedEmpty":0,"ts":"2026-05-04T16:15:21.989Z"}
{"type":"result","script":"002_2_conteggio_ihub_latest_all.js","runId":"20260504T161429Z","stepId":7,"dbName":"hc40-index-bonifica","collection":"encounter_IHUB_latest_all","filter":{},"count":61496,"ts":"2026-05-04T16:15:23.126Z"}
{"type":"result","script":"002_2b_conteggio_hc40_adt_latest_all.js","runId":"20260504T161429Z","stepId":8,"dbName":"hc40-index-bonifica","collection":"encounter_HC40_ADT_latest_all","filter":{},"count":16474,"ts":"2026-05-04T16:15:24.204Z"}
{"type":"result","script":"003_mongosh_count_SIO_records.js","runId":"20260504T161429Z","stepId":9,"dbName":"hc40-index-bonifica","collection":"encounter","filter":{"_id":{"$gte":"Encounter/SIO.","$lt":"Encounter/SIO/"}},"count":77970,"ts":"2026-05-04T16:15:25.372Z"}
{"type":"result","script":"004_0_export_encounter_sio_all.js","runId":"20260504T161429Z","stepId":10,"dbName":"hc40-index-bonifica","collection":"encounter","idPrefixStart":"Encounter/SIO.","idPrefixEnd":"Encounter/SIO/","outDir":"EXP/20260504T161429Z","baseName":"encounter_SIO","chunkSize":500000,"pageSize":50000,"logEvery":100000,"statePath":"EXP/20260504T161429Z/encounter_SIO_state.json","exported":77970,"pages":3,"ts":"2026-05-04T16:15:41.557Z"}
{"type":"result","script":"004_1_import_encounter_sio_all.js","runId":"20260504T161429Z","stepId":11,"dbName":"hc40-index-bonifica","collection":"encounter_SIO_all","runDir":"EXP/20260504T161429Z","filesFound":1,"imported":77970,"ts":"2026-05-04T16:15:55.419Z"}
{"type":"result","script":"004_2_conteggio_encounter_sio_all.js","runId":"20260504T161429Z","stepId":12,"dbName":"hc40-index-bonifica","collection":"encounter_SIO_all","filter":{},"count":77970,"ts":"2026-05-04T16:15:56.546Z"}
{"type":"result","script":"005_create_sio_encounter_duplicate.js","runId":"20260504T161429Z","stepId":13,"dbName":"hc40-index-bonifica","srcIhubLatestAll":"encounter_IHUB_latest_all","srcSioAll":"encounter_SIO_all","ihubFlat":"encounter_IHUB_latest_flat","out":"sio_encounter_duplicate","dropBefore":true,"ihubFlatCount":61575,"outCount":61497,"ts":"2026-05-04T16:16:07.994Z"}
{"type":"result","script":"005b_create_sio_encounter_duplicate_hc40_adt.js","runId":"20260504T161429Z","stepId":14,"dbName":"hc40-index-bonifica","srcHc40AdtLatestAll":"encounter_HC40_ADT_latest_all","srcSioAll":"encounter_SIO_all","hc40AdtFlat":"encounter_HC40_ADT_latest_flat","out":"sio_encounter_duplicate_hc40_adt","dropBefore":true,"flatCount":19530,"outCount":16474,"ts":"2026-05-04T16:16:14.605Z"}
{"type":"result","script":"006_01_creazione_sio_to_ihub_map.js","runId":"20260504T161429Z","stepId":15,"dbName":"hc40-index-bonifica","srcColl":"sio_encounter_duplicate","mapColl":"sio_to_ihub_map","dryRun":false,"limitMap":0,"mapCount":61496,"ts":"2026-05-04T16:16:17.373Z"}
{"type":"result","script":"006_01b_creazione_sio_to_hc40_adt_map.js","runId":"20260504T161429Z","stepId":16,"dbName":"hc40-index-bonifica","srcColl":"sio_encounter_duplicate_hc40_adt","mapColl":"sio_to_hc40_adt_map","dryRun":false,"limitMap":0,"mapCount":16474,"ts":"2026-05-04T16:16:18.976Z"}
{"type":"result","script":"006_02_esportazione_su_file_sio_to_ihub_map.js","runId":"20260504T161429Z","stepId":17,"dbName":"hc40-index-bonifica","srcColl":"sio_to_ihub_map","limit":0,"outPath":"EXP/20260504T161429Z/sio_ihub_keys.js","constName":"SIO_IHUB_KEYS","exported":61496,"ts":"2026-05-04T16:16:24.885Z"}
{"type":"result","script":"006_02b1_esportazione_su_file_sio_to_hc40_adt_map.js","runId":"20260504T161429Z","stepId":18,"dbName":"hc40-index-bonifica","srcColl":"sio_to_hc40_adt_map","limit":0,"outPath":"EXP/20260504T161429Z/sio_hc40_adt_keys.js","constName":"SIO_HC40_ADT_KEYS","exported":16474,"ts":"2026-05-04T16:16:27.516Z"}
{"type":"result","script":"006_02b2_esportazione_su_file_sio_modified_id_hc40_adt_map.js","runId":"20260504T161429Z","stepId":19,"dbName":"hc40-index-bonifica","srcColl":"sio_to_hc40_adt_map","limit":0,"outPath":"EXP/20260504T161429Z/sio_modified_id_hc40_adt.js","constName":"SIO_MODIFIED_ID_HC40_ADT","exported":16474,"ts":"2026-05-04T16:16:30.316Z"}
{"type":"result","script":"006_02b_esportazione_su_file_sio_modified_id.js","runId":"20260504T161429Z","stepId":20,"dbName":"hc40-index-bonifica","srcColl":"sio_to_ihub_map","limit":0,"outPath":"EXP/20260504T161429Z/sio_modified_id.js","constName":"SIO_MODIFIED_ID","exported":61496,"ts":"2026-05-04T16:16:36.254Z"}
{"type":"result","script":"006_02b3_creazione_file_sio_ihub_hc40_adt_keys_map.js","runId":"20260504T161429Z","stepId":21,"dbName":"hc40-index-bonifica","ihubColl":"sio_to_ihub_map","hc40AdtColl":"sio_to_hc40_adt_map","limitIhub":0,"limitHc40Adt":0,"outPath":"EXP/20260504T161429Z/sio_ihub_hc40_adt_keys_map.js","constName":"SIO_IHUB_HC40_ADT_KEYS","stats":{"TOTAL_IHUB_ROWS_READ":61496,"TOTAL_HC40_ADT_ROWS_READ":16474,"TOTAL_VALID_IHUB_PAIRS":61496,"TOTAL_VALID_HC40_ADT_PAIRS":16474,"SKIPPED_NOT_STRING":0,"COLLISIONS_FOUND":0,"COLLISIONS_RESOLVED_TO_HC40":0,"COLLISIONS_RESOLVED_TO_IHUB":0},"exported":77970,"finalTargets":{"hc40Adt":16474,"ihub":61496},"ts":"2026-05-04T16:16:54.204Z"}
{"type":"result","script":"006_03_esportazione_su_file_prod_match_documentreference_by_keys_replace.js","runId":"20260504T161429Z","stepId":22,"dbName":"hc40-index-bonifica","expDir":"./EXP","outDir":"EXP/20260504T161429Z","outBase":"documentreference_impacted","outExt":".jsonl","logPath":"EXP/20260504T161429Z/documentreference_impacted.log","mapPath":"EXP/20260504T161429Z/sio_ihub_hc40_adt_keys_map.js","mapConstName":"SIO_IHUB_HC40_ADT_KEYS","globalStatePath":"EXP/20260504T161429Z/documentreference_impacted.chunks.state.json","debug":false,"debugDocId":null,"debugNoWrite":false,"mapChunkSize":1000,"batchSize":2000,"logEvery":1000,"matchName":"encounter:context.encounter.reference","hintName":"attribute_search.name_1_attribute_search.value_1__id_1","summary":{"totalPairs":77970,"chunkSize":1000,"chunkCount":78,"completedChunksBefore":[],"completedChunksAfter":[1,2,3,4,5,6,7,8,9,10,11,12,13,14,15,16,17,18,19,20,21,22,23,24,25,26,27,28,29,30,31,32,33,34,35,36,37,38,39,40,41,42,43,44,45,46,47,48,49,50,51,52,53,54,55,56,57,58,59,60,61,62,63,64,65,66,67,68,69,70,71,72,73,74,75,76,77,78],"totalExportedDocs":1283,"totalReplDirect":14764,"totalReplPipeSuffix":5792,"chunks":[{"chunkNo":1,"from":0,"to":999,"mapRows":1000,"outPath":"EXP/20260504T161429Z/documentreference_impacted_chunk0001.jsonl","statePath":"EXP/20260504T161429Z/documentreference_impacted_chunk0001.state.json","exported":1283,"replDirect":14764,"replPipeSuffix":5792,"completed":true,"skipped":false},{"chunkNo":2,"from":1000,"to":1999,"mapRows":1000,"outPath":"EXP/20260504T161429Z/documentreference_impacted_chunk0002.jsonl","statePath":"EXP/20260504T161429Z/documentreference_impacted_chunk0002.state.json","exported":0,"replDirect":0,"replPipeSuffix":0,"completed":true,"skipped":false},{"chunkNo":3,"from":2000,"to":2999,"mapRows":1000,"outPath":"EXP/20260504T161429Z/documentreference_impacted_chunk0003.jsonl","statePath":"EXP/20260504T161429Z/documentreference_impacted_chunk0003.state.json","exported":0,"replDirect":0,"replPipeSuffix":0,"completed":true,"skipped":false},{"chunkNo":4,"from":3000,"to":3999,"mapRows":1000,"outPath":"EXP/20260504T161429Z/documentreference_impacted_chunk0004.jsonl","statePath":"EXP/20260504T161429Z/documentreference_impacted_chunk0004.state.json","exported":0,"replDirect":0,"replPipeSuffix":0,"completed":true,"skipped":false},{"chunkNo":5,"from":4000,"to":4999,"mapRows":1000,"outPath":"EXP/20260504T161429Z/documentreference_impacted_chunk0005.jsonl","statePath":"EXP/20260504T161429Z/documentreference_impacted_chunk0005.state.json","exported":0,"replDirect":0,"replPipeSuffix":0,"completed":true,"skipped":false},{"chunkNo":6,"from":5000,"to":5999,"mapRows":1000,"outPath":"EXP/20260504T161429Z/documentreference_impacted_chunk0006.jsonl","statePath":"EXP/20260504T161429Z/documentreference_impacted_chunk0006.state.json","exported":0,"replDirect":0,"replPipeSuffix":0,"completed":true,"skipped":false},{"chunkNo":7,"from":6000,"to":6999,"mapRows":1000,"outPath":"EXP/20260504T161429Z/documentreference_impacted_chunk0007.jsonl","statePath":"EXP/20260504T161429Z/documentreference_impacted_chunk0007.state.json","exported":0,"replDirect":0,"replPipeSuffix":0,"completed":true,"skipped":false},{"chunkNo":8,"from":7000,"to":7999,"mapRows":1000,"outPath":"EXP/20260504T161429Z/documentreference_impacted_chunk0008.jsonl","statePath":"EXP/20260504T161429Z/documentreference_impacted_chunk0008.state.json","exported":0,"replDirect":0,"replPipeSuffix":0,"completed":true,"skipped":false},{"chunkNo":9,"from":8000,"to":8999,"mapRows":1000,"outPath":"EXP/20260504T161429Z/documentreference_impacted_chunk0009.jsonl","statePath":"EXP/20260504T161429Z/documentreference_impacted_chunk0009.state.json","exported":0,"replDirect":0,"replPipeSuffix":0,"completed":true,"skipped":false},{"chunkNo":10,"from":9000,"to":9999,"mapRows":1000,"outPath":"EXP/20260504T161429Z/documentreference_impacted_chunk0010.jsonl","statePath":"EXP/20260504T161429Z/documentreference_impacted_chunk0010.state.json","exported":0,"replDirect":0,"replPipeSuffix":0,"completed":true,"skipped":false},{"chunkNo":11,"from":10000,"to":10999,"mapRows":1000,"outPath":"EXP/20260504T161429Z/documentreference_impacted_chunk0011.jsonl","statePath":"EXP/20260504T161429Z/documentreference_impacted_chunk0011.state.json","exported":0,"replDirect":0,"replPipeSuffix":0,"completed":true,"skipped":false},{"chunkNo":12,"from":11000,"to":11999,"mapRows":1000,"outPath":"EXP/20260504T161429Z/documentreference_impacted_chunk0012.jsonl","statePath":"EXP/20260504T161429Z/documentreference_impacted_chunk0012.state.json","exported":0,"replDirect":0,"replPipeSuffix":0,"completed":true,"skipped":false},{"chunkNo":13,"from":12000,"to":12999,"mapRows":1000,"outPath":"EXP/20260504T161429Z/documentreference_impacted_chunk0013.jsonl","statePath":"EXP/20260504T161429Z/documentreference_impacted_chunk0013.state.json","exported":0,"replDirect":0,"replPipeSuffix":0,"completed":true,"skipped":false},{"chunkNo":14,"from":13000,"to":13999,"mapRows":1000,"outPath":"EXP/20260504T161429Z/documentreference_impacted_chunk0014.jsonl","statePath":"EXP/20260504T161429Z/documentreference_impacted_chunk0014.state.json","exported":0,"replDirect":0,"replPipeSuffix":0,"completed":true,"skipped":false},{"chunkNo":15,"from":14000,"to":14999,"mapRows":1000,"outPath":"EXP/20260504T161429Z/documentreference_impacted_chunk0015.jsonl","statePath":"EXP/20260504T161429Z/documentreference_impacted_chunk0015.state.json","exported":0,"replDirect":0,"replPipeSuffix":0,"completed":true,"skipped":false},{"chunkNo":16,"from":15000,"to":15999,"mapRows":1000,"outPath":"EXP/20260504T161429Z/documentreference_impacted_chunk0016.jsonl","statePath":"EXP/20260504T161429Z/documentreference_impacted_chunk0016.state.json","exported":0,"replDirect":0,"replPipeSuffix":0,"completed":true,"skipped":false},{"chunkNo":17,"from":16000,"to":16999,"mapRows":1000,"outPath":"EXP/20260504T161429Z/documentreference_impacted_chunk0017.jsonl","statePath":"EXP/20260504T161429Z/documentreference_impacted_chunk0017.state.json","exported":0,"replDirect":0,"replPipeSuffix":0,"completed":true,"skipped":false},{"chunkNo":18,"from":17000,"to":17999,"mapRows":1000,"outPath":"EXP/20260504T161429Z/documentreference_impacted_chunk0018.jsonl","statePath":"EXP/20260504T161429Z/documentreference_impacted_chunk0018.state.json","exported":0,"replDirect":0,"replPipeSuffix":0,"completed":true,"skipped":false},{"chunkNo":19,"from":18000,"to":18999,"mapRows":1000,"outPath":"EXP/20260504T161429Z/documentreference_impacted_chunk0019.jsonl","statePath":"EXP/20260504T161429Z/documentreference_impacted_chunk0019.state.json","exported":0,"replDirect":0,"replPipeSuffix":0,"completed":true,"skipped":false},{"chunkNo":20,"from":19000,"to":19999,"mapRows":1000,"outPath":"EXP/20260504T161429Z/documentreference_impacted_chunk0020.jsonl","statePath":"EXP/20260504T161429Z/documentreference_impacted_chunk0020.state.json","exported":0,"replDirect":0,"replPipeSuffix":0,"completed":true,"skipped":false},{"chunkNo":21,"from":20000,"to":20999,"mapRows":1000,"outPath":"EXP/20260504T161429Z/documentreference_impacted_chunk0021.jsonl","statePath":"EXP/20260504T161429Z/documentreference_impacted_chunk0021.state.json","exported":0,"replDirect":0,"replPipeSuffix":0,"completed":true,"skipped":false},{"chunkNo":22,"from":21000,"to":21999,"mapRows":1000,"outPath":"EXP/20260504T161429Z/documentreference_impacted_chunk0022.jsonl","statePath":"EXP/20260504T161429Z/documentreference_impacted_chunk0022.state.json","exported":0,"replDirect":0,"replPipeSuffix":0,"completed":true,"skipped":false},{"chunkNo":23,"from":22000,"to":22999,"mapRows":1000,"outPath":"EXP/20260504T161429Z/documentreference_impacted_chunk0023.jsonl","statePath":"EXP/20260504T161429Z/documentreference_impacted_chunk0023.state.json","exported":0,"replDirect":0,"replPipeSuffix":0,"completed":true,"skipped":false},{"chunkNo":24,"from":23000,"to":23999,"mapRows":1000,"outPath":"EXP/20260504T161429Z/documentreference_impacted_chunk0024.jsonl","statePath":"EXP/20260504T161429Z/documentreference_impacted_chunk0024.state.json","exported":0,"replDirect":0,"replPipeSuffix":0,"completed":true,"skipped":false},{"chunkNo":25,"from":24000,"to":24999,"mapRows":1000,"outPath":"EXP/20260504T161429Z/documentreference_impacted_chunk0025.jsonl","statePath":"EXP/20260504T161429Z/documentreference_impacted_chunk0025.state.json","exported":0,"replDirect":0,"replPipeSuffix":0,"completed":true,"skipped":false},{"chunkNo":26,"from":25000,"to":25999,"mapRows":1000,"outPath":"EXP/20260504T161429Z/documentreference_impacted_chunk0026.jsonl","statePath":"EXP/20260504T161429Z/documentreference_impacted_chunk0026.state.json","exported":0,"replDirect":0,"replPipeSuffix":0,"completed":true,"skipped":false},{"chunkNo":27,"from":26000,"to":26999,"mapRows":1000,"outPath":"EXP/20260504T161429Z/documentreference_impacted_chunk0027.jsonl","statePath":"EXP/20260504T161429Z/documentreference_impacted_chunk0027.state.json","exported":0,"replDirect":0,"replPipeSuffix":0,"completed":true,"skipped":false},{"chunkNo":28,"from":27000,"to":27999,"mapRows":1000,"outPath":"EXP/20260504T161429Z/documentreference_impacted_chunk0028.jsonl","statePath":"EXP/20260504T161429Z/documentreference_impacted_chunk0028.state.json","exported":0,"replDirect":0,"replPipeSuffix":0,"completed":true,"skipped":false},{"chunkNo":29,"from":28000,"to":28999,"mapRows":1000,"outPath":"EXP/20260504T161429Z/documentreference_impacted_chunk0029.jsonl","statePath":"EXP/20260504T161429Z/documentreference_impacted_chunk0029.state.json","exported":0,"replDirect":0,"replPipeSuffix":0,"completed":true,"skipped":false},{"chunkNo":30,"from":29000,"to":29999,"mapRows":1000,"outPath":"EXP/20260504T161429Z/documentreference_impacted_chunk0030.jsonl","statePath":"EXP/20260504T161429Z/documentreference_impacted_chunk0030.state.json","exported":0,"replDirect":0,"replPipeSuffix":0,"completed":true,"skipped":false},{"chunkNo":31,"from":30000,"to":30999,"mapRows":1000,"outPath":"EXP/20260504T161429Z/documentreference_impacted_chunk0031.jsonl","statePath":"EXP/20260504T161429Z/documentreference_impacted_chunk0031.state.json","exported":0,"replDirect":0,"replPipeSuffix":0,"completed":true,"skipped":false},{"chunkNo":32,"from":31000,"to":31999,"mapRows":1000,"outPath":"EXP/20260504T161429Z/documentreference_impacted_chunk0032.jsonl","statePath":"EXP/20260504T161429Z/documentreference_impacted_chunk0032.state.json","exported":0,"replDirect":0,"replPipeSuffix":0,"completed":true,"skipped":false},{"chunkNo":33,"from":32000,"to":32999,"mapRows":1000,"outPath":"EXP/20260504T161429Z/documentreference_impacted_chunk0033.jsonl","statePath":"EXP/20260504T161429Z/documentreference_impacted_chunk0033.state.json","exported":0,"replDirect":0,"replPipeSuffix":0,"completed":true,"skipped":false},{"chunkNo":34,"from":33000,"to":33999,"mapRows":1000,"outPath":"EXP/20260504T161429Z/documentreference_impacted_chunk0034.jsonl","statePath":"EXP/20260504T161429Z/documentreference_impacted_chunk0034.state.json","exported":0,"replDirect":0,"replPipeSuffix":0,"completed":true,"skipped":false},{"chunkNo":35,"from":34000,"to":34999,"mapRows":1000,"outPath":"EXP/20260504T161429Z/documentreference_impacted_chunk0035.jsonl","statePath":"EXP/20260504T161429Z/documentreference_impacted_chunk0035.state.json","exported":0,"replDirect":0,"replPipeSuffix":0,"completed":true,"skipped":false},{"chunkNo":36,"from":35000,"to":35999,"mapRows":1000,"outPath":"EXP/20260504T161429Z/documentreference_impacted_chunk0036.jsonl","statePath":"EXP/20260504T161429Z/documentreference_impacted_chunk0036.state.json","exported":0,"replDirect":0,"replPipeSuffix":0,"completed":true,"skipped":false},{"chunkNo":37,"from":36000,"to":36999,"mapRows":1000,"outPath":"EXP/20260504T161429Z/documentreference_impacted_chunk0037.jsonl","statePath":"EXP/20260504T161429Z/documentreference_impacted_chunk0037.state.json","exported":0,"replDirect":0,"replPipeSuffix":0,"completed":true,"skipped":false},{"chunkNo":38,"from":37000,"to":37999,"mapRows":1000,"outPath":"EXP/20260504T161429Z/documentreference_impacted_chunk0038.jsonl","statePath":"EXP/20260504T161429Z/documentreference_impacted_chunk0038.state.json","exported":0,"replDirect":0,"replPipeSuffix":0,"completed":true,"skipped":false},{"chunkNo":39,"from":38000,"to":38999,"mapRows":1000,"outPath":"EXP/20260504T161429Z/documentreference_impacted_chunk0039.jsonl","statePath":"EXP/20260504T161429Z/documentreference_impacted_chunk0039.state.json","exported":0,"replDirect":0,"replPipeSuffix":0,"completed":true,"skipped":false},{"chunkNo":40,"from":39000,"to":39999,"mapRows":1000,"outPath":"EXP/20260504T161429Z/documentreference_impacted_chunk0040.jsonl","statePath":"EXP/20260504T161429Z/documentreference_impacted_chunk0040.state.json","exported":0,"replDirect":0,"replPipeSuffix":0,"completed":true,"skipped":false},{"chunkNo":41,"from":40000,"to":40999,"mapRows":1000,"outPath":"EXP/20260504T161429Z/documentreference_impacted_chunk0041.jsonl","statePath":"EXP/20260504T161429Z/documentreference_impacted_chunk0041.state.json","exported":0,"replDirect":0,"replPipeSuffix":0,"completed":true,"skipped":false},{"chunkNo":42,"from":41000,"to":41999,"mapRows":1000,"outPath":"EXP/20260504T161429Z/documentreference_impacted_chunk0042.jsonl","statePath":"EXP/20260504T161429Z/documentreference_impacted_chunk0042.state.json","exported":0,"replDirect":0,"replPipeSuffix":0,"completed":true,"skipped":false},{"chunkNo":43,"from":42000,"to":42999,"mapRows":1000,"outPath":"EXP/20260504T161429Z/documentreference_impacted_chunk0043.jsonl","statePath":"EXP/20260504T161429Z/documentreference_impacted_chunk0043.state.json","exported":0,"replDirect":0,"replPipeSuffix":0,"completed":true,"skipped":false},{"chunkNo":44,"from":43000,"to":43999,"mapRows":1000,"outPath":"EXP/20260504T161429Z/documentreference_impacted_chunk0044.jsonl","statePath":"EXP/20260504T161429Z/documentreference_impacted_chunk0044.state.json","exported":0,"replDirect":0,"replPipeSuffix":0,"completed":true,"skipped":false},{"chunkNo":45,"from":44000,"to":44999,"mapRows":1000,"outPath":"EXP/20260504T161429Z/documentreference_impacted_chunk0045.jsonl","statePath":"EXP/20260504T161429Z/documentreference_impacted_chunk0045.state.json","exported":0,"replDirect":0,"replPipeSuffix":0,"completed":true,"skipped":false},{"chunkNo":46,"from":45000,"to":45999,"mapRows":1000,"outPath":"EXP/20260504T161429Z/documentreference_impacted_chunk0046.jsonl","statePath":"EXP/20260504T161429Z/documentreference_impacted_chunk0046.state.json","exported":0,"replDirect":0,"replPipeSuffix":0,"completed":true,"skipped":false},{"chunkNo":47,"from":46000,"to":46999,"mapRows":1000,"outPath":"EXP/20260504T161429Z/documentreference_impacted_chunk0047.jsonl","statePath":"EXP/20260504T161429Z/documentreference_impacted_chunk0047.state.json","exported":0,"replDirect":0,"replPipeSuffix":0,"completed":true,"skipped":false},{"chunkNo":48,"from":47000,"to":47999,"mapRows":1000,"outPath":"EXP/20260504T161429Z/documentreference_impacted_chunk0048.jsonl","statePath":"EXP/20260504T161429Z/documentreference_impacted_chunk0048.state.json","exported":0,"replDirect":0,"replPipeSuffix":0,"completed":true,"skipped":false},{"chunkNo":49,"from":48000,"to":48999,"mapRows":1000,"outPath":"EXP/20260504T161429Z/documentreference_impacted_chunk0049.jsonl","statePath":"EXP/20260504T161429Z/documentreference_impacted_chunk0049.state.json","exported":0,"replDirect":0,"replPipeSuffix":0,"completed":true,"skipped":false},{"chunkNo":50,"from":49000,"to":49999,"mapRows":1000,"outPath":"EXP/20260504T161429Z/documentreference_impacted_chunk0050.jsonl","statePath":"EXP/20260504T161429Z/documentreference_impacted_chunk0050.state.json","exported":0,"replDirect":0,"replPipeSuffix":0,"completed":true,"skipped":false},{"chunkNo":51,"from":50000,"to":50999,"mapRows":1000,"outPath":"EXP/20260504T161429Z/documentreference_impacted_chunk0051.jsonl","statePath":"EXP/20260504T161429Z/documentreference_impacted_chunk0051.state.json","exported":0,"replDirect":0,"replPipeSuffix":0,"completed":true,"skipped":false},{"chunkNo":52,"from":51000,"to":51999,"mapRows":1000,"outPath":"EXP/20260504T161429Z/documentreference_impacted_chunk0052.jsonl","statePath":"EXP/20260504T161429Z/documentreference_impacted_chunk0052.state.json","exported":0,"replDirect":0,"replPipeSuffix":0,"completed":true,"skipped":false},{"chunkNo":53,"from":52000,"to":52999,"mapRows":1000,"outPath":"EXP/20260504T161429Z/documentreference_impacted_chunk0053.jsonl","statePath":"EXP/20260504T161429Z/documentreference_impacted_chunk0053.state.json","exported":0,"replDirect":0,"replPipeSuffix":0,"completed":true,"skipped":false},{"chunkNo":54,"from":53000,"to":53999,"mapRows":1000,"outPath":"EXP/20260504T161429Z/documentreference_impacted_chunk0054.jsonl","statePath":"EXP/20260504T161429Z/documentreference_impacted_chunk0054.state.json","exported":0,"replDirect":0,"replPipeSuffix":0,"completed":true,"skipped":false},{"chunkNo":55,"from":54000,"to":54999,"mapRows":1000,"outPath":"EXP/20260504T161429Z/documentreference_impacted_chunk0055.jsonl","statePath":"EXP/20260504T161429Z/documentreference_impacted_chunk0055.state.json","exported":0,"replDirect":0,"replPipeSuffix":0,"completed":true,"skipped":false},{"chunkNo":56,"from":55000,"to":55999,"mapRows":1000,"outPath":"EXP/20260504T161429Z/documentreference_impacted_chunk0056.jsonl","statePath":"EXP/20260504T161429Z/documentreference_impacted_chunk0056.state.json","exported":0,"replDirect":0,"replPipeSuffix":0,"completed":true,"skipped":false},{"chunkNo":57,"from":56000,"to":56999,"mapRows":1000,"outPath":"EXP/20260504T161429Z/documentreference_impacted_chunk0057.jsonl","statePath":"EXP/20260504T161429Z/documentreference_impacted_chunk0057.state.json","exported":0,"replDirect":0,"replPipeSuffix":0,"completed":true,"skipped":false},{"chunkNo":58,"from":57000,"to":57999,"mapRows":1000,"outPath":"EXP/20260504T161429Z/documentreference_impacted_chunk0058.jsonl","statePath":"EXP/20260504T161429Z/documentreference_impacted_chunk0058.state.json","exported":0,"replDirect":0,"replPipeSuffix":0,"completed":true,"skipped":false},{"chunkNo":59,"from":58000,"to":58999,"mapRows":1000,"outPath":"EXP/20260504T161429Z/documentreference_impacted_chunk0059.jsonl","statePath":"EXP/20260504T161429Z/documentreference_impacted_chunk0059.state.json","exported":0,"replDirect":0,"replPipeSuffix":0,"completed":true,"skipped":false},{"chunkNo":60,"from":59000,"to":59999,"mapRows":1000,"outPath":"EXP/20260504T161429Z/documentreference_impacted_chunk0060.jsonl","statePath":"EXP/20260504T161429Z/documentreference_impacted_chunk0060.state.json","exported":0,"replDirect":0,"replPipeSuffix":0,"completed":true,"skipped":false},{"chunkNo":61,"from":60000,"to":60999,"mapRows":1000,"outPath":"EXP/20260504T161429Z/documentreference_impacted_chunk0061.jsonl","statePath":"EXP/20260504T161429Z/documentreference_impacted_chunk0061.state.json","exported":0,"replDirect":0,"replPipeSuffix":0,"completed":true,"skipped":false},{"chunkNo":62,"from":61000,"to":61999,"mapRows":1000,"outPath":"EXP/20260504T161429Z/documentreference_impacted_chunk0062.jsonl","statePath":"EXP/20260504T161429Z/documentreference_impacted_chunk0062.state.json","exported":0,"replDirect":0,"replPipeSuffix":0,"completed":true,"skipped":false},{"chunkNo":63,"from":62000,"to":62999,"mapRows":1000,"outPath":"EXP/20260504T161429Z/documentreference_impacted_chunk0063.jsonl","statePath":"EXP/20260504T161429Z/documentreference_impacted_chunk0063.state.json","exported":0,"replDirect":0,"replPipeSuffix":0,"completed":true,"skipped":false},{"chunkNo":64,"from":63000,"to":63999,"mapRows":1000,"outPath":"EXP/20260504T161429Z/documentreference_impacted_chunk0064.jsonl","statePath":"EXP/20260504T161429Z/documentreference_impacted_chunk0064.state.json","exported":0,"replDirect":0,"replPipeSuffix":0,"completed":true,"skipped":false},{"chunkNo":65,"from":64000,"to":64999,"mapRows":1000,"outPath":"EXP/20260504T161429Z/documentreference_impacted_chunk0065.jsonl","statePath":"EXP/20260504T161429Z/documentreference_impacted_chunk0065.state.json","exported":0,"replDirect":0,"replPipeSuffix":0,"completed":true,"skipped":false},{"chunkNo":66,"from":65000,"to":65999,"mapRows":1000,"outPath":"EXP/20260504T161429Z/documentreference_impacted_chunk0066.jsonl","statePath":"EXP/20260504T161429Z/documentreference_impacted_chunk0066.state.json","exported":0,"replDirect":0,"replPipeSuffix":0,"completed":true,"skipped":false},{"chunkNo":67,"from":66000,"to":66999,"mapRows":1000,"outPath":"EXP/20260504T161429Z/documentreference_impacted_chunk0067.jsonl","statePath":"EXP/20260504T161429Z/documentreference_impacted_chunk0067.state.json","exported":0,"replDirect":0,"replPipeSuffix":0,"completed":true,"skipped":false},{"chunkNo":68,"from":67000,"to":67999,"mapRows":1000,"outPath":"EXP/20260504T161429Z/documentreference_impacted_chunk0068.jsonl","statePath":"EXP/20260504T161429Z/documentreference_impacted_chunk0068.state.json","exported":0,"replDirect":0,"replPipeSuffix":0,"completed":true,"skipped":false},{"chunkNo":69,"from":68000,"to":68999,"mapRows":1000,"outPath":"EXP/20260504T161429Z/documentreference_impacted_chunk0069.jsonl","statePath":"EXP/20260504T161429Z/documentreference_impacted_chunk0069.state.json","exported":0,"replDirect":0,"replPipeSuffix":0,"completed":true,"skipped":false},{"chunkNo":70,"from":69000,"to":69999,"mapRows":1000,"outPath":"EXP/20260504T161429Z/documentreference_impacted_chunk0070.jsonl","statePath":"EXP/20260504T161429Z/documentreference_impacted_chunk0070.state.json","exported":0,"replDirect":0,"replPipeSuffix":0,"completed":true,"skipped":false},{"chunkNo":71,"from":70000,"to":70999,"mapRows":1000,"outPath":"EXP/20260504T161429Z/documentreference_impacted_chunk0071.jsonl","statePath":"EXP/20260504T161429Z/documentreference_impacted_chunk0071.state.json","exported":0,"replDirect":0,"replPipeSuffix":0,"completed":true,"skipped":false},{"chunkNo":72,"from":71000,"to":71999,"mapRows":1000,"outPath":"EXP/20260504T161429Z/documentreference_impacted_chunk0072.jsonl","statePath":"EXP/20260504T161429Z/documentreference_impacted_chunk0072.state.json","exported":0,"replDirect":0,"replPipeSuffix":0,"completed":true,"skipped":false},{"chunkNo":73,"from":72000,"to":72999,"mapRows":1000,"outPath":"EXP/20260504T161429Z/documentreference_impacted_chunk0073.jsonl","statePath":"EXP/20260504T161429Z/documentreference_impacted_chunk0073.state.json","exported":0,"replDirect":0,"replPipeSuffix":0,"completed":true,"skipped":false},{"chunkNo":74,"from":73000,"to":73999,"mapRows":1000,"outPath":"EXP/20260504T161429Z/documentreference_impacted_chunk0074.jsonl","statePath":"EXP/20260504T161429Z/documentreference_impacted_chunk0074.state.json","exported":0,"replDirect":0,"replPipeSuffix":0,"completed":true,"skipped":false},{"chunkNo":75,"from":74000,"to":74999,"mapRows":1000,"outPath":"EXP/20260504T161429Z/documentreference_impacted_chunk0075.jsonl","statePath":"EXP/20260504T161429Z/documentreference_impacted_chunk0075.state.json","exported":0,"replDirect":0,"replPipeSuffix":0,"completed":true,"skipped":false},{"chunkNo":76,"from":75000,"to":75999,"mapRows":1000,"outPath":"EXP/20260504T161429Z/documentreference_impacted_chunk0076.jsonl","statePath":"EXP/20260504T161429Z/documentreference_impacted_chunk0076.state.json","exported":0,"replDirect":0,"replPipeSuffix":0,"completed":true,"skipped":false},{"chunkNo":77,"from":76000,"to":76999,"mapRows":1000,"outPath":"EXP/20260504T161429Z/documentreference_impacted_chunk0077.jsonl","statePath":"EXP/20260504T161429Z/documentreference_impacted_chunk0077.state.json","exported":0,"replDirect":0,"replPipeSuffix":0,"completed":true,"skipped":false},{"chunkNo":78,"from":77000,"to":77969,"mapRows":970,"outPath":"EXP/20260504T161429Z/documentreference_impacted_chunk0078.jsonl","statePath":"EXP/20260504T161429Z/documentreference_impacted_chunk0078.state.json","exported":0,"replDirect":0,"replPipeSuffix":0,"completed":true,"skipped":false}]},"ts":"2026-05-04T16:17:10.353Z"}
{"type":"result","script":"006_03B_esportazione_su_file_prod_match_documentreference_by_keys_original.js","runId":"20260504T161429Z","stepId":23,"dbName":"hc40-index-bonifica","expDir":"./EXP","outDir":"EXP/20260504T161429Z","outBase":"documentreference_impacted_original","outExt":".jsonl","logPath":"EXP/20260504T161429Z/documentreference_impacted_original.log","mapPath":"EXP/20260504T161429Z/sio_ihub_hc40_adt_keys_map.js","mapConstName":"SIO_IHUB_HC40_ADT_KEYS","globalStatePath":"EXP/20260504T161429Z/documentreference_impacted_original.chunks.state.json","debug":false,"debugDocId":null,"debugNoWrite":false,"mapChunkSize":1000,"batchSize":2000,"logEvery":1000,"matchName":"encounter:context.encounter.reference","hintName":"attribute_search.name_1_attribute_search.value_1__id_1","summary":{"totalPairs":77970,"chunkSize":1000,"chunkCount":78,"completedChunksBefore":[],"completedChunksAfter":[1,2,3,4,5,6,7,8,9,10,11,12,13,14,15,16,17,18,19,20,21,22,23,24,25,26,27,28,29,30,31,32,33,34,35,36,37,38,39,40,41,42,43,44,45,46,47,48,49,50,51,52,53,54,55,56,57,58,59,60,61,62,63,64,65,66,67,68,69,70,71,72,73,74,75,76,77,78],"totalExportedDocs":1283,"chunks":[{"chunkNo":1,"from":0,"to":999,"mapRows":1000,"keys":1000,"badRows":0,"outPath":"EXP/20260504T161429Z/documentreference_impacted_original_chunk0001.jsonl","statePath":"EXP/20260504T161429Z/documentreference_impacted_original_chunk0001.state.json","exported":1283,"completed":true,"skipped":false},{"chunkNo":2,"from":1000,"to":1999,"mapRows":1000,"keys":1000,"badRows":0,"outPath":"EXP/20260504T161429Z/documentreference_impacted_original_chunk0002.jsonl","statePath":"EXP/20260504T161429Z/documentreference_impacted_original_chunk0002.state.json","exported":0,"completed":true,"skipped":false},{"chunkNo":3,"from":2000,"to":2999,"mapRows":1000,"keys":1000,"badRows":0,"outPath":"EXP/20260504T161429Z/documentreference_impacted_original_chunk0003.jsonl","statePath":"EXP/20260504T161429Z/documentreference_impacted_original_chunk0003.state.json","exported":0,"completed":true,"skipped":false},{"chunkNo":4,"from":3000,"to":3999,"mapRows":1000,"keys":1000,"badRows":0,"outPath":"EXP/20260504T161429Z/documentreference_impacted_original_chunk0004.jsonl","statePath":"EXP/20260504T161429Z/documentreference_impacted_original_chunk0004.state.json","exported":0,"completed":true,"skipped":false},{"chunkNo":5,"from":4000,"to":4999,"mapRows":1000,"keys":1000,"badRows":0,"outPath":"EXP/20260504T161429Z/documentreference_impacted_original_chunk0005.jsonl","statePath":"EXP/20260504T161429Z/documentreference_impacted_original_chunk0005.state.json","exported":0,"completed":true,"skipped":false},{"chunkNo":6,"from":5000,"to":5999,"mapRows":1000,"keys":1000,"badRows":0,"outPath":"EXP/20260504T161429Z/documentreference_impacted_original_chunk0006.jsonl","statePath":"EXP/20260504T161429Z/documentreference_impacted_original_chunk0006.state.json","exported":0,"completed":true,"skipped":false},{"chunkNo":7,"from":6000,"to":6999,"mapRows":1000,"keys":1000,"badRows":0,"outPath":"EXP/20260504T161429Z/documentreference_impacted_original_chunk0007.jsonl","statePath":"EXP/20260504T161429Z/documentreference_impacted_original_chunk0007.state.json","exported":0,"completed":true,"skipped":false},{"chunkNo":8,"from":7000,"to":7999,"mapRows":1000,"keys":1000,"badRows":0,"outPath":"EXP/20260504T161429Z/documentreference_impacted_original_chunk0008.jsonl","statePath":"EXP/20260504T161429Z/documentreference_impacted_original_chunk0008.state.json","exported":0,"completed":true,"skipped":false},{"chunkNo":9,"from":8000,"to":8999,"mapRows":1000,"keys":1000,"badRows":0,"outPath":"EXP/20260504T161429Z/documentreference_impacted_original_chunk0009.jsonl","statePath":"EXP/20260504T161429Z/documentreference_impacted_original_chunk0009.state.json","exported":0,"completed":true,"skipped":false},{"chunkNo":10,"from":9000,"to":9999,"mapRows":1000,"keys":1000,"badRows":0,"outPath":"EXP/20260504T161429Z/documentreference_impacted_original_chunk0010.jsonl","statePath":"EXP/20260504T161429Z/documentreference_impacted_original_chunk0010.state.json","exported":0,"completed":true,"skipped":false},{"chunkNo":11,"from":10000,"to":10999,"mapRows":1000,"keys":1000,"badRows":0,"outPath":"EXP/20260504T161429Z/documentreference_impacted_original_chunk0011.jsonl","statePath":"EXP/20260504T161429Z/documentreference_impacted_original_chunk0011.state.json","exported":0,"completed":true,"skipped":false},{"chunkNo":12,"from":11000,"to":11999,"mapRows":1000,"keys":1000,"badRows":0,"outPath":"EXP/20260504T161429Z/documentreference_impacted_original_chunk0012.jsonl","statePath":"EXP/20260504T161429Z/documentreference_impacted_original_chunk0012.state.json","exported":0,"completed":true,"skipped":false},{"chunkNo":13,"from":12000,"to":12999,"mapRows":1000,"keys":1000,"badRows":0,"outPath":"EXP/20260504T161429Z/documentreference_impacted_original_chunk0013.jsonl","statePath":"EXP/20260504T161429Z/documentreference_impacted_original_chunk0013.state.json","exported":0,"completed":true,"skipped":false},{"chunkNo":14,"from":13000,"to":13999,"mapRows":1000,"keys":1000,"badRows":0,"outPath":"EXP/20260504T161429Z/documentreference_impacted_original_chunk0014.jsonl","statePath":"EXP/20260504T161429Z/documentreference_impacted_original_chunk0014.state.json","exported":0,"completed":true,"skipped":false},{"chunkNo":15,"from":14000,"to":14999,"mapRows":1000,"keys":1000,"badRows":0,"outPath":"EXP/20260504T161429Z/documentreference_impacted_original_chunk0015.jsonl","statePath":"EXP/20260504T161429Z/documentreference_impacted_original_chunk0015.state.json","exported":0,"completed":true,"skipped":false},{"chunkNo":16,"from":15000,"to":15999,"mapRows":1000,"keys":1000,"badRows":0,"outPath":"EXP/20260504T161429Z/documentreference_impacted_original_chunk0016.jsonl","statePath":"EXP/20260504T161429Z/documentreference_impacted_original_chunk0016.state.json","exported":0,"completed":true,"skipped":false},{"chunkNo":17,"from":16000,"to":16999,"mapRows":1000,"keys":1000,"badRows":0,"outPath":"EXP/20260504T161429Z/documentreference_impacted_original_chunk0017.jsonl","statePath":"EXP/20260504T161429Z/documentreference_impacted_original_chunk0017.state.json","exported":0,"completed":true,"skipped":false},{"chunkNo":18,"from":17000,"to":17999,"mapRows":1000,"keys":1000,"badRows":0,"outPath":"EXP/20260504T161429Z/documentreference_impacted_original_chunk0018.jsonl","statePath":"EXP/20260504T161429Z/documentreference_impacted_original_chunk0018.state.json","exported":0,"completed":true,"skipped":false},{"chunkNo":19,"from":18000,"to":18999,"mapRows":1000,"keys":1000,"badRows":0,"outPath":"EXP/20260504T161429Z/documentreference_impacted_original_chunk0019.jsonl","statePath":"EXP/20260504T161429Z/documentreference_impacted_original_chunk0019.state.json","exported":0,"completed":true,"skipped":false},{"chunkNo":20,"from":19000,"to":19999,"mapRows":1000,"keys":1000,"badRows":0,"outPath":"EXP/20260504T161429Z/documentreference_impacted_original_chunk0020.jsonl","statePath":"EXP/20260504T161429Z/documentreference_impacted_original_chunk0020.state.json","exported":0,"completed":true,"skipped":false},{"chunkNo":21,"from":20000,"to":20999,"mapRows":1000,"keys":1000,"badRows":0,"outPath":"EXP/20260504T161429Z/documentreference_impacted_original_chunk0021.jsonl","statePath":"EXP/20260504T161429Z/documentreference_impacted_original_chunk0021.state.json","exported":0,"completed":true,"skipped":false},{"chunkNo":22,"from":21000,"to":21999,"mapRows":1000,"keys":1000,"badRows":0,"outPath":"EXP/20260504T161429Z/documentreference_impacted_original_chunk0022.jsonl","statePath":"EXP/20260504T161429Z/documentreference_impacted_original_chunk0022.state.json","exported":0,"completed":true,"skipped":false},{"chunkNo":23,"from":22000,"to":22999,"mapRows":1000,"keys":1000,"badRows":0,"outPath":"EXP/20260504T161429Z/documentreference_impacted_original_chunk0023.jsonl","statePath":"EXP/20260504T161429Z/documentreference_impacted_original_chunk0023.state.json","exported":0,"completed":true,"skipped":false},{"chunkNo":24,"from":23000,"to":23999,"mapRows":1000,"keys":1000,"badRows":0,"outPath":"EXP/20260504T161429Z/documentreference_impacted_original_chunk0024.jsonl","statePath":"EXP/20260504T161429Z/documentreference_impacted_original_chunk0024.state.json","exported":0,"completed":true,"skipped":false},{"chunkNo":25,"from":24000,"to":24999,"mapRows":1000,"keys":1000,"badRows":0,"outPath":"EXP/20260504T161429Z/documentreference_impacted_original_chunk0025.jsonl","statePath":"EXP/20260504T161429Z/documentreference_impacted_original_chunk0025.state.json","exported":0,"completed":true,"skipped":false},{"chunkNo":26,"from":25000,"to":25999,"mapRows":1000,"keys":1000,"badRows":0,"outPath":"EXP/20260504T161429Z/documentreference_impacted_original_chunk0026.jsonl","statePath":"EXP/20260504T161429Z/documentreference_impacted_original_chunk0026.state.json","exported":0,"completed":true,"skipped":false},{"chunkNo":27,"from":26000,"to":26999,"mapRows":1000,"keys":1000,"badRows":0,"outPath":"EXP/20260504T161429Z/documentreference_impacted_original_chunk0027.jsonl","statePath":"EXP/20260504T161429Z/documentreference_impacted_original_chunk0027.state.json","exported":0,"completed":true,"skipped":false},{"chunkNo":28,"from":27000,"to":27999,"mapRows":1000,"keys":1000,"badRows":0,"outPath":"EXP/20260504T161429Z/documentreference_impacted_original_chunk0028.jsonl","statePath":"EXP/20260504T161429Z/documentreference_impacted_original_chunk0028.state.json","exported":0,"completed":true,"skipped":false},{"chunkNo":29,"from":28000,"to":28999,"mapRows":1000,"keys":1000,"badRows":0,"outPath":"EXP/20260504T161429Z/documentreference_impacted_original_chunk0029.jsonl","statePath":"EXP/20260504T161429Z/documentreference_impacted_original_chunk0029.state.json","exported":0,"completed":true,"skipped":false},{"chunkNo":30,"from":29000,"to":29999,"mapRows":1000,"keys":1000,"badRows":0,"outPath":"EXP/20260504T161429Z/documentreference_impacted_original_chunk0030.jsonl","statePath":"EXP/20260504T161429Z/documentreference_impacted_original_chunk0030.state.json","exported":0,"completed":true,"skipped":false},{"chunkNo":31,"from":30000,"to":30999,"mapRows":1000,"keys":1000,"badRows":0,"outPath":"EXP/20260504T161429Z/documentreference_impacted_original_chunk0031.jsonl","statePath":"EXP/20260504T161429Z/documentreference_impacted_original_chunk0031.state.json","exported":0,"completed":true,"skipped":false},{"chunkNo":32,"from":31000,"to":31999,"mapRows":1000,"keys":1000,"badRows":0,"outPath":"EXP/20260504T161429Z/documentreference_impacted_original_chunk0032.jsonl","statePath":"EXP/20260504T161429Z/documentreference_impacted_original_chunk0032.state.json","exported":0,"completed":true,"skipped":false},{"chunkNo":33,"from":32000,"to":32999,"mapRows":1000,"keys":1000,"badRows":0,"outPath":"EXP/20260504T161429Z/documentreference_impacted_original_chunk0033.jsonl","statePath":"EXP/20260504T161429Z/documentreference_impacted_original_chunk0033.state.json","exported":0,"completed":true,"skipped":false},{"chunkNo":34,"from":33000,"to":33999,"mapRows":1000,"keys":1000,"badRows":0,"outPath":"EXP/20260504T161429Z/documentreference_impacted_original_chunk0034.jsonl","statePath":"EXP/20260504T161429Z/documentreference_impacted_original_chunk0034.state.json","exported":0,"completed":true,"skipped":false},{"chunkNo":35,"from":34000,"to":34999,"mapRows":1000,"keys":1000,"badRows":0,"outPath":"EXP/20260504T161429Z/documentreference_impacted_original_chunk0035.jsonl","statePath":"EXP/20260504T161429Z/documentreference_impacted_original_chunk0035.state.json","exported":0,"completed":true,"skipped":false},{"chunkNo":36,"from":35000,"to":35999,"mapRows":1000,"keys":1000,"badRows":0,"outPath":"EXP/20260504T161429Z/documentreference_impacted_original_chunk0036.jsonl","statePath":"EXP/20260504T161429Z/documentreference_impacted_original_chunk0036.state.json","exported":0,"completed":true,"skipped":false},{"chunkNo":37,"from":36000,"to":36999,"mapRows":1000,"keys":1000,"badRows":0,"outPath":"EXP/20260504T161429Z/documentreference_impacted_original_chunk0037.jsonl","statePath":"EXP/20260504T161429Z/documentreference_impacted_original_chunk0037.state.json","exported":0,"completed":true,"skipped":false},{"chunkNo":38,"from":37000,"to":37999,"mapRows":1000,"keys":1000,"badRows":0,"outPath":"EXP/20260504T161429Z/documentreference_impacted_original_chunk0038.jsonl","statePath":"EXP/20260504T161429Z/documentreference_impacted_original_chunk0038.state.json","exported":0,"completed":true,"skipped":false},{"chunkNo":39,"from":38000,"to":38999,"mapRows":1000,"keys":1000,"badRows":0,"outPath":"EXP/20260504T161429Z/documentreference_impacted_original_chunk0039.jsonl","statePath":"EXP/20260504T161429Z/documentreference_impacted_original_chunk0039.state.json","exported":0,"completed":true,"skipped":false},{"chunkNo":40,"from":39000,"to":39999,"mapRows":1000,"keys":1000,"badRows":0,"outPath":"EXP/20260504T161429Z/documentreference_impacted_original_chunk0040.jsonl","statePath":"EXP/20260504T161429Z/documentreference_impacted_original_chunk0040.state.json","exported":0,"completed":true,"skipped":false},{"chunkNo":41,"from":40000,"to":40999,"mapRows":1000,"keys":1000,"badRows":0,"outPath":"EXP/20260504T161429Z/documentreference_impacted_original_chunk0041.jsonl","statePath":"EXP/20260504T161429Z/documentreference_impacted_original_chunk0041.state.json","exported":0,"completed":true,"skipped":false},{"chunkNo":42,"from":41000,"to":41999,"mapRows":1000,"keys":1000,"badRows":0,"outPath":"EXP/20260504T161429Z/documentreference_impacted_original_chunk0042.jsonl","statePath":"EXP/20260504T161429Z/documentreference_impacted_original_chunk0042.state.json","exported":0,"completed":true,"skipped":false},{"chunkNo":43,"from":42000,"to":42999,"mapRows":1000,"keys":1000,"badRows":0,"outPath":"EXP/20260504T161429Z/documentreference_impacted_original_chunk0043.jsonl","statePath":"EXP/20260504T161429Z/documentreference_impacted_original_chunk0043.state.json","exported":0,"completed":true,"skipped":false},{"chunkNo":44,"from":43000,"to":43999,"mapRows":1000,"keys":1000,"badRows":0,"outPath":"EXP/20260504T161429Z/documentreference_impacted_original_chunk0044.jsonl","statePath":"EXP/20260504T161429Z/documentreference_impacted_original_chunk0044.state.json","exported":0,"completed":true,"skipped":false},{"chunkNo":45,"from":44000,"to":44999,"mapRows":1000,"keys":1000,"badRows":0,"outPath":"EXP/20260504T161429Z/documentreference_impacted_original_chunk0045.jsonl","statePath":"EXP/20260504T161429Z/documentreference_impacted_original_chunk0045.state.json","exported":0,"completed":true,"skipped":false},{"chunkNo":46,"from":45000,"to":45999,"mapRows":1000,"keys":1000,"badRows":0,"outPath":"EXP/20260504T161429Z/documentreference_impacted_original_chunk0046.jsonl","statePath":"EXP/20260504T161429Z/documentreference_impacted_original_chunk0046.state.json","exported":0,"completed":true,"skipped":false},{"chunkNo":47,"from":46000,"to":46999,"mapRows":1000,"keys":1000,"badRows":0,"outPath":"EXP/20260504T161429Z/documentreference_impacted_original_chunk0047.jsonl","statePath":"EXP/20260504T161429Z/documentreference_impacted_original_chunk0047.state.json","exported":0,"completed":true,"skipped":false},{"chunkNo":48,"from":47000,"to":47999,"mapRows":1000,"keys":1000,"badRows":0,"outPath":"EXP/20260504T161429Z/documentreference_impacted_original_chunk0048.jsonl","statePath":"EXP/20260504T161429Z/documentreference_impacted_original_chunk0048.state.json","exported":0,"completed":true,"skipped":false},{"chunkNo":49,"from":48000,"to":48999,"mapRows":1000,"keys":1000,"badRows":0,"outPath":"EXP/20260504T161429Z/documentreference_impacted_original_chunk0049.jsonl","statePath":"EXP/20260504T161429Z/documentreference_impacted_original_chunk0049.state.json","exported":0,"completed":true,"skipped":false},{"chunkNo":50,"from":49000,"to":49999,"mapRows":1000,"keys":1000,"badRows":0,"outPath":"EXP/20260504T161429Z/documentreference_impacted_original_chunk0050.jsonl","statePath":"EXP/20260504T161429Z/documentreference_impacted_original_chunk0050.state.json","exported":0,"completed":true,"skipped":false},{"chunkNo":51,"from":50000,"to":50999,"mapRows":1000,"keys":1000,"badRows":0,"outPath":"EXP/20260504T161429Z/documentreference_impacted_original_chunk0051.jsonl","statePath":"EXP/20260504T161429Z/documentreference_impacted_original_chunk0051.state.json","exported":0,"completed":true,"skipped":false},{"chunkNo":52,"from":51000,"to":51999,"mapRows":1000,"keys":1000,"badRows":0,"outPath":"EXP/20260504T161429Z/documentreference_impacted_original_chunk0052.jsonl","statePath":"EXP/20260504T161429Z/documentreference_impacted_original_chunk0052.state.json","exported":0,"completed":true,"skipped":false},{"chunkNo":53,"from":52000,"to":52999,"mapRows":1000,"keys":1000,"badRows":0,"outPath":"EXP/20260504T161429Z/documentreference_impacted_original_chunk0053.jsonl","statePath":"EXP/20260504T161429Z/documentreference_impacted_original_chunk0053.state.json","exported":0,"completed":true,"skipped":false},{"chunkNo":54,"from":53000,"to":53999,"mapRows":1000,"keys":1000,"badRows":0,"outPath":"EXP/20260504T161429Z/documentreference_impacted_original_chunk0054.jsonl","statePath":"EXP/20260504T161429Z/documentreference_impacted_original_chunk0054.state.json","exported":0,"completed":true,"skipped":false},{"chunkNo":55,"from":54000,"to":54999,"mapRows":1000,"keys":1000,"badRows":0,"outPath":"EXP/20260504T161429Z/documentreference_impacted_original_chunk0055.jsonl","statePath":"EXP/20260504T161429Z/documentreference_impacted_original_chunk0055.state.json","exported":0,"completed":true,"skipped":false},{"chunkNo":56,"from":55000,"to":55999,"mapRows":1000,"keys":1000,"badRows":0,"outPath":"EXP/20260504T161429Z/documentreference_impacted_original_chunk0056.jsonl","statePath":"EXP/20260504T161429Z/documentreference_impacted_original_chunk0056.state.json","exported":0,"completed":true,"skipped":false},{"chunkNo":57,"from":56000,"to":56999,"mapRows":1000,"keys":1000,"badRows":0,"outPath":"EXP/20260504T161429Z/documentreference_impacted_original_chunk0057.jsonl","statePath":"EXP/20260504T161429Z/documentreference_impacted_original_chunk0057.state.json","exported":0,"completed":true,"skipped":false},{"chunkNo":58,"from":57000,"to":57999,"mapRows":1000,"keys":1000,"badRows":0,"outPath":"EXP/20260504T161429Z/documentreference_impacted_original_chunk0058.jsonl","statePath":"EXP/20260504T161429Z/documentreference_impacted_original_chunk0058.state.json","exported":0,"completed":true,"skipped":false},{"chunkNo":59,"from":58000,"to":58999,"mapRows":1000,"keys":1000,"badRows":0,"outPath":"EXP/20260504T161429Z/documentreference_impacted_original_chunk0059.jsonl","statePath":"EXP/20260504T161429Z/documentreference_impacted_original_chunk0059.state.json","exported":0,"completed":true,"skipped":false},{"chunkNo":60,"from":59000,"to":59999,"mapRows":1000,"keys":1000,"badRows":0,"outPath":"EXP/20260504T161429Z/documentreference_impacted_original_chunk0060.jsonl","statePath":"EXP/20260504T161429Z/documentreference_impacted_original_chunk0060.state.json","exported":0,"completed":true,"skipped":false},{"chunkNo":61,"from":60000,"to":60999,"mapRows":1000,"keys":1000,"badRows":0,"outPath":"EXP/20260504T161429Z/documentreference_impacted_original_chunk0061.jsonl","statePath":"EXP/20260504T161429Z/documentreference_impacted_original_chunk0061.state.json","exported":0,"completed":true,"skipped":false},{"chunkNo":62,"from":61000,"to":61999,"mapRows":1000,"keys":1000,"badRows":0,"outPath":"EXP/20260504T161429Z/documentreference_impacted_original_chunk0062.jsonl","statePath":"EXP/20260504T161429Z/documentreference_impacted_original_chunk0062.state.json","exported":0,"completed":true,"skipped":false},{"chunkNo":63,"from":62000,"to":62999,"mapRows":1000,"keys":1000,"badRows":0,"outPath":"EXP/20260504T161429Z/documentreference_impacted_original_chunk0063.jsonl","statePath":"EXP/20260504T161429Z/documentreference_impacted_original_chunk0063.state.json","exported":0,"completed":true,"skipped":false},{"chunkNo":64,"from":63000,"to":63999,"mapRows":1000,"keys":1000,"badRows":0,"outPath":"EXP/20260504T161429Z/documentreference_impacted_original_chunk0064.jsonl","statePath":"EXP/20260504T161429Z/documentreference_impacted_original_chunk0064.state.json","exported":0,"completed":true,"skipped":false},{"chunkNo":65,"from":64000,"to":64999,"mapRows":1000,"keys":1000,"badRows":0,"outPath":"EXP/20260504T161429Z/documentreference_impacted_original_chunk0065.jsonl","statePath":"EXP/20260504T161429Z/documentreference_impacted_original_chunk0065.state.json","exported":0,"completed":true,"skipped":false},{"chunkNo":66,"from":65000,"to":65999,"mapRows":1000,"keys":1000,"badRows":0,"outPath":"EXP/20260504T161429Z/documentreference_impacted_original_chunk0066.jsonl","statePath":"EXP/20260504T161429Z/documentreference_impacted_original_chunk0066.state.json","exported":0,"completed":true,"skipped":false},{"chunkNo":67,"from":66000,"to":66999,"mapRows":1000,"keys":1000,"badRows":0,"outPath":"EXP/20260504T161429Z/documentreference_impacted_original_chunk0067.jsonl","statePath":"EXP/20260504T161429Z/documentreference_impacted_original_chunk0067.state.json","exported":0,"completed":true,"skipped":false},{"chunkNo":68,"from":67000,"to":67999,"mapRows":1000,"keys":1000,"badRows":0,"outPath":"EXP/20260504T161429Z/documentreference_impacted_original_chunk0068.jsonl","statePath":"EXP/20260504T161429Z/documentreference_impacted_original_chunk0068.state.json","exported":0,"completed":true,"skipped":false},{"chunkNo":69,"from":68000,"to":68999,"mapRows":1000,"keys":1000,"badRows":0,"outPath":"EXP/20260504T161429Z/documentreference_impacted_original_chunk0069.jsonl","statePath":"EXP/20260504T161429Z/documentreference_impacted_original_chunk0069.state.json","exported":0,"completed":true,"skipped":false},{"chunkNo":70,"from":69000,"to":69999,"mapRows":1000,"keys":1000,"badRows":0,"outPath":"EXP/20260504T161429Z/documentreference_impacted_original_chunk0070.jsonl","statePath":"EXP/20260504T161429Z/documentreference_impacted_original_chunk0070.state.json","exported":0,"completed":true,"skipped":false},{"chunkNo":71,"from":70000,"to":70999,"mapRows":1000,"keys":1000,"badRows":0,"outPath":"EXP/20260504T161429Z/documentreference_impacted_original_chunk0071.jsonl","statePath":"EXP/20260504T161429Z/documentreference_impacted_original_chunk0071.state.json","exported":0,"completed":true,"skipped":false},{"chunkNo":72,"from":71000,"to":71999,"mapRows":1000,"keys":1000,"badRows":0,"outPath":"EXP/20260504T161429Z/documentreference_impacted_original_chunk0072.jsonl","statePath":"EXP/20260504T161429Z/documentreference_impacted_original_chunk0072.state.json","exported":0,"completed":true,"skipped":false},{"chunkNo":73,"from":72000,"to":72999,"mapRows":1000,"keys":1000,"badRows":0,"outPath":"EXP/20260504T161429Z/documentreference_impacted_original_chunk0073.jsonl","statePath":"EXP/20260504T161429Z/documentreference_impacted_original_chunk0073.state.json","exported":0,"completed":true,"skipped":false},{"chunkNo":74,"from":73000,"to":73999,"mapRows":1000,"keys":1000,"badRows":0,"outPath":"EXP/20260504T161429Z/documentreference_impacted_original_chunk0074.jsonl","statePath":"EXP/20260504T161429Z/documentreference_impacted_original_chunk0074.state.json","exported":0,"completed":true,"skipped":false},{"chunkNo":75,"from":74000,"to":74999,"mapRows":1000,"keys":1000,"badRows":0,"outPath":"EXP/20260504T161429Z/documentreference_impacted_original_chunk0075.jsonl","statePath":"EXP/20260504T161429Z/documentreference_impacted_original_chunk0075.state.json","exported":0,"completed":true,"skipped":false},{"chunkNo":76,"from":75000,"to":75999,"mapRows":1000,"keys":1000,"badRows":0,"outPath":"EXP/20260504T161429Z/documentreference_impacted_original_chunk0076.jsonl","statePath":"EXP/20260504T161429Z/documentreference_impacted_original_chunk0076.state.json","exported":0,"completed":true,"skipped":false},{"chunkNo":77,"from":76000,"to":76999,"mapRows":1000,"keys":1000,"badRows":0,"outPath":"EXP/20260504T161429Z/documentreference_impacted_original_chunk0077.jsonl","statePath":"EXP/20260504T161429Z/documentreference_impacted_original_chunk0077.state.json","exported":0,"completed":true,"skipped":false},{"chunkNo":78,"from":77000,"to":77969,"mapRows":970,"keys":970,"badRows":0,"outPath":"EXP/20260504T161429Z/documentreference_impacted_original_chunk0078.jsonl","statePath":"EXP/20260504T161429Z/documentreference_impacted_original_chunk0078.state.json","exported":0,"completed":true,"skipped":false}]},"ts":"2026-05-04T16:17:19.850Z"}
{"type":"result","script":"006_04_importazione_prod_match_documentreference_by_keys_replace_client_side.js","runId":"20260504T161429Z","stepId":24,"dbName":"hc40-index-bonifica","inDir":"EXP/20260504T161429Z","filePrefix":"documentreference_impacted_chunk","fileSuffix":".jsonl","maxFiles":0,"collection":"documentreference_impacted_modified","mode":"insert","batch":1000,"dropBefore":true,"totals":{"files":78,"totalLines":1283,"emptyLines":0,"parsedDocs":1283,"bulks":2,"opsExecuted":1283,"inserted":1283,"upserted":0,"modified":0},"finalCollCount":1283,"ts":"2026-05-04T16:17:25.167Z"}
{"type":"result","script":"006_04B_importazione_prod_match_documentreference_by_keys_original.js","runId":"20260504T161429Z","stepId":25,"dbName":"hc40-index-bonifica","inDir":"EXP/20260504T161429Z","filePrefix":"documentreference_impacted_original_chunk","fileSuffix":".jsonl","maxFiles":0,"collection":"documentreference_impacted_original","mode":"insert","batch":1000,"dropBefore":true,"totals":{"files":78,"totalLines":1283,"emptyLines":0,"parsedDocs":1283,"bulks":2,"opsExecuted":1283,"inserted":1283,"upserted":0,"modified":0},"finalCollCount":1283,"ts":"2026-05-04T16:17:30.980Z"}
{"type":"result","script":"016_03_esportazione_su_file_prod_match_servicerequest_by_keys_replace.js","runId":"20260504T161429Z","stepId":31,"dbName":"hc40-index-bonifica","expDir":"./EXP","outDir":"EXP/20260504T161429Z","outBase":"servicerequest_impacted","outExt":".jsonl","logPath":"EXP/20260504T161429Z/servicerequest_impacted.log","mapPath":"EXP/20260504T161429Z/sio_ihub_hc40_adt_keys_map.js","mapConstName":"SIO_IHUB_HC40_ADT_KEYS","globalStatePath":"EXP/20260504T161429Z/servicerequest_impacted.chunks.state.json","debug":false,"debugDocId":null,"debugNoWrite":false,"mapChunkSize":1000,"batchSize":2000,"logEvery":1000,"matchName":"encounter:encounter.reference","hintName":"attribute_search.name_1_attribute_search.value_1__id_1","summary":{"totalPairs":77970,"chunkSize":1000,"chunkCount":78,"completedChunksBefore":[],"completedChunksAfter":[1,2,3,4,5,6,7,8,9,10,11,12,13,14,15,16,17,18,19,20,21,22,23,24,25,26,27,28,29,30,31,32,33,34,35,36,37,38,39,40,41,42,43,44,45,46,47,48,49,50,51,52,53,54,55,56,57,58,59,60,61,62,63,64,65,66,67,68,69,70,71,72,73,74,75,76,77,78],"totalExportedDocs":2252,"totalReplDirect":29353,"totalReplPipeSuffix":15310,"chunks":[{"chunkNo":1,"from":0,"to":999,"mapRows":1000,"outPath":"EXP/20260504T161429Z/servicerequest_impacted_chunk0001.jsonl","statePath":"EXP/20260504T161429Z/servicerequest_impacted_chunk0001.state.json","exported":2252,"replDirect":29353,"replPipeSuffix":15310,"completed":true,"skipped":false},{"chunkNo":2,"from":1000,"to":1999,"mapRows":1000,"outPath":"EXP/20260504T161429Z/servicerequest_impacted_chunk0002.jsonl","statePath":"EXP/20260504T161429Z/servicerequest_impacted_chunk0002.state.json","exported":0,"replDirect":0,"replPipeSuffix":0,"completed":true,"skipped":false},{"chunkNo":3,"from":2000,"to":2999,"mapRows":1000,"outPath":"EXP/20260504T161429Z/servicerequest_impacted_chunk0003.jsonl","statePath":"EXP/20260504T161429Z/servicerequest_impacted_chunk0003.state.json","exported":0,"replDirect":0,"replPipeSuffix":0,"completed":true,"skipped":false},{"chunkNo":4,"from":3000,"to":3999,"mapRows":1000,"outPath":"EXP/20260504T161429Z/servicerequest_impacted_chunk0004.jsonl","statePath":"EXP/20260504T161429Z/servicerequest_impacted_chunk0004.state.json","exported":0,"replDirect":0,"replPipeSuffix":0,"completed":true,"skipped":false},{"chunkNo":5,"from":4000,"to":4999,"mapRows":1000,"outPath":"EXP/20260504T161429Z/servicerequest_impacted_chunk0005.jsonl","statePath":"EXP/20260504T161429Z/servicerequest_impacted_chunk0005.state.json","exported":0,"replDirect":0,"replPipeSuffix":0,"completed":true,"skipped":false},{"chunkNo":6,"from":5000,"to":5999,"mapRows":1000,"outPath":"EXP/20260504T161429Z/servicerequest_impacted_chunk0006.jsonl","statePath":"EXP/20260504T161429Z/servicerequest_impacted_chunk0006.state.json","exported":0,"replDirect":0,"replPipeSuffix":0,"completed":true,"skipped":false},{"chunkNo":7,"from":6000,"to":6999,"mapRows":1000,"outPath":"EXP/20260504T161429Z/servicerequest_impacted_chunk0007.jsonl","statePath":"EXP/20260504T161429Z/servicerequest_impacted_chunk0007.state.json","exported":0,"replDirect":0,"replPipeSuffix":0,"completed":true,"skipped":false},{"chunkNo":8,"from":7000,"to":7999,"mapRows":1000,"outPath":"EXP/20260504T161429Z/servicerequest_impacted_chunk0008.jsonl","statePath":"EXP/20260504T161429Z/servicerequest_impacted_chunk0008.state.json","exported":0,"replDirect":0,"replPipeSuffix":0,"completed":true,"skipped":false},{"chunkNo":9,"from":8000,"to":8999,"mapRows":1000,"outPath":"EXP/20260504T161429Z/servicerequest_impacted_chunk0009.jsonl","statePath":"EXP/20260504T161429Z/servicerequest_impacted_chunk0009.state.json","exported":0,"replDirect":0,"replPipeSuffix":0,"completed":true,"skipped":false},{"chunkNo":10,"from":9000,"to":9999,"mapRows":1000,"outPath":"EXP/20260504T161429Z/servicerequest_impacted_chunk0010.jsonl","statePath":"EXP/20260504T161429Z/servicerequest_impacted_chunk0010.state.json","exported":0,"replDirect":0,"replPipeSuffix":0,"completed":true,"skipped":false},{"chunkNo":11,"from":10000,"to":10999,"mapRows":1000,"outPath":"EXP/20260504T161429Z/servicerequest_impacted_chunk0011.jsonl","statePath":"EXP/20260504T161429Z/servicerequest_impacted_chunk0011.state.json","exported":0,"replDirect":0,"replPipeSuffix":0,"completed":true,"skipped":false},{"chunkNo":12,"from":11000,"to":11999,"mapRows":1000,"outPath":"EXP/20260504T161429Z/servicerequest_impacted_chunk0012.jsonl","statePath":"EXP/20260504T161429Z/servicerequest_impacted_chunk0012.state.json","exported":0,"replDirect":0,"replPipeSuffix":0,"completed":true,"skipped":false},{"chunkNo":13,"from":12000,"to":12999,"mapRows":1000,"outPath":"EXP/20260504T161429Z/servicerequest_impacted_chunk0013.jsonl","statePath":"EXP/20260504T161429Z/servicerequest_impacted_chunk0013.state.json","exported":0,"replDirect":0,"replPipeSuffix":0,"completed":true,"skipped":false},{"chunkNo":14,"from":13000,"to":13999,"mapRows":1000,"outPath":"EXP/20260504T161429Z/servicerequest_impacted_chunk0014.jsonl","statePath":"EXP/20260504T161429Z/servicerequest_impacted_chunk0014.state.json","exported":0,"replDirect":0,"replPipeSuffix":0,"completed":true,"skipped":false},{"chunkNo":15,"from":14000,"to":14999,"mapRows":1000,"outPath":"EXP/20260504T161429Z/servicerequest_impacted_chunk0015.jsonl","statePath":"EXP/20260504T161429Z/servicerequest_impacted_chunk0015.state.json","exported":0,"replDirect":0,"replPipeSuffix":0,"completed":true,"skipped":false},{"chunkNo":16,"from":15000,"to":15999,"mapRows":1000,"outPath":"EXP/20260504T161429Z/servicerequest_impacted_chunk0016.jsonl","statePath":"EXP/20260504T161429Z/servicerequest_impacted_chunk0016.state.json","exported":0,"replDirect":0,"replPipeSuffix":0,"completed":true,"skipped":false},{"chunkNo":17,"from":16000,"to":16999,"mapRows":1000,"outPath":"EXP/20260504T161429Z/servicerequest_impacted_chunk0017.jsonl","statePath":"EXP/20260504T161429Z/servicerequest_impacted_chunk0017.state.json","exported":0,"replDirect":0,"replPipeSuffix":0,"completed":true,"skipped":false},{"chunkNo":18,"from":17000,"to":17999,"mapRows":1000,"outPath":"EXP/20260504T161429Z/servicerequest_impacted_chunk0018.jsonl","statePath":"EXP/20260504T161429Z/servicerequest_impacted_chunk0018.state.json","exported":0,"replDirect":0,"replPipeSuffix":0,"completed":true,"skipped":false},{"chunkNo":19,"from":18000,"to":18999,"mapRows":1000,"outPath":"EXP/20260504T161429Z/servicerequest_impacted_chunk0019.jsonl","statePath":"EXP/20260504T161429Z/servicerequest_impacted_chunk0019.state.json","exported":0,"replDirect":0,"replPipeSuffix":0,"completed":true,"skipped":false},{"chunkNo":20,"from":19000,"to":19999,"mapRows":1000,"outPath":"EXP/20260504T161429Z/servicerequest_impacted_chunk0020.jsonl","statePath":"EXP/20260504T161429Z/servicerequest_impacted_chunk0020.state.json","exported":0,"replDirect":0,"replPipeSuffix":0,"completed":true,"skipped":false},{"chunkNo":21,"from":20000,"to":20999,"mapRows":1000,"outPath":"EXP/20260504T161429Z/servicerequest_impacted_chunk0021.jsonl","statePath":"EXP/20260504T161429Z/servicerequest_impacted_chunk0021.state.json","exported":0,"replDirect":0,"replPipeSuffix":0,"completed":true,"skipped":false},{"chunkNo":22,"from":21000,"to":21999,"mapRows":1000,"outPath":"EXP/20260504T161429Z/servicerequest_impacted_chunk0022.jsonl","statePath":"EXP/20260504T161429Z/servicerequest_impacted_chunk0022.state.json","exported":0,"replDirect":0,"replPipeSuffix":0,"completed":true,"skipped":false},{"chunkNo":23,"from":22000,"to":22999,"mapRows":1000,"outPath":"EXP/20260504T161429Z/servicerequest_impacted_chunk0023.jsonl","statePath":"EXP/20260504T161429Z/servicerequest_impacted_chunk0023.state.json","exported":0,"replDirect":0,"replPipeSuffix":0,"completed":true,"skipped":false},{"chunkNo":24,"from":23000,"to":23999,"mapRows":1000,"outPath":"EXP/20260504T161429Z/servicerequest_impacted_chunk0024.jsonl","statePath":"EXP/20260504T161429Z/servicerequest_impacted_chunk0024.state.json","exported":0,"replDirect":0,"replPipeSuffix":0,"completed":true,"skipped":false},{"chunkNo":25,"from":24000,"to":24999,"mapRows":1000,"outPath":"EXP/20260504T161429Z/servicerequest_impacted_chunk0025.jsonl","statePath":"EXP/20260504T161429Z/servicerequest_impacted_chunk0025.state.json","exported":0,"replDirect":0,"replPipeSuffix":0,"completed":true,"skipped":false},{"chunkNo":26,"from":25000,"to":25999,"mapRows":1000,"outPath":"EXP/20260504T161429Z/servicerequest_impacted_chunk0026.jsonl","statePath":"EXP/20260504T161429Z/servicerequest_impacted_chunk0026.state.json","exported":0,"replDirect":0,"replPipeSuffix":0,"completed":true,"skipped":false},{"chunkNo":27,"from":26000,"to":26999,"mapRows":1000,"outPath":"EXP/20260504T161429Z/servicerequest_impacted_chunk0027.jsonl","statePath":"EXP/20260504T161429Z/servicerequest_impacted_chunk0027.state.json","exported":0,"replDirect":0,"replPipeSuffix":0,"completed":true,"skipped":false},{"chunkNo":28,"from":27000,"to":27999,"mapRows":1000,"outPath":"EXP/20260504T161429Z/servicerequest_impacted_chunk0028.jsonl","statePath":"EXP/20260504T161429Z/servicerequest_impacted_chunk0028.state.json","exported":0,"replDirect":0,"replPipeSuffix":0,"completed":true,"skipped":false},{"chunkNo":29,"from":28000,"to":28999,"mapRows":1000,"outPath":"EXP/20260504T161429Z/servicerequest_impacted_chunk0029.jsonl","statePath":"EXP/20260504T161429Z/servicerequest_impacted_chunk0029.state.json","exported":0,"replDirect":0,"replPipeSuffix":0,"completed":true,"skipped":false},{"chunkNo":30,"from":29000,"to":29999,"mapRows":1000,"outPath":"EXP/20260504T161429Z/servicerequest_impacted_chunk0030.jsonl","statePath":"EXP/20260504T161429Z/servicerequest_impacted_chunk0030.state.json","exported":0,"replDirect":0,"replPipeSuffix":0,"completed":true,"skipped":false},{"chunkNo":31,"from":30000,"to":30999,"mapRows":1000,"outPath":"EXP/20260504T161429Z/servicerequest_impacted_chunk0031.jsonl","statePath":"EXP/20260504T161429Z/servicerequest_impacted_chunk0031.state.json","exported":0,"replDirect":0,"replPipeSuffix":0,"completed":true,"skipped":false},{"chunkNo":32,"from":31000,"to":31999,"mapRows":1000,"outPath":"EXP/20260504T161429Z/servicerequest_impacted_chunk0032.jsonl","statePath":"EXP/20260504T161429Z/servicerequest_impacted_chunk0032.state.json","exported":0,"replDirect":0,"replPipeSuffix":0,"completed":true,"skipped":false},{"chunkNo":33,"from":32000,"to":32999,"mapRows":1000,"outPath":"EXP/20260504T161429Z/servicerequest_impacted_chunk0033.jsonl","statePath":"EXP/20260504T161429Z/servicerequest_impacted_chunk0033.state.json","exported":0,"replDirect":0,"replPipeSuffix":0,"completed":true,"skipped":false},{"chunkNo":34,"from":33000,"to":33999,"mapRows":1000,"outPath":"EXP/20260504T161429Z/servicerequest_impacted_chunk0034.jsonl","statePath":"EXP/20260504T161429Z/servicerequest_impacted_chunk0034.state.json","exported":0,"replDirect":0,"replPipeSuffix":0,"completed":true,"skipped":false},{"chunkNo":35,"from":34000,"to":34999,"mapRows":1000,"outPath":"EXP/20260504T161429Z/servicerequest_impacted_chunk0035.jsonl","statePath":"EXP/20260504T161429Z/servicerequest_impacted_chunk0035.state.json","exported":0,"replDirect":0,"replPipeSuffix":0,"completed":true,"skipped":false},{"chunkNo":36,"from":35000,"to":35999,"mapRows":1000,"outPath":"EXP/20260504T161429Z/servicerequest_impacted_chunk0036.jsonl","statePath":"EXP/20260504T161429Z/servicerequest_impacted_chunk0036.state.json","exported":0,"replDirect":0,"replPipeSuffix":0,"completed":true,"skipped":false},{"chunkNo":37,"from":36000,"to":36999,"mapRows":1000,"outPath":"EXP/20260504T161429Z/servicerequest_impacted_chunk0037.jsonl","statePath":"EXP/20260504T161429Z/servicerequest_impacted_chunk0037.state.json","exported":0,"replDirect":0,"replPipeSuffix":0,"completed":true,"skipped":false},{"chunkNo":38,"from":37000,"to":37999,"mapRows":1000,"outPath":"EXP/20260504T161429Z/servicerequest_impacted_chunk0038.jsonl","statePath":"EXP/20260504T161429Z/servicerequest_impacted_chunk0038.state.json","exported":0,"replDirect":0,"replPipeSuffix":0,"completed":true,"skipped":false},{"chunkNo":39,"from":38000,"to":38999,"mapRows":1000,"outPath":"EXP/20260504T161429Z/servicerequest_impacted_chunk0039.jsonl","statePath":"EXP/20260504T161429Z/servicerequest_impacted_chunk0039.state.json","exported":0,"replDirect":0,"replPipeSuffix":0,"completed":true,"skipped":false},{"chunkNo":40,"from":39000,"to":39999,"mapRows":1000,"outPath":"EXP/20260504T161429Z/servicerequest_impacted_chunk0040.jsonl","statePath":"EXP/20260504T161429Z/servicerequest_impacted_chunk0040.state.json","exported":0,"replDirect":0,"replPipeSuffix":0,"completed":true,"skipped":false},{"chunkNo":41,"from":40000,"to":40999,"mapRows":1000,"outPath":"EXP/20260504T161429Z/servicerequest_impacted_chunk0041.jsonl","statePath":"EXP/20260504T161429Z/servicerequest_impacted_chunk0041.state.json","exported":0,"replDirect":0,"replPipeSuffix":0,"completed":true,"skipped":false},{"chunkNo":42,"from":41000,"to":41999,"mapRows":1000,"outPath":"EXP/20260504T161429Z/servicerequest_impacted_chunk0042.jsonl","statePath":"EXP/20260504T161429Z/servicerequest_impacted_chunk0042.state.json","exported":0,"replDirect":0,"replPipeSuffix":0,"completed":true,"skipped":false},{"chunkNo":43,"from":42000,"to":42999,"mapRows":1000,"outPath":"EXP/20260504T161429Z/servicerequest_impacted_chunk0043.jsonl","statePath":"EXP/20260504T161429Z/servicerequest_impacted_chunk0043.state.json","exported":0,"replDirect":0,"replPipeSuffix":0,"completed":true,"skipped":false},{"chunkNo":44,"from":43000,"to":43999,"mapRows":1000,"outPath":"EXP/20260504T161429Z/servicerequest_impacted_chunk0044.jsonl","statePath":"EXP/20260504T161429Z/servicerequest_impacted_chunk0044.state.json","exported":0,"replDirect":0,"replPipeSuffix":0,"completed":true,"skipped":false},{"chunkNo":45,"from":44000,"to":44999,"mapRows":1000,"outPath":"EXP/20260504T161429Z/servicerequest_impacted_chunk0045.jsonl","statePath":"EXP/20260504T161429Z/servicerequest_impacted_chunk0045.state.json","exported":0,"replDirect":0,"replPipeSuffix":0,"completed":true,"skipped":false},{"chunkNo":46,"from":45000,"to":45999,"mapRows":1000,"outPath":"EXP/20260504T161429Z/servicerequest_impacted_chunk0046.jsonl","statePath":"EXP/20260504T161429Z/servicerequest_impacted_chunk0046.state.json","exported":0,"replDirect":0,"replPipeSuffix":0,"completed":true,"skipped":false},{"chunkNo":47,"from":46000,"to":46999,"mapRows":1000,"outPath":"EXP/20260504T161429Z/servicerequest_impacted_chunk0047.jsonl","statePath":"EXP/20260504T161429Z/servicerequest_impacted_chunk0047.state.json","exported":0,"replDirect":0,"replPipeSuffix":0,"completed":true,"skipped":false},{"chunkNo":48,"from":47000,"to":47999,"mapRows":1000,"outPath":"EXP/20260504T161429Z/servicerequest_impacted_chunk0048.jsonl","statePath":"EXP/20260504T161429Z/servicerequest_impacted_chunk0048.state.json","exported":0,"replDirect":0,"replPipeSuffix":0,"completed":true,"skipped":false},{"chunkNo":49,"from":48000,"to":48999,"mapRows":1000,"outPath":"EXP/20260504T161429Z/servicerequest_impacted_chunk0049.jsonl","statePath":"EXP/20260504T161429Z/servicerequest_impacted_chunk0049.state.json","exported":0,"replDirect":0,"replPipeSuffix":0,"completed":true,"skipped":false},{"chunkNo":50,"from":49000,"to":49999,"mapRows":1000,"outPath":"EXP/20260504T161429Z/servicerequest_impacted_chunk0050.jsonl","statePath":"EXP/20260504T161429Z/servicerequest_impacted_chunk0050.state.json","exported":0,"replDirect":0,"replPipeSuffix":0,"completed":true,"skipped":false},{"chunkNo":51,"from":50000,"to":50999,"mapRows":1000,"outPath":"EXP/20260504T161429Z/servicerequest_impacted_chunk0051.jsonl","statePath":"EXP/20260504T161429Z/servicerequest_impacted_chunk0051.state.json","exported":0,"replDirect":0,"replPipeSuffix":0,"completed":true,"skipped":false},{"chunkNo":52,"from":51000,"to":51999,"mapRows":1000,"outPath":"EXP/20260504T161429Z/servicerequest_impacted_chunk0052.jsonl","statePath":"EXP/20260504T161429Z/servicerequest_impacted_chunk0052.state.json","exported":0,"replDirect":0,"replPipeSuffix":0,"completed":true,"skipped":false},{"chunkNo":53,"from":52000,"to":52999,"mapRows":1000,"outPath":"EXP/20260504T161429Z/servicerequest_impacted_chunk0053.jsonl","statePath":"EXP/20260504T161429Z/servicerequest_impacted_chunk0053.state.json","exported":0,"replDirect":0,"replPipeSuffix":0,"completed":true,"skipped":false},{"chunkNo":54,"from":53000,"to":53999,"mapRows":1000,"outPath":"EXP/20260504T161429Z/servicerequest_impacted_chunk0054.jsonl","statePath":"EXP/20260504T161429Z/servicerequest_impacted_chunk0054.state.json","exported":0,"replDirect":0,"replPipeSuffix":0,"completed":true,"skipped":false},{"chunkNo":55,"from":54000,"to":54999,"mapRows":1000,"outPath":"EXP/20260504T161429Z/servicerequest_impacted_chunk0055.jsonl","statePath":"EXP/20260504T161429Z/servicerequest_impacted_chunk0055.state.json","exported":0,"replDirect":0,"replPipeSuffix":0,"completed":true,"skipped":false},{"chunkNo":56,"from":55000,"to":55999,"mapRows":1000,"outPath":"EXP/20260504T161429Z/servicerequest_impacted_chunk0056.jsonl","statePath":"EXP/20260504T161429Z/servicerequest_impacted_chunk0056.state.json","exported":0,"replDirect":0,"replPipeSuffix":0,"completed":true,"skipped":false},{"chunkNo":57,"from":56000,"to":56999,"mapRows":1000,"outPath":"EXP/20260504T161429Z/servicerequest_impacted_chunk0057.jsonl","statePath":"EXP/20260504T161429Z/servicerequest_impacted_chunk0057.state.json","exported":0,"replDirect":0,"replPipeSuffix":0,"completed":true,"skipped":false},{"chunkNo":58,"from":57000,"to":57999,"mapRows":1000,"outPath":"EXP/20260504T161429Z/servicerequest_impacted_chunk0058.jsonl","statePath":"EXP/20260504T161429Z/servicerequest_impacted_chunk0058.state.json","exported":0,"replDirect":0,"replPipeSuffix":0,"completed":true,"skipped":false},{"chunkNo":59,"from":58000,"to":58999,"mapRows":1000,"outPath":"EXP/20260504T161429Z/servicerequest_impacted_chunk0059.jsonl","statePath":"EXP/20260504T161429Z/servicerequest_impacted_chunk0059.state.json","exported":0,"replDirect":0,"replPipeSuffix":0,"completed":true,"skipped":false},{"chunkNo":60,"from":59000,"to":59999,"mapRows":1000,"outPath":"EXP/20260504T161429Z/servicerequest_impacted_chunk0060.jsonl","statePath":"EXP/20260504T161429Z/servicerequest_impacted_chunk0060.state.json","exported":0,"replDirect":0,"replPipeSuffix":0,"completed":true,"skipped":false},{"chunkNo":61,"from":60000,"to":60999,"mapRows":1000,"outPath":"EXP/20260504T161429Z/servicerequest_impacted_chunk0061.jsonl","statePath":"EXP/20260504T161429Z/servicerequest_impacted_chunk0061.state.json","exported":0,"replDirect":0,"replPipeSuffix":0,"completed":true,"skipped":false},{"chunkNo":62,"from":61000,"to":61999,"mapRows":1000,"outPath":"EXP/20260504T161429Z/servicerequest_impacted_chunk0062.jsonl","statePath":"EXP/20260504T161429Z/servicerequest_impacted_chunk0062.state.json","exported":0,"replDirect":0,"replPipeSuffix":0,"completed":true,"skipped":false},{"chunkNo":63,"from":62000,"to":62999,"mapRows":1000,"outPath":"EXP/20260504T161429Z/servicerequest_impacted_chunk0063.jsonl","statePath":"EXP/20260504T161429Z/servicerequest_impacted_chunk0063.state.json","exported":0,"replDirect":0,"replPipeSuffix":0,"completed":true,"skipped":false},{"chunkNo":64,"from":63000,"to":63999,"mapRows":1000,"outPath":"EXP/20260504T161429Z/servicerequest_impacted_chunk0064.jsonl","statePath":"EXP/20260504T161429Z/servicerequest_impacted_chunk0064.state.json","exported":0,"replDirect":0,"replPipeSuffix":0,"completed":true,"skipped":false},{"chunkNo":65,"from":64000,"to":64999,"mapRows":1000,"outPath":"EXP/20260504T161429Z/servicerequest_impacted_chunk0065.jsonl","statePath":"EXP/20260504T161429Z/servicerequest_impacted_chunk0065.state.json","exported":0,"replDirect":0,"replPipeSuffix":0,"completed":true,"skipped":false},{"chunkNo":66,"from":65000,"to":65999,"mapRows":1000,"outPath":"EXP/20260504T161429Z/servicerequest_impacted_chunk0066.jsonl","statePath":"EXP/20260504T161429Z/servicerequest_impacted_chunk0066.state.json","exported":0,"replDirect":0,"replPipeSuffix":0,"completed":true,"skipped":false},{"chunkNo":67,"from":66000,"to":66999,"mapRows":1000,"outPath":"EXP/20260504T161429Z/servicerequest_impacted_chunk0067.jsonl","statePath":"EXP/20260504T161429Z/servicerequest_impacted_chunk0067.state.json","exported":0,"replDirect":0,"replPipeSuffix":0,"completed":true,"skipped":false},{"chunkNo":68,"from":67000,"to":67999,"mapRows":1000,"outPath":"EXP/20260504T161429Z/servicerequest_impacted_chunk0068.jsonl","statePath":"EXP/20260504T161429Z/servicerequest_impacted_chunk0068.state.json","exported":0,"replDirect":0,"replPipeSuffix":0,"completed":true,"skipped":false},{"chunkNo":69,"from":68000,"to":68999,"mapRows":1000,"outPath":"EXP/20260504T161429Z/servicerequest_impacted_chunk0069.jsonl","statePath":"EXP/20260504T161429Z/servicerequest_impacted_chunk0069.state.json","exported":0,"replDirect":0,"replPipeSuffix":0,"completed":true,"skipped":false},{"chunkNo":70,"from":69000,"to":69999,"mapRows":1000,"outPath":"EXP/20260504T161429Z/servicerequest_impacted_chunk0070.jsonl","statePath":"EXP/20260504T161429Z/servicerequest_impacted_chunk0070.state.json","exported":0,"replDirect":0,"replPipeSuffix":0,"completed":true,"skipped":false},{"chunkNo":71,"from":70000,"to":70999,"mapRows":1000,"outPath":"EXP/20260504T161429Z/servicerequest_impacted_chunk0071.jsonl","statePath":"EXP/20260504T161429Z/servicerequest_impacted_chunk0071.state.json","exported":0,"replDirect":0,"replPipeSuffix":0,"completed":true,"skipped":false},{"chunkNo":72,"from":71000,"to":71999,"mapRows":1000,"outPath":"EXP/20260504T161429Z/servicerequest_impacted_chunk0072.jsonl","statePath":"EXP/20260504T161429Z/servicerequest_impacted_chunk0072.state.json","exported":0,"replDirect":0,"replPipeSuffix":0,"completed":true,"skipped":false},{"chunkNo":73,"from":72000,"to":72999,"mapRows":1000,"outPath":"EXP/20260504T161429Z/servicerequest_impacted_chunk0073.jsonl","statePath":"EXP/20260504T161429Z/servicerequest_impacted_chunk0073.state.json","exported":0,"replDirect":0,"replPipeSuffix":0,"completed":true,"skipped":false},{"chunkNo":74,"from":73000,"to":73999,"mapRows":1000,"outPath":"EXP/20260504T161429Z/servicerequest_impacted_chunk0074.jsonl","statePath":"EXP/20260504T161429Z/servicerequest_impacted_chunk0074.state.json","exported":0,"replDirect":0,"replPipeSuffix":0,"completed":true,"skipped":false},{"chunkNo":75,"from":74000,"to":74999,"mapRows":1000,"outPath":"EXP/20260504T161429Z/servicerequest_impacted_chunk0075.jsonl","statePath":"EXP/20260504T161429Z/servicerequest_impacted_chunk0075.state.json","exported":0,"replDirect":0,"replPipeSuffix":0,"completed":true,"skipped":false},{"chunkNo":76,"from":75000,"to":75999,"mapRows":1000,"outPath":"EXP/20260504T161429Z/servicerequest_impacted_chunk0076.jsonl","statePath":"EXP/20260504T161429Z/servicerequest_impacted_chunk0076.state.json","exported":0,"replDirect":0,"replPipeSuffix":0,"completed":true,"skipped":false},{"chunkNo":77,"from":76000,"to":76999,"mapRows":1000,"outPath":"EXP/20260504T161429Z/servicerequest_impacted_chunk0077.jsonl","statePath":"EXP/20260504T161429Z/servicerequest_impacted_chunk0077.state.json","exported":0,"replDirect":0,"replPipeSuffix":0,"completed":true,"skipped":false},{"chunkNo":78,"from":77000,"to":77969,"mapRows":970,"outPath":"EXP/20260504T161429Z/servicerequest_impacted_chunk0078.jsonl","statePath":"EXP/20260504T161429Z/servicerequest_impacted_chunk0078.state.json","exported":0,"replDirect":0,"replPipeSuffix":0,"completed":true,"skipped":false}]},"ts":"2026-05-04T16:18:02.175Z"}
{"type":"result","script":"016_03B_esportazione_su_file_prod_match_servicerequest_by_keys_original.js","runId":"20260504T161429Z","stepId":32,"dbName":"hc40-index-bonifica","expDir":"./EXP","outDir":"EXP/20260504T161429Z","outBase":"servicerequest_impacted_original","outExt":".jsonl","logPath":"EXP/20260504T161429Z/servicerequest_impacted_original.log","mapPath":"EXP/20260504T161429Z/sio_ihub_hc40_adt_keys_map.js","mapConstName":"SIO_IHUB_HC40_ADT_KEYS","globalStatePath":"EXP/20260504T161429Z/servicerequest_impacted_original.chunks.state.json","debug":false,"debugDocId":null,"debugNoWrite":false,"mapChunkSize":1000,"batchSize":2000,"logEvery":1000,"matchName":"encounter:encounter.reference","hintName":"attribute_search.name_1_attribute_search.value_1__id_1","summary":{"totalPairs":77970,"chunkSize":1000,"chunkCount":78,"completedChunksBefore":[],"completedChunksAfter":[1,2,3,4,5,6,7,8,9,10,11,12,13,14,15,16,17,18,19,20,21,22,23,24,25,26,27,28,29,30,31,32,33,34,35,36,37,38,39,40,41,42,43,44,45,46,47,48,49,50,51,52,53,54,55,56,57,58,59,60,61,62,63,64,65,66,67,68,69,70,71,72,73,74,75,76,77,78],"totalExportedDocs":2252,"chunks":[{"chunkNo":1,"from":0,"to":999,"mapRows":1000,"outPath":"EXP/20260504T161429Z/servicerequest_impacted_original_chunk0001.jsonl","statePath":"EXP/20260504T161429Z/servicerequest_impacted_original_chunk0001.state.json","exported":2252,"completed":true,"skipped":false},{"chunkNo":2,"from":1000,"to":1999,"mapRows":1000,"outPath":"EXP/20260504T161429Z/servicerequest_impacted_original_chunk0002.jsonl","statePath":"EXP/20260504T161429Z/servicerequest_impacted_original_chunk0002.state.json","exported":0,"completed":true,"skipped":false},{"chunkNo":3,"from":2000,"to":2999,"mapRows":1000,"outPath":"EXP/20260504T161429Z/servicerequest_impacted_original_chunk0003.jsonl","statePath":"EXP/20260504T161429Z/servicerequest_impacted_original_chunk0003.state.json","exported":0,"completed":true,"skipped":false},{"chunkNo":4,"from":3000,"to":3999,"mapRows":1000,"outPath":"EXP/20260504T161429Z/servicerequest_impacted_original_chunk0004.jsonl","statePath":"EXP/20260504T161429Z/servicerequest_impacted_original_chunk0004.state.json","exported":0,"completed":true,"skipped":false},{"chunkNo":5,"from":4000,"to":4999,"mapRows":1000,"outPath":"EXP/20260504T161429Z/servicerequest_impacted_original_chunk0005.jsonl","statePath":"EXP/20260504T161429Z/servicerequest_impacted_original_chunk0005.state.json","exported":0,"completed":true,"skipped":false},{"chunkNo":6,"from":5000,"to":5999,"mapRows":1000,"outPath":"EXP/20260504T161429Z/servicerequest_impacted_original_chunk0006.jsonl","statePath":"EXP/20260504T161429Z/servicerequest_impacted_original_chunk0006.state.json","exported":0,"completed":true,"skipped":false},{"chunkNo":7,"from":6000,"to":6999,"mapRows":1000,"outPath":"EXP/20260504T161429Z/servicerequest_impacted_original_chunk0007.jsonl","statePath":"EXP/20260504T161429Z/servicerequest_impacted_original_chunk0007.state.json","exported":0,"completed":true,"skipped":false},{"chunkNo":8,"from":7000,"to":7999,"mapRows":1000,"outPath":"EXP/20260504T161429Z/servicerequest_impacted_original_chunk0008.jsonl","statePath":"EXP/20260504T161429Z/servicerequest_impacted_original_chunk0008.state.json","exported":0,"completed":true,"skipped":false},{"chunkNo":9,"from":8000,"to":8999,"mapRows":1000,"outPath":"EXP/20260504T161429Z/servicerequest_impacted_original_chunk0009.jsonl","statePath":"EXP/20260504T161429Z/servicerequest_impacted_original_chunk0009.state.json","exported":0,"completed":true,"skipped":false},{"chunkNo":10,"from":9000,"to":9999,"mapRows":1000,"outPath":"EXP/20260504T161429Z/servicerequest_impacted_original_chunk0010.jsonl","statePath":"EXP/20260504T161429Z/servicerequest_impacted_original_chunk0010.state.json","exported":0,"completed":true,"skipped":false},{"chunkNo":11,"from":10000,"to":10999,"mapRows":1000,"outPath":"EXP/20260504T161429Z/servicerequest_impacted_original_chunk0011.jsonl","statePath":"EXP/20260504T161429Z/servicerequest_impacted_original_chunk0011.state.json","exported":0,"completed":true,"skipped":false},{"chunkNo":12,"from":11000,"to":11999,"mapRows":1000,"outPath":"EXP/20260504T161429Z/servicerequest_impacted_original_chunk0012.jsonl","statePath":"EXP/20260504T161429Z/servicerequest_impacted_original_chunk0012.state.json","exported":0,"completed":true,"skipped":false},{"chunkNo":13,"from":12000,"to":12999,"mapRows":1000,"outPath":"EXP/20260504T161429Z/servicerequest_impacted_original_chunk0013.jsonl","statePath":"EXP/20260504T161429Z/servicerequest_impacted_original_chunk0013.state.json","exported":0,"completed":true,"skipped":false},{"chunkNo":14,"from":13000,"to":13999,"mapRows":1000,"outPath":"EXP/20260504T161429Z/servicerequest_impacted_original_chunk0014.jsonl","statePath":"EXP/20260504T161429Z/servicerequest_impacted_original_chunk0014.state.json","exported":0,"completed":true,"skipped":false},{"chunkNo":15,"from":14000,"to":14999,"mapRows":1000,"outPath":"EXP/20260504T161429Z/servicerequest_impacted_original_chunk0015.jsonl","statePath":"EXP/20260504T161429Z/servicerequest_impacted_original_chunk0015.state.json","exported":0,"completed":true,"skipped":false},{"chunkNo":16,"from":15000,"to":15999,"mapRows":1000,"outPath":"EXP/20260504T161429Z/servicerequest_impacted_original_chunk0016.jsonl","statePath":"EXP/20260504T161429Z/servicerequest_impacted_original_chunk0016.state.json","exported":0,"completed":true,"skipped":false},{"chunkNo":17,"from":16000,"to":16999,"mapRows":1000,"outPath":"EXP/20260504T161429Z/servicerequest_impacted_original_chunk0017.jsonl","statePath":"EXP/20260504T161429Z/servicerequest_impacted_original_chunk0017.state.json","exported":0,"completed":true,"skipped":false},{"chunkNo":18,"from":17000,"to":17999,"mapRows":1000,"outPath":"EXP/20260504T161429Z/servicerequest_impacted_original_chunk0018.jsonl","statePath":"EXP/20260504T161429Z/servicerequest_impacted_original_chunk0018.state.json","exported":0,"completed":true,"skipped":false},{"chunkNo":19,"from":18000,"to":18999,"mapRows":1000,"outPath":"EXP/20260504T161429Z/servicerequest_impacted_original_chunk0019.jsonl","statePath":"EXP/20260504T161429Z/servicerequest_impacted_original_chunk0019.state.json","exported":0,"completed":true,"skipped":false},{"chunkNo":20,"from":19000,"to":19999,"mapRows":1000,"outPath":"EXP/20260504T161429Z/servicerequest_impacted_original_chunk0020.jsonl","statePath":"EXP/20260504T161429Z/servicerequest_impacted_original_chunk0020.state.json","exported":0,"completed":true,"skipped":false},{"chunkNo":21,"from":20000,"to":20999,"mapRows":1000,"outPath":"EXP/20260504T161429Z/servicerequest_impacted_original_chunk0021.jsonl","statePath":"EXP/20260504T161429Z/servicerequest_impacted_original_chunk0021.state.json","exported":0,"completed":true,"skipped":false},{"chunkNo":22,"from":21000,"to":21999,"mapRows":1000,"outPath":"EXP/20260504T161429Z/servicerequest_impacted_original_chunk0022.jsonl","statePath":"EXP/20260504T161429Z/servicerequest_impacted_original_chunk0022.state.json","exported":0,"completed":true,"skipped":false},{"chunkNo":23,"from":22000,"to":22999,"mapRows":1000,"outPath":"EXP/20260504T161429Z/servicerequest_impacted_original_chunk0023.jsonl","statePath":"EXP/20260504T161429Z/servicerequest_impacted_original_chunk0023.state.json","exported":0,"completed":true,"skipped":false},{"chunkNo":24,"from":23000,"to":23999,"mapRows":1000,"outPath":"EXP/20260504T161429Z/servicerequest_impacted_original_chunk0024.jsonl","statePath":"EXP/20260504T161429Z/servicerequest_impacted_original_chunk0024.state.json","exported":0,"completed":true,"skipped":false},{"chunkNo":25,"from":24000,"to":24999,"mapRows":1000,"outPath":"EXP/20260504T161429Z/servicerequest_impacted_original_chunk0025.jsonl","statePath":"EXP/20260504T161429Z/servicerequest_impacted_original_chunk0025.state.json","exported":0,"completed":true,"skipped":false},{"chunkNo":26,"from":25000,"to":25999,"mapRows":1000,"outPath":"EXP/20260504T161429Z/servicerequest_impacted_original_chunk0026.jsonl","statePath":"EXP/20260504T161429Z/servicerequest_impacted_original_chunk0026.state.json","exported":0,"completed":true,"skipped":false},{"chunkNo":27,"from":26000,"to":26999,"mapRows":1000,"outPath":"EXP/20260504T161429Z/servicerequest_impacted_original_chunk0027.jsonl","statePath":"EXP/20260504T161429Z/servicerequest_impacted_original_chunk0027.state.json","exported":0,"completed":true,"skipped":false},{"chunkNo":28,"from":27000,"to":27999,"mapRows":1000,"outPath":"EXP/20260504T161429Z/servicerequest_impacted_original_chunk0028.jsonl","statePath":"EXP/20260504T161429Z/servicerequest_impacted_original_chunk0028.state.json","exported":0,"completed":true,"skipped":false},{"chunkNo":29,"from":28000,"to":28999,"mapRows":1000,"outPath":"EXP/20260504T161429Z/servicerequest_impacted_original_chunk0029.jsonl","statePath":"EXP/20260504T161429Z/servicerequest_impacted_original_chunk0029.state.json","exported":0,"completed":true,"skipped":false},{"chunkNo":30,"from":29000,"to":29999,"mapRows":1000,"outPath":"EXP/20260504T161429Z/servicerequest_impacted_original_chunk0030.jsonl","statePath":"EXP/20260504T161429Z/servicerequest_impacted_original_chunk0030.state.json","exported":0,"completed":true,"skipped":false},{"chunkNo":31,"from":30000,"to":30999,"mapRows":1000,"outPath":"EXP/20260504T161429Z/servicerequest_impacted_original_chunk0031.jsonl","statePath":"EXP/20260504T161429Z/servicerequest_impacted_original_chunk0031.state.json","exported":0,"completed":true,"skipped":false},{"chunkNo":32,"from":31000,"to":31999,"mapRows":1000,"outPath":"EXP/20260504T161429Z/servicerequest_impacted_original_chunk0032.jsonl","statePath":"EXP/20260504T161429Z/servicerequest_impacted_original_chunk0032.state.json","exported":0,"completed":true,"skipped":false},{"chunkNo":33,"from":32000,"to":32999,"mapRows":1000,"outPath":"EXP/20260504T161429Z/servicerequest_impacted_original_chunk0033.jsonl","statePath":"EXP/20260504T161429Z/servicerequest_impacted_original_chunk0033.state.json","exported":0,"completed":true,"skipped":false},{"chunkNo":34,"from":33000,"to":33999,"mapRows":1000,"outPath":"EXP/20260504T161429Z/servicerequest_impacted_original_chunk0034.jsonl","statePath":"EXP/20260504T161429Z/servicerequest_impacted_original_chunk0034.state.json","exported":0,"completed":true,"skipped":false},{"chunkNo":35,"from":34000,"to":34999,"mapRows":1000,"outPath":"EXP/20260504T161429Z/servicerequest_impacted_original_chunk0035.jsonl","statePath":"EXP/20260504T161429Z/servicerequest_impacted_original_chunk0035.state.json","exported":0,"completed":true,"skipped":false},{"chunkNo":36,"from":35000,"to":35999,"mapRows":1000,"outPath":"EXP/20260504T161429Z/servicerequest_impacted_original_chunk0036.jsonl","statePath":"EXP/20260504T161429Z/servicerequest_impacted_original_chunk0036.state.json","exported":0,"completed":true,"skipped":false},{"chunkNo":37,"from":36000,"to":36999,"mapRows":1000,"outPath":"EXP/20260504T161429Z/servicerequest_impacted_original_chunk0037.jsonl","statePath":"EXP/20260504T161429Z/servicerequest_impacted_original_chunk0037.state.json","exported":0,"completed":true,"skipped":false},{"chunkNo":38,"from":37000,"to":37999,"mapRows":1000,"outPath":"EXP/20260504T161429Z/servicerequest_impacted_original_chunk0038.jsonl","statePath":"EXP/20260504T161429Z/servicerequest_impacted_original_chunk0038.state.json","exported":0,"completed":true,"skipped":false},{"chunkNo":39,"from":38000,"to":38999,"mapRows":1000,"outPath":"EXP/20260504T161429Z/servicerequest_impacted_original_chunk0039.jsonl","statePath":"EXP/20260504T161429Z/servicerequest_impacted_original_chunk0039.state.json","exported":0,"completed":true,"skipped":false},{"chunkNo":40,"from":39000,"to":39999,"mapRows":1000,"outPath":"EXP/20260504T161429Z/servicerequest_impacted_original_chunk0040.jsonl","statePath":"EXP/20260504T161429Z/servicerequest_impacted_original_chunk0040.state.json","exported":0,"completed":true,"skipped":false},{"chunkNo":41,"from":40000,"to":40999,"mapRows":1000,"outPath":"EXP/20260504T161429Z/servicerequest_impacted_original_chunk0041.jsonl","statePath":"EXP/20260504T161429Z/servicerequest_impacted_original_chunk0041.state.json","exported":0,"completed":true,"skipped":false},{"chunkNo":42,"from":41000,"to":41999,"mapRows":1000,"outPath":"EXP/20260504T161429Z/servicerequest_impacted_original_chunk0042.jsonl","statePath":"EXP/20260504T161429Z/servicerequest_impacted_original_chunk0042.state.json","exported":0,"completed":true,"skipped":false},{"chunkNo":43,"from":42000,"to":42999,"mapRows":1000,"outPath":"EXP/20260504T161429Z/servicerequest_impacted_original_chunk0043.jsonl","statePath":"EXP/20260504T161429Z/servicerequest_impacted_original_chunk0043.state.json","exported":0,"completed":true,"skipped":false},{"chunkNo":44,"from":43000,"to":43999,"mapRows":1000,"outPath":"EXP/20260504T161429Z/servicerequest_impacted_original_chunk0044.jsonl","statePath":"EXP/20260504T161429Z/servicerequest_impacted_original_chunk0044.state.json","exported":0,"completed":true,"skipped":false},{"chunkNo":45,"from":44000,"to":44999,"mapRows":1000,"outPath":"EXP/20260504T161429Z/servicerequest_impacted_original_chunk0045.jsonl","statePath":"EXP/20260504T161429Z/servicerequest_impacted_original_chunk0045.state.json","exported":0,"completed":true,"skipped":false},{"chunkNo":46,"from":45000,"to":45999,"mapRows":1000,"outPath":"EXP/20260504T161429Z/servicerequest_impacted_original_chunk0046.jsonl","statePath":"EXP/20260504T161429Z/servicerequest_impacted_original_chunk0046.state.json","exported":0,"completed":true,"skipped":false},{"chunkNo":47,"from":46000,"to":46999,"mapRows":1000,"outPath":"EXP/20260504T161429Z/servicerequest_impacted_original_chunk0047.jsonl","statePath":"EXP/20260504T161429Z/servicerequest_impacted_original_chunk0047.state.json","exported":0,"completed":true,"skipped":false},{"chunkNo":48,"from":47000,"to":47999,"mapRows":1000,"outPath":"EXP/20260504T161429Z/servicerequest_impacted_original_chunk0048.jsonl","statePath":"EXP/20260504T161429Z/servicerequest_impacted_original_chunk0048.state.json","exported":0,"completed":true,"skipped":false},{"chunkNo":49,"from":48000,"to":48999,"mapRows":1000,"outPath":"EXP/20260504T161429Z/servicerequest_impacted_original_chunk0049.jsonl","statePath":"EXP/20260504T161429Z/servicerequest_impacted_original_chunk0049.state.json","exported":0,"completed":true,"skipped":false},{"chunkNo":50,"from":49000,"to":49999,"mapRows":1000,"outPath":"EXP/20260504T161429Z/servicerequest_impacted_original_chunk0050.jsonl","statePath":"EXP/20260504T161429Z/servicerequest_impacted_original_chunk0050.state.json","exported":0,"completed":true,"skipped":false},{"chunkNo":51,"from":50000,"to":50999,"mapRows":1000,"outPath":"EXP/20260504T161429Z/servicerequest_impacted_original_chunk0051.jsonl","statePath":"EXP/20260504T161429Z/servicerequest_impacted_original_chunk0051.state.json","exported":0,"completed":true,"skipped":false},{"chunkNo":52,"from":51000,"to":51999,"mapRows":1000,"outPath":"EXP/20260504T161429Z/servicerequest_impacted_original_chunk0052.jsonl","statePath":"EXP/20260504T161429Z/servicerequest_impacted_original_chunk0052.state.json","exported":0,"completed":true,"skipped":false},{"chunkNo":53,"from":52000,"to":52999,"mapRows":1000,"outPath":"EXP/20260504T161429Z/servicerequest_impacted_original_chunk0053.jsonl","statePath":"EXP/20260504T161429Z/servicerequest_impacted_original_chunk0053.state.json","exported":0,"completed":true,"skipped":false},{"chunkNo":54,"from":53000,"to":53999,"mapRows":1000,"outPath":"EXP/20260504T161429Z/servicerequest_impacted_original_chunk0054.jsonl","statePath":"EXP/20260504T161429Z/servicerequest_impacted_original_chunk0054.state.json","exported":0,"completed":true,"skipped":false},{"chunkNo":55,"from":54000,"to":54999,"mapRows":1000,"outPath":"EXP/20260504T161429Z/servicerequest_impacted_original_chunk0055.jsonl","statePath":"EXP/20260504T161429Z/servicerequest_impacted_original_chunk0055.state.json","exported":0,"completed":true,"skipped":false},{"chunkNo":56,"from":55000,"to":55999,"mapRows":1000,"outPath":"EXP/20260504T161429Z/servicerequest_impacted_original_chunk0056.jsonl","statePath":"EXP/20260504T161429Z/servicerequest_impacted_original_chunk0056.state.json","exported":0,"completed":true,"skipped":false},{"chunkNo":57,"from":56000,"to":56999,"mapRows":1000,"outPath":"EXP/20260504T161429Z/servicerequest_impacted_original_chunk0057.jsonl","statePath":"EXP/20260504T161429Z/servicerequest_impacted_original_chunk0057.state.json","exported":0,"completed":true,"skipped":false},{"chunkNo":58,"from":57000,"to":57999,"mapRows":1000,"outPath":"EXP/20260504T161429Z/servicerequest_impacted_original_chunk0058.jsonl","statePath":"EXP/20260504T161429Z/servicerequest_impacted_original_chunk0058.state.json","exported":0,"completed":true,"skipped":false},{"chunkNo":59,"from":58000,"to":58999,"mapRows":1000,"outPath":"EXP/20260504T161429Z/servicerequest_impacted_original_chunk0059.jsonl","statePath":"EXP/20260504T161429Z/servicerequest_impacted_original_chunk0059.state.json","exported":0,"completed":true,"skipped":false},{"chunkNo":60,"from":59000,"to":59999,"mapRows":1000,"outPath":"EXP/20260504T161429Z/servicerequest_impacted_original_chunk0060.jsonl","statePath":"EXP/20260504T161429Z/servicerequest_impacted_original_chunk0060.state.json","exported":0,"completed":true,"skipped":false},{"chunkNo":61,"from":60000,"to":60999,"mapRows":1000,"outPath":"EXP/20260504T161429Z/servicerequest_impacted_original_chunk0061.jsonl","statePath":"EXP/20260504T161429Z/servicerequest_impacted_original_chunk0061.state.json","exported":0,"completed":true,"skipped":false},{"chunkNo":62,"from":61000,"to":61999,"mapRows":1000,"outPath":"EXP/20260504T161429Z/servicerequest_impacted_original_chunk0062.jsonl","statePath":"EXP/20260504T161429Z/servicerequest_impacted_original_chunk0062.state.json","exported":0,"completed":true,"skipped":false},{"chunkNo":63,"from":62000,"to":62999,"mapRows":1000,"outPath":"EXP/20260504T161429Z/servicerequest_impacted_original_chunk0063.jsonl","statePath":"EXP/20260504T161429Z/servicerequest_impacted_original_chunk0063.state.json","exported":0,"completed":true,"skipped":false},{"chunkNo":64,"from":63000,"to":63999,"mapRows":1000,"outPath":"EXP/20260504T161429Z/servicerequest_impacted_original_chunk0064.jsonl","statePath":"EXP/20260504T161429Z/servicerequest_impacted_original_chunk0064.state.json","exported":0,"completed":true,"skipped":false},{"chunkNo":65,"from":64000,"to":64999,"mapRows":1000,"outPath":"EXP/20260504T161429Z/servicerequest_impacted_original_chunk0065.jsonl","statePath":"EXP/20260504T161429Z/servicerequest_impacted_original_chunk0065.state.json","exported":0,"completed":true,"skipped":false},{"chunkNo":66,"from":65000,"to":65999,"mapRows":1000,"outPath":"EXP/20260504T161429Z/servicerequest_impacted_original_chunk0066.jsonl","statePath":"EXP/20260504T161429Z/servicerequest_impacted_original_chunk0066.state.json","exported":0,"completed":true,"skipped":false},{"chunkNo":67,"from":66000,"to":66999,"mapRows":1000,"outPath":"EXP/20260504T161429Z/servicerequest_impacted_original_chunk0067.jsonl","statePath":"EXP/20260504T161429Z/servicerequest_impacted_original_chunk0067.state.json","exported":0,"completed":true,"skipped":false},{"chunkNo":68,"from":67000,"to":67999,"mapRows":1000,"outPath":"EXP/20260504T161429Z/servicerequest_impacted_original_chunk0068.jsonl","statePath":"EXP/20260504T161429Z/servicerequest_impacted_original_chunk0068.state.json","exported":0,"completed":true,"skipped":false},{"chunkNo":69,"from":68000,"to":68999,"mapRows":1000,"outPath":"EXP/20260504T161429Z/servicerequest_impacted_original_chunk0069.jsonl","statePath":"EXP/20260504T161429Z/servicerequest_impacted_original_chunk0069.state.json","exported":0,"completed":true,"skipped":false},{"chunkNo":70,"from":69000,"to":69999,"mapRows":1000,"outPath":"EXP/20260504T161429Z/servicerequest_impacted_original_chunk0070.jsonl","statePath":"EXP/20260504T161429Z/servicerequest_impacted_original_chunk0070.state.json","exported":0,"completed":true,"skipped":false},{"chunkNo":71,"from":70000,"to":70999,"mapRows":1000,"outPath":"EXP/20260504T161429Z/servicerequest_impacted_original_chunk0071.jsonl","statePath":"EXP/20260504T161429Z/servicerequest_impacted_original_chunk0071.state.json","exported":0,"completed":true,"skipped":false},{"chunkNo":72,"from":71000,"to":71999,"mapRows":1000,"outPath":"EXP/20260504T161429Z/servicerequest_impacted_original_chunk0072.jsonl","statePath":"EXP/20260504T161429Z/servicerequest_impacted_original_chunk0072.state.json","exported":0,"completed":true,"skipped":false},{"chunkNo":73,"from":72000,"to":72999,"mapRows":1000,"outPath":"EXP/20260504T161429Z/servicerequest_impacted_original_chunk0073.jsonl","statePath":"EXP/20260504T161429Z/servicerequest_impacted_original_chunk0073.state.json","exported":0,"completed":true,"skipped":false},{"chunkNo":74,"from":73000,"to":73999,"mapRows":1000,"outPath":"EXP/20260504T161429Z/servicerequest_impacted_original_chunk0074.jsonl","statePath":"EXP/20260504T161429Z/servicerequest_impacted_original_chunk0074.state.json","exported":0,"completed":true,"skipped":false},{"chunkNo":75,"from":74000,"to":74999,"mapRows":1000,"outPath":"EXP/20260504T161429Z/servicerequest_impacted_original_chunk0075.jsonl","statePath":"EXP/20260504T161429Z/servicerequest_impacted_original_chunk0075.state.json","exported":0,"completed":true,"skipped":false},{"chunkNo":76,"from":75000,"to":75999,"mapRows":1000,"outPath":"EXP/20260504T161429Z/servicerequest_impacted_original_chunk0076.jsonl","statePath":"EXP/20260504T161429Z/servicerequest_impacted_original_chunk0076.state.json","exported":0,"completed":true,"skipped":false},{"chunkNo":77,"from":76000,"to":76999,"mapRows":1000,"outPath":"EXP/20260504T161429Z/servicerequest_impacted_original_chunk0077.jsonl","statePath":"EXP/20260504T161429Z/servicerequest_impacted_original_chunk0077.state.json","exported":0,"completed":true,"skipped":false},{"chunkNo":78,"from":77000,"to":77969,"mapRows":970,"outPath":"EXP/20260504T161429Z/servicerequest_impacted_original_chunk0078.jsonl","statePath":"EXP/20260504T161429Z/servicerequest_impacted_original_chunk0078.state.json","exported":0,"completed":true,"skipped":false}]},"ts":"2026-05-04T16:18:16.502Z"}
{"type":"result","script":"016_04_importazione_prod_match_servicerequest_by_keys_replace_client_side.js","runId":"20260504T161429Z","stepId":33,"dbName":"hc40-index-bonifica","inDir":"EXP/20260504T161429Z","filePrefix":"servicerequest_impacted_chunk","fileSuffix":".jsonl","maxFiles":0,"collection":"servicerequest_impacted_modified","mode":"insert","batch":1000,"dropBefore":true,"totals":{"files":78,"totalLines":2252,"emptyLines":0,"parsedDocs":2252,"bulks":3,"opsExecuted":2252,"inserted":2252,"upserted":0,"modified":0},"finalCollCount":2252,"ts":"2026-05-04T16:18:27.615Z"}
{"type":"result","script":"016_04B_importazione_prod_match_servicerequest_by_keys_original.js","runId":"20260504T161429Z","stepId":34,"dbName":"hc40-index-bonifica","inDir":"EXP/20260504T161429Z","filePrefix":"servicerequest_impacted_original_chunk","fileSuffix":".jsonl","maxFiles":0,"collection":"servicerequest_impacted_original","mode":"insert","batch":1000,"dropBefore":true,"totals":{"files":78,"totalLines":2252,"emptyLines":0,"parsedDocs":2252,"bulks":3,"opsExecuted":2252,"inserted":2252,"upserted":0,"modified":0},"finalCollCount":2252,"ts":"2026-05-04T16:18:38.243Z"}
{"type":"result","script":"026_03_esportazione_su_file_prod_match_observation_by_keys_replace.js","runId":"20260504T161429Z","stepId":40,"dbName":"hc40-index-bonifica","expDir":"./EXP","outDir":"EXP/20260504T161429Z","outBase":"observation_impacted","outExt":".jsonl","logPath":"EXP/20260504T161429Z/observation_impacted.log","mapPath":"EXP/20260504T161429Z/sio_ihub_hc40_adt_keys_map.js","mapConstName":"SIO_IHUB_HC40_ADT_KEYS","globalStatePath":"EXP/20260504T161429Z/observation_impacted.chunks.state.json","debug":false,"debugDocId":null,"debugNoWrite":false,"mapChunkSize":1000,"batchSize":2000,"logEvery":1000,"matchName":"encounter:encounter.reference","hintName":"attribute_search.name_1_attribute_search.value_1__id_1","summary":{"totalPairs":77970,"chunkSize":1000,"chunkCount":78,"completedChunksBefore":[],"completedChunksAfter":[1,2,3,4,5,6,7,8,9,10,11,12,13,14,15,16,17,18,19,20,21,22,23,24,25,26,27,28,29,30,31,32,33,34,35,36,37,38,39,40,41,42,43,44,45,46,47,48,49,50,51,52,53,54,55,56,57,58,59,60,61,62,63,64,65,66,67,68,69,70,71,72,73,74,75,76,77,78],"totalExportedDocs":5306,"totalReplDirect":66809,"totalReplPipeSuffix":31088,"chunks":[{"chunkNo":1,"from":0,"to":999,"mapRows":1000,"outPath":"EXP/20260504T161429Z/observation_impacted_chunk0001.jsonl","statePath":"EXP/20260504T161429Z/observation_impacted_chunk0001.state.json","exported":5306,"replDirect":66809,"replPipeSuffix":31088,"completed":true,"skipped":false},{"chunkNo":2,"from":1000,"to":1999,"mapRows":1000,"outPath":"EXP/20260504T161429Z/observation_impacted_chunk0002.jsonl","statePath":"EXP/20260504T161429Z/observation_impacted_chunk0002.state.json","exported":0,"replDirect":0,"replPipeSuffix":0,"completed":true,"skipped":false},{"chunkNo":3,"from":2000,"to":2999,"mapRows":1000,"outPath":"EXP/20260504T161429Z/observation_impacted_chunk0003.jsonl","statePath":"EXP/20260504T161429Z/observation_impacted_chunk0003.state.json","exported":0,"replDirect":0,"replPipeSuffix":0,"completed":true,"skipped":false},{"chunkNo":4,"from":3000,"to":3999,"mapRows":1000,"outPath":"EXP/20260504T161429Z/observation_impacted_chunk0004.jsonl","statePath":"EXP/20260504T161429Z/observation_impacted_chunk0004.state.json","exported":0,"replDirect":0,"replPipeSuffix":0,"completed":true,"skipped":false},{"chunkNo":5,"from":4000,"to":4999,"mapRows":1000,"outPath":"EXP/20260504T161429Z/observation_impacted_chunk0005.jsonl","statePath":"EXP/20260504T161429Z/observation_impacted_chunk0005.state.json","exported":0,"replDirect":0,"replPipeSuffix":0,"completed":true,"skipped":false},{"chunkNo":6,"from":5000,"to":5999,"mapRows":1000,"outPath":"EXP/20260504T161429Z/observation_impacted_chunk0006.jsonl","statePath":"EXP/20260504T161429Z/observation_impacted_chunk0006.state.json","exported":0,"replDirect":0,"replPipeSuffix":0,"completed":true,"skipped":false},{"chunkNo":7,"from":6000,"to":6999,"mapRows":1000,"outPath":"EXP/20260504T161429Z/observation_impacted_chunk0007.jsonl","statePath":"EXP/20260504T161429Z/observation_impacted_chunk0007.state.json","exported":0,"replDirect":0,"replPipeSuffix":0,"completed":true,"skipped":false},{"chunkNo":8,"from":7000,"to":7999,"mapRows":1000,"outPath":"EXP/20260504T161429Z/observation_impacted_chunk0008.jsonl","statePath":"EXP/20260504T161429Z/observation_impacted_chunk0008.state.json","exported":0,"replDirect":0,"replPipeSuffix":0,"completed":true,"skipped":false},{"chunkNo":9,"from":8000,"to":8999,"mapRows":1000,"outPath":"EXP/20260504T161429Z/observation_impacted_chunk0009.jsonl","statePath":"EXP/20260504T161429Z/observation_impacted_chunk0009.state.json","exported":0,"replDirect":0,"replPipeSuffix":0,"completed":true,"skipped":false},{"chunkNo":10,"from":9000,"to":9999,"mapRows":1000,"outPath":"EXP/20260504T161429Z/observation_impacted_chunk0010.jsonl","statePath":"EXP/20260504T161429Z/observation_impacted_chunk0010.state.json","exported":0,"replDirect":0,"replPipeSuffix":0,"completed":true,"skipped":false},{"chunkNo":11,"from":10000,"to":10999,"mapRows":1000,"outPath":"EXP/20260504T161429Z/observation_impacted_chunk0011.jsonl","statePath":"EXP/20260504T161429Z/observation_impacted_chunk0011.state.json","exported":0,"replDirect":0,"replPipeSuffix":0,"completed":true,"skipped":false},{"chunkNo":12,"from":11000,"to":11999,"mapRows":1000,"outPath":"EXP/20260504T161429Z/observation_impacted_chunk0012.jsonl","statePath":"EXP/20260504T161429Z/observation_impacted_chunk0012.state.json","exported":0,"replDirect":0,"replPipeSuffix":0,"completed":true,"skipped":false},{"chunkNo":13,"from":12000,"to":12999,"mapRows":1000,"outPath":"EXP/20260504T161429Z/observation_impacted_chunk0013.jsonl","statePath":"EXP/20260504T161429Z/observation_impacted_chunk0013.state.json","exported":0,"replDirect":0,"replPipeSuffix":0,"completed":true,"skipped":false},{"chunkNo":14,"from":13000,"to":13999,"mapRows":1000,"outPath":"EXP/20260504T161429Z/observation_impacted_chunk0014.jsonl","statePath":"EXP/20260504T161429Z/observation_impacted_chunk0014.state.json","exported":0,"replDirect":0,"replPipeSuffix":0,"completed":true,"skipped":false},{"chunkNo":15,"from":14000,"to":14999,"mapRows":1000,"outPath":"EXP/20260504T161429Z/observation_impacted_chunk0015.jsonl","statePath":"EXP/20260504T161429Z/observation_impacted_chunk0015.state.json","exported":0,"replDirect":0,"replPipeSuffix":0,"completed":true,"skipped":false},{"chunkNo":16,"from":15000,"to":15999,"mapRows":1000,"outPath":"EXP/20260504T161429Z/observation_impacted_chunk0016.jsonl","statePath":"EXP/20260504T161429Z/observation_impacted_chunk0016.state.json","exported":0,"replDirect":0,"replPipeSuffix":0,"completed":true,"skipped":false},{"chunkNo":17,"from":16000,"to":16999,"mapRows":1000,"outPath":"EXP/20260504T161429Z/observation_impacted_chunk0017.jsonl","statePath":"EXP/20260504T161429Z/observation_impacted_chunk0017.state.json","exported":0,"replDirect":0,"replPipeSuffix":0,"completed":true,"skipped":false},{"chunkNo":18,"from":17000,"to":17999,"mapRows":1000,"outPath":"EXP/20260504T161429Z/observation_impacted_chunk0018.jsonl","statePath":"EXP/20260504T161429Z/observation_impacted_chunk0018.state.json","exported":0,"replDirect":0,"replPipeSuffix":0,"completed":true,"skipped":false},{"chunkNo":19,"from":18000,"to":18999,"mapRows":1000,"outPath":"EXP/20260504T161429Z/observation_impacted_chunk0019.jsonl","statePath":"EXP/20260504T161429Z/observation_impacted_chunk0019.state.json","exported":0,"replDirect":0,"replPipeSuffix":0,"completed":true,"skipped":false},{"chunkNo":20,"from":19000,"to":19999,"mapRows":1000,"outPath":"EXP/20260504T161429Z/observation_impacted_chunk0020.jsonl","statePath":"EXP/20260504T161429Z/observation_impacted_chunk0020.state.json","exported":0,"replDirect":0,"replPipeSuffix":0,"completed":true,"skipped":false},{"chunkNo":21,"from":20000,"to":20999,"mapRows":1000,"outPath":"EXP/20260504T161429Z/observation_impacted_chunk0021.jsonl","statePath":"EXP/20260504T161429Z/observation_impacted_chunk0021.state.json","exported":0,"replDirect":0,"replPipeSuffix":0,"completed":true,"skipped":false},{"chunkNo":22,"from":21000,"to":21999,"mapRows":1000,"outPath":"EXP/20260504T161429Z/observation_impacted_chunk0022.jsonl","statePath":"EXP/20260504T161429Z/observation_impacted_chunk0022.state.json","exported":0,"replDirect":0,"replPipeSuffix":0,"completed":true,"skipped":false},{"chunkNo":23,"from":22000,"to":22999,"mapRows":1000,"outPath":"EXP/20260504T161429Z/observation_impacted_chunk0023.jsonl","statePath":"EXP/20260504T161429Z/observation_impacted_chunk0023.state.json","exported":0,"replDirect":0,"replPipeSuffix":0,"completed":true,"skipped":false},{"chunkNo":24,"from":23000,"to":23999,"mapRows":1000,"outPath":"EXP/20260504T161429Z/observation_impacted_chunk0024.jsonl","statePath":"EXP/20260504T161429Z/observation_impacted_chunk0024.state.json","exported":0,"replDirect":0,"replPipeSuffix":0,"completed":true,"skipped":false},{"chunkNo":25,"from":24000,"to":24999,"mapRows":1000,"outPath":"EXP/20260504T161429Z/observation_impacted_chunk0025.jsonl","statePath":"EXP/20260504T161429Z/observation_impacted_chunk0025.state.json","exported":0,"replDirect":0,"replPipeSuffix":0,"completed":true,"skipped":false},{"chunkNo":26,"from":25000,"to":25999,"mapRows":1000,"outPath":"EXP/20260504T161429Z/observation_impacted_chunk0026.jsonl","statePath":"EXP/20260504T161429Z/observation_impacted_chunk0026.state.json","exported":0,"replDirect":0,"replPipeSuffix":0,"completed":true,"skipped":false},{"chunkNo":27,"from":26000,"to":26999,"mapRows":1000,"outPath":"EXP/20260504T161429Z/observation_impacted_chunk0027.jsonl","statePath":"EXP/20260504T161429Z/observation_impacted_chunk0027.state.json","exported":0,"replDirect":0,"replPipeSuffix":0,"completed":true,"skipped":false},{"chunkNo":28,"from":27000,"to":27999,"mapRows":1000,"outPath":"EXP/20260504T161429Z/observation_impacted_chunk0028.jsonl","statePath":"EXP/20260504T161429Z/observation_impacted_chunk0028.state.json","exported":0,"replDirect":0,"replPipeSuffix":0,"completed":true,"skipped":false},{"chunkNo":29,"from":28000,"to":28999,"mapRows":1000,"outPath":"EXP/20260504T161429Z/observation_impacted_chunk0029.jsonl","statePath":"EXP/20260504T161429Z/observation_impacted_chunk0029.state.json","exported":0,"replDirect":0,"replPipeSuffix":0,"completed":true,"skipped":false},{"chunkNo":30,"from":29000,"to":29999,"mapRows":1000,"outPath":"EXP/20260504T161429Z/observation_impacted_chunk0030.jsonl","statePath":"EXP/20260504T161429Z/observation_impacted_chunk0030.state.json","exported":0,"replDirect":0,"replPipeSuffix":0,"completed":true,"skipped":false},{"chunkNo":31,"from":30000,"to":30999,"mapRows":1000,"outPath":"EXP/20260504T161429Z/observation_impacted_chunk0031.jsonl","statePath":"EXP/20260504T161429Z/observation_impacted_chunk0031.state.json","exported":0,"replDirect":0,"replPipeSuffix":0,"completed":true,"skipped":false},{"chunkNo":32,"from":31000,"to":31999,"mapRows":1000,"outPath":"EXP/20260504T161429Z/observation_impacted_chunk0032.jsonl","statePath":"EXP/20260504T161429Z/observation_impacted_chunk0032.state.json","exported":0,"replDirect":0,"replPipeSuffix":0,"completed":true,"skipped":false},{"chunkNo":33,"from":32000,"to":32999,"mapRows":1000,"outPath":"EXP/20260504T161429Z/observation_impacted_chunk0033.jsonl","statePath":"EXP/20260504T161429Z/observation_impacted_chunk0033.state.json","exported":0,"replDirect":0,"replPipeSuffix":0,"completed":true,"skipped":false},{"chunkNo":34,"from":33000,"to":33999,"mapRows":1000,"outPath":"EXP/20260504T161429Z/observation_impacted_chunk0034.jsonl","statePath":"EXP/20260504T161429Z/observation_impacted_chunk0034.state.json","exported":0,"replDirect":0,"replPipeSuffix":0,"completed":true,"skipped":false},{"chunkNo":35,"from":34000,"to":34999,"mapRows":1000,"outPath":"EXP/20260504T161429Z/observation_impacted_chunk0035.jsonl","statePath":"EXP/20260504T161429Z/observation_impacted_chunk0035.state.json","exported":0,"replDirect":0,"replPipeSuffix":0,"completed":true,"skipped":false},{"chunkNo":36,"from":35000,"to":35999,"mapRows":1000,"outPath":"EXP/20260504T161429Z/observation_impacted_chunk0036.jsonl","statePath":"EXP/20260504T161429Z/observation_impacted_chunk0036.state.json","exported":0,"replDirect":0,"replPipeSuffix":0,"completed":true,"skipped":false},{"chunkNo":37,"from":36000,"to":36999,"mapRows":1000,"outPath":"EXP/20260504T161429Z/observation_impacted_chunk0037.jsonl","statePath":"EXP/20260504T161429Z/observation_impacted_chunk0037.state.json","exported":0,"replDirect":0,"replPipeSuffix":0,"completed":true,"skipped":false},{"chunkNo":38,"from":37000,"to":37999,"mapRows":1000,"outPath":"EXP/20260504T161429Z/observation_impacted_chunk0038.jsonl","statePath":"EXP/20260504T161429Z/observation_impacted_chunk0038.state.json","exported":0,"replDirect":0,"replPipeSuffix":0,"completed":true,"skipped":false},{"chunkNo":39,"from":38000,"to":38999,"mapRows":1000,"outPath":"EXP/20260504T161429Z/observation_impacted_chunk0039.jsonl","statePath":"EXP/20260504T161429Z/observation_impacted_chunk0039.state.json","exported":0,"replDirect":0,"replPipeSuffix":0,"completed":true,"skipped":false},{"chunkNo":40,"from":39000,"to":39999,"mapRows":1000,"outPath":"EXP/20260504T161429Z/observation_impacted_chunk0040.jsonl","statePath":"EXP/20260504T161429Z/observation_impacted_chunk0040.state.json","exported":0,"replDirect":0,"replPipeSuffix":0,"completed":true,"skipped":false},{"chunkNo":41,"from":40000,"to":40999,"mapRows":1000,"outPath":"EXP/20260504T161429Z/observation_impacted_chunk0041.jsonl","statePath":"EXP/20260504T161429Z/observation_impacted_chunk0041.state.json","exported":0,"replDirect":0,"replPipeSuffix":0,"completed":true,"skipped":false},{"chunkNo":42,"from":41000,"to":41999,"mapRows":1000,"outPath":"EXP/20260504T161429Z/observation_impacted_chunk0042.jsonl","statePath":"EXP/20260504T161429Z/observation_impacted_chunk0042.state.json","exported":0,"replDirect":0,"replPipeSuffix":0,"completed":true,"skipped":false},{"chunkNo":43,"from":42000,"to":42999,"mapRows":1000,"outPath":"EXP/20260504T161429Z/observation_impacted_chunk0043.jsonl","statePath":"EXP/20260504T161429Z/observation_impacted_chunk0043.state.json","exported":0,"replDirect":0,"replPipeSuffix":0,"completed":true,"skipped":false},{"chunkNo":44,"from":43000,"to":43999,"mapRows":1000,"outPath":"EXP/20260504T161429Z/observation_impacted_chunk0044.jsonl","statePath":"EXP/20260504T161429Z/observation_impacted_chunk0044.state.json","exported":0,"replDirect":0,"replPipeSuffix":0,"completed":true,"skipped":false},{"chunkNo":45,"from":44000,"to":44999,"mapRows":1000,"outPath":"EXP/20260504T161429Z/observation_impacted_chunk0045.jsonl","statePath":"EXP/20260504T161429Z/observation_impacted_chunk0045.state.json","exported":0,"replDirect":0,"replPipeSuffix":0,"completed":true,"skipped":false},{"chunkNo":46,"from":45000,"to":45999,"mapRows":1000,"outPath":"EXP/20260504T161429Z/observation_impacted_chunk0046.jsonl","statePath":"EXP/20260504T161429Z/observation_impacted_chunk0046.state.json","exported":0,"replDirect":0,"replPipeSuffix":0,"completed":true,"skipped":false},{"chunkNo":47,"from":46000,"to":46999,"mapRows":1000,"outPath":"EXP/20260504T161429Z/observation_impacted_chunk0047.jsonl","statePath":"EXP/20260504T161429Z/observation_impacted_chunk0047.state.json","exported":0,"replDirect":0,"replPipeSuffix":0,"completed":true,"skipped":false},{"chunkNo":48,"from":47000,"to":47999,"mapRows":1000,"outPath":"EXP/20260504T161429Z/observation_impacted_chunk0048.jsonl","statePath":"EXP/20260504T161429Z/observation_impacted_chunk0048.state.json","exported":0,"replDirect":0,"replPipeSuffix":0,"completed":true,"skipped":false},{"chunkNo":49,"from":48000,"to":48999,"mapRows":1000,"outPath":"EXP/20260504T161429Z/observation_impacted_chunk0049.jsonl","statePath":"EXP/20260504T161429Z/observation_impacted_chunk0049.state.json","exported":0,"replDirect":0,"replPipeSuffix":0,"completed":true,"skipped":false},{"chunkNo":50,"from":49000,"to":49999,"mapRows":1000,"outPath":"EXP/20260504T161429Z/observation_impacted_chunk0050.jsonl","statePath":"EXP/20260504T161429Z/observation_impacted_chunk0050.state.json","exported":0,"replDirect":0,"replPipeSuffix":0,"completed":true,"skipped":false},{"chunkNo":51,"from":50000,"to":50999,"mapRows":1000,"outPath":"EXP/20260504T161429Z/observation_impacted_chunk0051.jsonl","statePath":"EXP/20260504T161429Z/observation_impacted_chunk0051.state.json","exported":0,"replDirect":0,"replPipeSuffix":0,"completed":true,"skipped":false},{"chunkNo":52,"from":51000,"to":51999,"mapRows":1000,"outPath":"EXP/20260504T161429Z/observation_impacted_chunk0052.jsonl","statePath":"EXP/20260504T161429Z/observation_impacted_chunk0052.state.json","exported":0,"replDirect":0,"replPipeSuffix":0,"completed":true,"skipped":false},{"chunkNo":53,"from":52000,"to":52999,"mapRows":1000,"outPath":"EXP/20260504T161429Z/observation_impacted_chunk0053.jsonl","statePath":"EXP/20260504T161429Z/observation_impacted_chunk0053.state.json","exported":0,"replDirect":0,"replPipeSuffix":0,"completed":true,"skipped":false},{"chunkNo":54,"from":53000,"to":53999,"mapRows":1000,"outPath":"EXP/20260504T161429Z/observation_impacted_chunk0054.jsonl","statePath":"EXP/20260504T161429Z/observation_impacted_chunk0054.state.json","exported":0,"replDirect":0,"replPipeSuffix":0,"completed":true,"skipped":false},{"chunkNo":55,"from":54000,"to":54999,"mapRows":1000,"outPath":"EXP/20260504T161429Z/observation_impacted_chunk0055.jsonl","statePath":"EXP/20260504T161429Z/observation_impacted_chunk0055.state.json","exported":0,"replDirect":0,"replPipeSuffix":0,"completed":true,"skipped":false},{"chunkNo":56,"from":55000,"to":55999,"mapRows":1000,"outPath":"EXP/20260504T161429Z/observation_impacted_chunk0056.jsonl","statePath":"EXP/20260504T161429Z/observation_impacted_chunk0056.state.json","exported":0,"replDirect":0,"replPipeSuffix":0,"completed":true,"skipped":false},{"chunkNo":57,"from":56000,"to":56999,"mapRows":1000,"outPath":"EXP/20260504T161429Z/observation_impacted_chunk0057.jsonl","statePath":"EXP/20260504T161429Z/observation_impacted_chunk0057.state.json","exported":0,"replDirect":0,"replPipeSuffix":0,"completed":true,"skipped":false},{"chunkNo":58,"from":57000,"to":57999,"mapRows":1000,"outPath":"EXP/20260504T161429Z/observation_impacted_chunk0058.jsonl","statePath":"EXP/20260504T161429Z/observation_impacted_chunk0058.state.json","exported":0,"replDirect":0,"replPipeSuffix":0,"completed":true,"skipped":false},{"chunkNo":59,"from":58000,"to":58999,"mapRows":1000,"outPath":"EXP/20260504T161429Z/observation_impacted_chunk0059.jsonl","statePath":"EXP/20260504T161429Z/observation_impacted_chunk0059.state.json","exported":0,"replDirect":0,"replPipeSuffix":0,"completed":true,"skipped":false},{"chunkNo":60,"from":59000,"to":59999,"mapRows":1000,"outPath":"EXP/20260504T161429Z/observation_impacted_chunk0060.jsonl","statePath":"EXP/20260504T161429Z/observation_impacted_chunk0060.state.json","exported":0,"replDirect":0,"replPipeSuffix":0,"completed":true,"skipped":false},{"chunkNo":61,"from":60000,"to":60999,"mapRows":1000,"outPath":"EXP/20260504T161429Z/observation_impacted_chunk0061.jsonl","statePath":"EXP/20260504T161429Z/observation_impacted_chunk0061.state.json","exported":0,"replDirect":0,"replPipeSuffix":0,"completed":true,"skipped":false},{"chunkNo":62,"from":61000,"to":61999,"mapRows":1000,"outPath":"EXP/20260504T161429Z/observation_impacted_chunk0062.jsonl","statePath":"EXP/20260504T161429Z/observation_impacted_chunk0062.state.json","exported":0,"replDirect":0,"replPipeSuffix":0,"completed":true,"skipped":false},{"chunkNo":63,"from":62000,"to":62999,"mapRows":1000,"outPath":"EXP/20260504T161429Z/observation_impacted_chunk0063.jsonl","statePath":"EXP/20260504T161429Z/observation_impacted_chunk0063.state.json","exported":0,"replDirect":0,"replPipeSuffix":0,"completed":true,"skipped":false},{"chunkNo":64,"from":63000,"to":63999,"mapRows":1000,"outPath":"EXP/20260504T161429Z/observation_impacted_chunk0064.jsonl","statePath":"EXP/20260504T161429Z/observation_impacted_chunk0064.state.json","exported":0,"replDirect":0,"replPipeSuffix":0,"completed":true,"skipped":false},{"chunkNo":65,"from":64000,"to":64999,"mapRows":1000,"outPath":"EXP/20260504T161429Z/observation_impacted_chunk0065.jsonl","statePath":"EXP/20260504T161429Z/observation_impacted_chunk0065.state.json","exported":0,"replDirect":0,"replPipeSuffix":0,"completed":true,"skipped":false},{"chunkNo":66,"from":65000,"to":65999,"mapRows":1000,"outPath":"EXP/20260504T161429Z/observation_impacted_chunk0066.jsonl","statePath":"EXP/20260504T161429Z/observation_impacted_chunk0066.state.json","exported":0,"replDirect":0,"replPipeSuffix":0,"completed":true,"skipped":false},{"chunkNo":67,"from":66000,"to":66999,"mapRows":1000,"outPath":"EXP/20260504T161429Z/observation_impacted_chunk0067.jsonl","statePath":"EXP/20260504T161429Z/observation_impacted_chunk0067.state.json","exported":0,"replDirect":0,"replPipeSuffix":0,"completed":true,"skipped":false},{"chunkNo":68,"from":67000,"to":67999,"mapRows":1000,"outPath":"EXP/20260504T161429Z/observation_impacted_chunk0068.jsonl","statePath":"EXP/20260504T161429Z/observation_impacted_chunk0068.state.json","exported":0,"replDirect":0,"replPipeSuffix":0,"completed":true,"skipped":false},{"chunkNo":69,"from":68000,"to":68999,"mapRows":1000,"outPath":"EXP/20260504T161429Z/observation_impacted_chunk0069.jsonl","statePath":"EXP/20260504T161429Z/observation_impacted_chunk0069.state.json","exported":0,"replDirect":0,"replPipeSuffix":0,"completed":true,"skipped":false},{"chunkNo":70,"from":69000,"to":69999,"mapRows":1000,"outPath":"EXP/20260504T161429Z/observation_impacted_chunk0070.jsonl","statePath":"EXP/20260504T161429Z/observation_impacted_chunk0070.state.json","exported":0,"replDirect":0,"replPipeSuffix":0,"completed":true,"skipped":false},{"chunkNo":71,"from":70000,"to":70999,"mapRows":1000,"outPath":"EXP/20260504T161429Z/observation_impacted_chunk0071.jsonl","statePath":"EXP/20260504T161429Z/observation_impacted_chunk0071.state.json","exported":0,"replDirect":0,"replPipeSuffix":0,"completed":true,"skipped":false},{"chunkNo":72,"from":71000,"to":71999,"mapRows":1000,"outPath":"EXP/20260504T161429Z/observation_impacted_chunk0072.jsonl","statePath":"EXP/20260504T161429Z/observation_impacted_chunk0072.state.json","exported":0,"replDirect":0,"replPipeSuffix":0,"completed":true,"skipped":false},{"chunkNo":73,"from":72000,"to":72999,"mapRows":1000,"outPath":"EXP/20260504T161429Z/observation_impacted_chunk0073.jsonl","statePath":"EXP/20260504T161429Z/observation_impacted_chunk0073.state.json","exported":0,"replDirect":0,"replPipeSuffix":0,"completed":true,"skipped":false},{"chunkNo":74,"from":73000,"to":73999,"mapRows":1000,"outPath":"EXP/20260504T161429Z/observation_impacted_chunk0074.jsonl","statePath":"EXP/20260504T161429Z/observation_impacted_chunk0074.state.json","exported":0,"replDirect":0,"replPipeSuffix":0,"completed":true,"skipped":false},{"chunkNo":75,"from":74000,"to":74999,"mapRows":1000,"outPath":"EXP/20260504T161429Z/observation_impacted_chunk0075.jsonl","statePath":"EXP/20260504T161429Z/observation_impacted_chunk0075.state.json","exported":0,"replDirect":0,"replPipeSuffix":0,"completed":true,"skipped":false},{"chunkNo":76,"from":75000,"to":75999,"mapRows":1000,"outPath":"EXP/20260504T161429Z/observation_impacted_chunk0076.jsonl","statePath":"EXP/20260504T161429Z/observation_impacted_chunk0076.state.json","exported":0,"replDirect":0,"replPipeSuffix":0,"completed":true,"skipped":false},{"chunkNo":77,"from":76000,"to":76999,"mapRows":1000,"outPath":"EXP/20260504T161429Z/observation_impacted_chunk0077.jsonl","statePath":"EXP/20260504T161429Z/observation_impacted_chunk0077.state.json","exported":0,"replDirect":0,"replPipeSuffix":0,"completed":true,"skipped":false},{"chunkNo":78,"from":77000,"to":77969,"mapRows":970,"outPath":"EXP/20260504T161429Z/observation_impacted_chunk0078.jsonl","statePath":"EXP/20260504T161429Z/observation_impacted_chunk0078.state.json","exported":0,"replDirect":0,"replPipeSuffix":0,"completed":true,"skipped":false}]},"ts":"2026-05-04T16:19:35.696Z"}
{"type":"result","script":"026_03B_esportazione_su_file_prod_match_observation_by_keys_original.js","runId":"20260504T161429Z","stepId":41,"dbName":"hc40-index-bonifica","expDir":"./EXP","outDir":"EXP/20260504T161429Z","outBase":"observation_impacted_original","outExt":".jsonl","logPath":"EXP/20260504T161429Z/observation_impacted_original.log","mapPath":"EXP/20260504T161429Z/sio_ihub_hc40_adt_keys_map.js","mapConstName":"SIO_IHUB_HC40_ADT_KEYS","globalStatePath":"EXP/20260504T161429Z/observation_impacted_original.chunks.state.json","debug":false,"debugDocId":null,"debugNoWrite":false,"mapChunkSize":1000,"batchSize":2000,"logEvery":1000,"matchName":"encounter:encounter.reference","hintName":"attribute_search.name_1_attribute_search.value_1__id_1","summary":{"totalPairs":77970,"chunkSize":1000,"chunkCount":78,"completedChunksBefore":[],"completedChunksAfter":[1,2,3,4,5,6,7,8,9,10,11,12,13,14,15,16,17,18,19,20,21,22,23,24,25,26,27,28,29,30,31,32,33,34,35,36,37,38,39,40,41,42,43,44,45,46,47,48,49,50,51,52,53,54,55,56,57,58,59,60,61,62,63,64,65,66,67,68,69,70,71,72,73,74,75,76,77,78],"totalExportedDocs":5306,"chunks":[{"chunkNo":1,"from":0,"to":999,"mapRows":1000,"outPath":"EXP/20260504T161429Z/observation_impacted_original_chunk0001.jsonl","statePath":"EXP/20260504T161429Z/observation_impacted_original_chunk0001.state.json","exported":5306,"completed":true,"skipped":false},{"chunkNo":2,"from":1000,"to":1999,"mapRows":1000,"outPath":"EXP/20260504T161429Z/observation_impacted_original_chunk0002.jsonl","statePath":"EXP/20260504T161429Z/observation_impacted_original_chunk0002.state.json","exported":0,"completed":true,"skipped":false},{"chunkNo":3,"from":2000,"to":2999,"mapRows":1000,"outPath":"EXP/20260504T161429Z/observation_impacted_original_chunk0003.jsonl","statePath":"EXP/20260504T161429Z/observation_impacted_original_chunk0003.state.json","exported":0,"completed":true,"skipped":false},{"chunkNo":4,"from":3000,"to":3999,"mapRows":1000,"outPath":"EXP/20260504T161429Z/observation_impacted_original_chunk0004.jsonl","statePath":"EXP/20260504T161429Z/observation_impacted_original_chunk0004.state.json","exported":0,"completed":true,"skipped":false},{"chunkNo":5,"from":4000,"to":4999,"mapRows":1000,"outPath":"EXP/20260504T161429Z/observation_impacted_original_chunk0005.jsonl","statePath":"EXP/20260504T161429Z/observation_impacted_original_chunk0005.state.json","exported":0,"completed":true,"skipped":false},{"chunkNo":6,"from":5000,"to":5999,"mapRows":1000,"outPath":"EXP/20260504T161429Z/observation_impacted_original_chunk0006.jsonl","statePath":"EXP/20260504T161429Z/observation_impacted_original_chunk0006.state.json","exported":0,"completed":true,"skipped":false},{"chunkNo":7,"from":6000,"to":6999,"mapRows":1000,"outPath":"EXP/20260504T161429Z/observation_impacted_original_chunk0007.jsonl","statePath":"EXP/20260504T161429Z/observation_impacted_original_chunk0007.state.json","exported":0,"completed":true,"skipped":false},{"chunkNo":8,"from":7000,"to":7999,"mapRows":1000,"outPath":"EXP/20260504T161429Z/observation_impacted_original_chunk0008.jsonl","statePath":"EXP/20260504T161429Z/observation_impacted_original_chunk0008.state.json","exported":0,"completed":true,"skipped":false},{"chunkNo":9,"from":8000,"to":8999,"mapRows":1000,"outPath":"EXP/20260504T161429Z/observation_impacted_original_chunk0009.jsonl","statePath":"EXP/20260504T161429Z/observation_impacted_original_chunk0009.state.json","exported":0,"completed":true,"skipped":false},{"chunkNo":10,"from":9000,"to":9999,"mapRows":1000,"outPath":"EXP/20260504T161429Z/observation_impacted_original_chunk0010.jsonl","statePath":"EXP/20260504T161429Z/observation_impacted_original_chunk0010.state.json","exported":0,"completed":true,"skipped":false},{"chunkNo":11,"from":10000,"to":10999,"mapRows":1000,"outPath":"EXP/20260504T161429Z/observation_impacted_original_chunk0011.jsonl","statePath":"EXP/20260504T161429Z/observation_impacted_original_chunk0011.state.json","exported":0,"completed":true,"skipped":false},{"chunkNo":12,"from":11000,"to":11999,"mapRows":1000,"outPath":"EXP/20260504T161429Z/observation_impacted_original_chunk0012.jsonl","statePath":"EXP/20260504T161429Z/observation_impacted_original_chunk0012.state.json","exported":0,"completed":true,"skipped":false},{"chunkNo":13,"from":12000,"to":12999,"mapRows":1000,"outPath":"EXP/20260504T161429Z/observation_impacted_original_chunk0013.jsonl","statePath":"EXP/20260504T161429Z/observation_impacted_original_chunk0013.state.json","exported":0,"completed":true,"skipped":false},{"chunkNo":14,"from":13000,"to":13999,"mapRows":1000,"outPath":"EXP/20260504T161429Z/observation_impacted_original_chunk0014.jsonl","statePath":"EXP/20260504T161429Z/observation_impacted_original_chunk0014.state.json","exported":0,"completed":true,"skipped":false},{"chunkNo":15,"from":14000,"to":14999,"mapRows":1000,"outPath":"EXP/20260504T161429Z/observation_impacted_original_chunk0015.jsonl","statePath":"EXP/20260504T161429Z/observation_impacted_original_chunk0015.state.json","exported":0,"completed":true,"skipped":false},{"chunkNo":16,"from":15000,"to":15999,"mapRows":1000,"outPath":"EXP/20260504T161429Z/observation_impacted_original_chunk0016.jsonl","statePath":"EXP/20260504T161429Z/observation_impacted_original_chunk0016.state.json","exported":0,"completed":true,"skipped":false},{"chunkNo":17,"from":16000,"to":16999,"mapRows":1000,"outPath":"EXP/20260504T161429Z/observation_impacted_original_chunk0017.jsonl","statePath":"EXP/20260504T161429Z/observation_impacted_original_chunk0017.state.json","exported":0,"completed":true,"skipped":false},{"chunkNo":18,"from":17000,"to":17999,"mapRows":1000,"outPath":"EXP/20260504T161429Z/observation_impacted_original_chunk0018.jsonl","statePath":"EXP/20260504T161429Z/observation_impacted_original_chunk0018.state.json","exported":0,"completed":true,"skipped":false},{"chunkNo":19,"from":18000,"to":18999,"mapRows":1000,"outPath":"EXP/20260504T161429Z/observation_impacted_original_chunk0019.jsonl","statePath":"EXP/20260504T161429Z/observation_impacted_original_chunk0019.state.json","exported":0,"completed":true,"skipped":false},{"chunkNo":20,"from":19000,"to":19999,"mapRows":1000,"outPath":"EXP/20260504T161429Z/observation_impacted_original_chunk0020.jsonl","statePath":"EXP/20260504T161429Z/observation_impacted_original_chunk0020.state.json","exported":0,"completed":true,"skipped":false},{"chunkNo":21,"from":20000,"to":20999,"mapRows":1000,"outPath":"EXP/20260504T161429Z/observation_impacted_original_chunk0021.jsonl","statePath":"EXP/20260504T161429Z/observation_impacted_original_chunk0021.state.json","exported":0,"completed":true,"skipped":false},{"chunkNo":22,"from":21000,"to":21999,"mapRows":1000,"outPath":"EXP/20260504T161429Z/observation_impacted_original_chunk0022.jsonl","statePath":"EXP/20260504T161429Z/observation_impacted_original_chunk0022.state.json","exported":0,"completed":true,"skipped":false},{"chunkNo":23,"from":22000,"to":22999,"mapRows":1000,"outPath":"EXP/20260504T161429Z/observation_impacted_original_chunk0023.jsonl","statePath":"EXP/20260504T161429Z/observation_impacted_original_chunk0023.state.json","exported":0,"completed":true,"skipped":false},{"chunkNo":24,"from":23000,"to":23999,"mapRows":1000,"outPath":"EXP/20260504T161429Z/observation_impacted_original_chunk0024.jsonl","statePath":"EXP/20260504T161429Z/observation_impacted_original_chunk0024.state.json","exported":0,"completed":true,"skipped":false},{"chunkNo":25,"from":24000,"to":24999,"mapRows":1000,"outPath":"EXP/20260504T161429Z/observation_impacted_original_chunk0025.jsonl","statePath":"EXP/20260504T161429Z/observation_impacted_original_chunk0025.state.json","exported":0,"completed":true,"skipped":false},{"chunkNo":26,"from":25000,"to":25999,"mapRows":1000,"outPath":"EXP/20260504T161429Z/observation_impacted_original_chunk0026.jsonl","statePath":"EXP/20260504T161429Z/observation_impacted_original_chunk0026.state.json","exported":0,"completed":true,"skipped":false},{"chunkNo":27,"from":26000,"to":26999,"mapRows":1000,"outPath":"EXP/20260504T161429Z/observation_impacted_original_chunk0027.jsonl","statePath":"EXP/20260504T161429Z/observation_impacted_original_chunk0027.state.json","exported":0,"completed":true,"skipped":false},{"chunkNo":28,"from":27000,"to":27999,"mapRows":1000,"outPath":"EXP/20260504T161429Z/observation_impacted_original_chunk0028.jsonl","statePath":"EXP/20260504T161429Z/observation_impacted_original_chunk0028.state.json","exported":0,"completed":true,"skipped":false},{"chunkNo":29,"from":28000,"to":28999,"mapRows":1000,"outPath":"EXP/20260504T161429Z/observation_impacted_original_chunk0029.jsonl","statePath":"EXP/20260504T161429Z/observation_impacted_original_chunk0029.state.json","exported":0,"completed":true,"skipped":false},{"chunkNo":30,"from":29000,"to":29999,"mapRows":1000,"outPath":"EXP/20260504T161429Z/observation_impacted_original_chunk0030.jsonl","statePath":"EXP/20260504T161429Z/observation_impacted_original_chunk0030.state.json","exported":0,"completed":true,"skipped":false},{"chunkNo":31,"from":30000,"to":30999,"mapRows":1000,"outPath":"EXP/20260504T161429Z/observation_impacted_original_chunk0031.jsonl","statePath":"EXP/20260504T161429Z/observation_impacted_original_chunk0031.state.json","exported":0,"completed":true,"skipped":false},{"chunkNo":32,"from":31000,"to":31999,"mapRows":1000,"outPath":"EXP/20260504T161429Z/observation_impacted_original_chunk0032.jsonl","statePath":"EXP/20260504T161429Z/observation_impacted_original_chunk0032.state.json","exported":0,"completed":true,"skipped":false},{"chunkNo":33,"from":32000,"to":32999,"mapRows":1000,"outPath":"EXP/20260504T161429Z/observation_impacted_original_chunk0033.jsonl","statePath":"EXP/20260504T161429Z/observation_impacted_original_chunk0033.state.json","exported":0,"completed":true,"skipped":false},{"chunkNo":34,"from":33000,"to":33999,"mapRows":1000,"outPath":"EXP/20260504T161429Z/observation_impacted_original_chunk0034.jsonl","statePath":"EXP/20260504T161429Z/observation_impacted_original_chunk0034.state.json","exported":0,"completed":true,"skipped":false},{"chunkNo":35,"from":34000,"to":34999,"mapRows":1000,"outPath":"EXP/20260504T161429Z/observation_impacted_original_chunk0035.jsonl","statePath":"EXP/20260504T161429Z/observation_impacted_original_chunk0035.state.json","exported":0,"completed":true,"skipped":false},{"chunkNo":36,"from":35000,"to":35999,"mapRows":1000,"outPath":"EXP/20260504T161429Z/observation_impacted_original_chunk0036.jsonl","statePath":"EXP/20260504T161429Z/observation_impacted_original_chunk0036.state.json","exported":0,"completed":true,"skipped":false},{"chunkNo":37,"from":36000,"to":36999,"mapRows":1000,"outPath":"EXP/20260504T161429Z/observation_impacted_original_chunk0037.jsonl","statePath":"EXP/20260504T161429Z/observation_impacted_original_chunk0037.state.json","exported":0,"completed":true,"skipped":false},{"chunkNo":38,"from":37000,"to":37999,"mapRows":1000,"outPath":"EXP/20260504T161429Z/observation_impacted_original_chunk0038.jsonl","statePath":"EXP/20260504T161429Z/observation_impacted_original_chunk0038.state.json","exported":0,"completed":true,"skipped":false},{"chunkNo":39,"from":38000,"to":38999,"mapRows":1000,"outPath":"EXP/20260504T161429Z/observation_impacted_original_chunk0039.jsonl","statePath":"EXP/20260504T161429Z/observation_impacted_original_chunk0039.state.json","exported":0,"completed":true,"skipped":false},{"chunkNo":40,"from":39000,"to":39999,"mapRows":1000,"outPath":"EXP/20260504T161429Z/observation_impacted_original_chunk0040.jsonl","statePath":"EXP/20260504T161429Z/observation_impacted_original_chunk0040.state.json","exported":0,"completed":true,"skipped":false},{"chunkNo":41,"from":40000,"to":40999,"mapRows":1000,"outPath":"EXP/20260504T161429Z/observation_impacted_original_chunk0041.jsonl","statePath":"EXP/20260504T161429Z/observation_impacted_original_chunk0041.state.json","exported":0,"completed":true,"skipped":false},{"chunkNo":42,"from":41000,"to":41999,"mapRows":1000,"outPath":"EXP/20260504T161429Z/observation_impacted_original_chunk0042.jsonl","statePath":"EXP/20260504T161429Z/observation_impacted_original_chunk0042.state.json","exported":0,"completed":true,"skipped":false},{"chunkNo":43,"from":42000,"to":42999,"mapRows":1000,"outPath":"EXP/20260504T161429Z/observation_impacted_original_chunk0043.jsonl","statePath":"EXP/20260504T161429Z/observation_impacted_original_chunk0043.state.json","exported":0,"completed":true,"skipped":false},{"chunkNo":44,"from":43000,"to":43999,"mapRows":1000,"outPath":"EXP/20260504T161429Z/observation_impacted_original_chunk0044.jsonl","statePath":"EXP/20260504T161429Z/observation_impacted_original_chunk0044.state.json","exported":0,"completed":true,"skipped":false},{"chunkNo":45,"from":44000,"to":44999,"mapRows":1000,"outPath":"EXP/20260504T161429Z/observation_impacted_original_chunk0045.jsonl","statePath":"EXP/20260504T161429Z/observation_impacted_original_chunk0045.state.json","exported":0,"completed":true,"skipped":false},{"chunkNo":46,"from":45000,"to":45999,"mapRows":1000,"outPath":"EXP/20260504T161429Z/observation_impacted_original_chunk0046.jsonl","statePath":"EXP/20260504T161429Z/observation_impacted_original_chunk0046.state.json","exported":0,"completed":true,"skipped":false},{"chunkNo":47,"from":46000,"to":46999,"mapRows":1000,"outPath":"EXP/20260504T161429Z/observation_impacted_original_chunk0047.jsonl","statePath":"EXP/20260504T161429Z/observation_impacted_original_chunk0047.state.json","exported":0,"completed":true,"skipped":false},{"chunkNo":48,"from":47000,"to":47999,"mapRows":1000,"outPath":"EXP/20260504T161429Z/observation_impacted_original_chunk0048.jsonl","statePath":"EXP/20260504T161429Z/observation_impacted_original_chunk0048.state.json","exported":0,"completed":true,"skipped":false},{"chunkNo":49,"from":48000,"to":48999,"mapRows":1000,"outPath":"EXP/20260504T161429Z/observation_impacted_original_chunk0049.jsonl","statePath":"EXP/20260504T161429Z/observation_impacted_original_chunk0049.state.json","exported":0,"completed":true,"skipped":false},{"chunkNo":50,"from":49000,"to":49999,"mapRows":1000,"outPath":"EXP/20260504T161429Z/observation_impacted_original_chunk0050.jsonl","statePath":"EXP/20260504T161429Z/observation_impacted_original_chunk0050.state.json","exported":0,"completed":true,"skipped":false},{"chunkNo":51,"from":50000,"to":50999,"mapRows":1000,"outPath":"EXP/20260504T161429Z/observation_impacted_original_chunk0051.jsonl","statePath":"EXP/20260504T161429Z/observation_impacted_original_chunk0051.state.json","exported":0,"completed":true,"skipped":false},{"chunkNo":52,"from":51000,"to":51999,"mapRows":1000,"outPath":"EXP/20260504T161429Z/observation_impacted_original_chunk0052.jsonl","statePath":"EXP/20260504T161429Z/observation_impacted_original_chunk0052.state.json","exported":0,"completed":true,"skipped":false},{"chunkNo":53,"from":52000,"to":52999,"mapRows":1000,"outPath":"EXP/20260504T161429Z/observation_impacted_original_chunk0053.jsonl","statePath":"EXP/20260504T161429Z/observation_impacted_original_chunk0053.state.json","exported":0,"completed":true,"skipped":false},{"chunkNo":54,"from":53000,"to":53999,"mapRows":1000,"outPath":"EXP/20260504T161429Z/observation_impacted_original_chunk0054.jsonl","statePath":"EXP/20260504T161429Z/observation_impacted_original_chunk0054.state.json","exported":0,"completed":true,"skipped":false},{"chunkNo":55,"from":54000,"to":54999,"mapRows":1000,"outPath":"EXP/20260504T161429Z/observation_impacted_original_chunk0055.jsonl","statePath":"EXP/20260504T161429Z/observation_impacted_original_chunk0055.state.json","exported":0,"completed":true,"skipped":false},{"chunkNo":56,"from":55000,"to":55999,"mapRows":1000,"outPath":"EXP/20260504T161429Z/observation_impacted_original_chunk0056.jsonl","statePath":"EXP/20260504T161429Z/observation_impacted_original_chunk0056.state.json","exported":0,"completed":true,"skipped":false},{"chunkNo":57,"from":56000,"to":56999,"mapRows":1000,"outPath":"EXP/20260504T161429Z/observation_impacted_original_chunk0057.jsonl","statePath":"EXP/20260504T161429Z/observation_impacted_original_chunk0057.state.json","exported":0,"completed":true,"skipped":false},{"chunkNo":58,"from":57000,"to":57999,"mapRows":1000,"outPath":"EXP/20260504T161429Z/observation_impacted_original_chunk0058.jsonl","statePath":"EXP/20260504T161429Z/observation_impacted_original_chunk0058.state.json","exported":0,"completed":true,"skipped":false},{"chunkNo":59,"from":58000,"to":58999,"mapRows":1000,"outPath":"EXP/20260504T161429Z/observation_impacted_original_chunk0059.jsonl","statePath":"EXP/20260504T161429Z/observation_impacted_original_chunk0059.state.json","exported":0,"completed":true,"skipped":false},{"chunkNo":60,"from":59000,"to":59999,"mapRows":1000,"outPath":"EXP/20260504T161429Z/observation_impacted_original_chunk0060.jsonl","statePath":"EXP/20260504T161429Z/observation_impacted_original_chunk0060.state.json","exported":0,"completed":true,"skipped":false},{"chunkNo":61,"from":60000,"to":60999,"mapRows":1000,"outPath":"EXP/20260504T161429Z/observation_impacted_original_chunk0061.jsonl","statePath":"EXP/20260504T161429Z/observation_impacted_original_chunk0061.state.json","exported":0,"completed":true,"skipped":false},{"chunkNo":62,"from":61000,"to":61999,"mapRows":1000,"outPath":"EXP/20260504T161429Z/observation_impacted_original_chunk0062.jsonl","statePath":"EXP/20260504T161429Z/observation_impacted_original_chunk0062.state.json","exported":0,"completed":true,"skipped":false},{"chunkNo":63,"from":62000,"to":62999,"mapRows":1000,"outPath":"EXP/20260504T161429Z/observation_impacted_original_chunk0063.jsonl","statePath":"EXP/20260504T161429Z/observation_impacted_original_chunk0063.state.json","exported":0,"completed":true,"skipped":false},{"chunkNo":64,"from":63000,"to":63999,"mapRows":1000,"outPath":"EXP/20260504T161429Z/observation_impacted_original_chunk0064.jsonl","statePath":"EXP/20260504T161429Z/observation_impacted_original_chunk0064.state.json","exported":0,"completed":true,"skipped":false},{"chunkNo":65,"from":64000,"to":64999,"mapRows":1000,"outPath":"EXP/20260504T161429Z/observation_impacted_original_chunk0065.jsonl","statePath":"EXP/20260504T161429Z/observation_impacted_original_chunk0065.state.json","exported":0,"completed":true,"skipped":false},{"chunkNo":66,"from":65000,"to":65999,"mapRows":1000,"outPath":"EXP/20260504T161429Z/observation_impacted_original_chunk0066.jsonl","statePath":"EXP/20260504T161429Z/observation_impacted_original_chunk0066.state.json","exported":0,"completed":true,"skipped":false},{"chunkNo":67,"from":66000,"to":66999,"mapRows":1000,"outPath":"EXP/20260504T161429Z/observation_impacted_original_chunk0067.jsonl","statePath":"EXP/20260504T161429Z/observation_impacted_original_chunk0067.state.json","exported":0,"completed":true,"skipped":false},{"chunkNo":68,"from":67000,"to":67999,"mapRows":1000,"outPath":"EXP/20260504T161429Z/observation_impacted_original_chunk0068.jsonl","statePath":"EXP/20260504T161429Z/observation_impacted_original_chunk0068.state.json","exported":0,"completed":true,"skipped":false},{"chunkNo":69,"from":68000,"to":68999,"mapRows":1000,"outPath":"EXP/20260504T161429Z/observation_impacted_original_chunk0069.jsonl","statePath":"EXP/20260504T161429Z/observation_impacted_original_chunk0069.state.json","exported":0,"completed":true,"skipped":false},{"chunkNo":70,"from":69000,"to":69999,"mapRows":1000,"outPath":"EXP/20260504T161429Z/observation_impacted_original_chunk0070.jsonl","statePath":"EXP/20260504T161429Z/observation_impacted_original_chunk0070.state.json","exported":0,"completed":true,"skipped":false},{"chunkNo":71,"from":70000,"to":70999,"mapRows":1000,"outPath":"EXP/20260504T161429Z/observation_impacted_original_chunk0071.jsonl","statePath":"EXP/20260504T161429Z/observation_impacted_original_chunk0071.state.json","exported":0,"completed":true,"skipped":false},{"chunkNo":72,"from":71000,"to":71999,"mapRows":1000,"outPath":"EXP/20260504T161429Z/observation_impacted_original_chunk0072.jsonl","statePath":"EXP/20260504T161429Z/observation_impacted_original_chunk0072.state.json","exported":0,"completed":true,"skipped":false},{"chunkNo":73,"from":72000,"to":72999,"mapRows":1000,"outPath":"EXP/20260504T161429Z/observation_impacted_original_chunk0073.jsonl","statePath":"EXP/20260504T161429Z/observation_impacted_original_chunk0073.state.json","exported":0,"completed":true,"skipped":false},{"chunkNo":74,"from":73000,"to":73999,"mapRows":1000,"outPath":"EXP/20260504T161429Z/observation_impacted_original_chunk0074.jsonl","statePath":"EXP/20260504T161429Z/observation_impacted_original_chunk0074.state.json","exported":0,"completed":true,"skipped":false},{"chunkNo":75,"from":74000,"to":74999,"mapRows":1000,"outPath":"EXP/20260504T161429Z/observation_impacted_original_chunk0075.jsonl","statePath":"EXP/20260504T161429Z/observation_impacted_original_chunk0075.state.json","exported":0,"completed":true,"skipped":false},{"chunkNo":76,"from":75000,"to":75999,"mapRows":1000,"outPath":"EXP/20260504T161429Z/observation_impacted_original_chunk0076.jsonl","statePath":"EXP/20260504T161429Z/observation_impacted_original_chunk0076.state.json","exported":0,"completed":true,"skipped":false},{"chunkNo":77,"from":76000,"to":76999,"mapRows":1000,"outPath":"EXP/20260504T161429Z/observation_impacted_original_chunk0077.jsonl","statePath":"EXP/20260504T161429Z/observation_impacted_original_chunk0077.state.json","exported":0,"completed":true,"skipped":false},{"chunkNo":78,"from":77000,"to":77969,"mapRows":970,"outPath":"EXP/20260504T161429Z/observation_impacted_original_chunk0078.jsonl","statePath":"EXP/20260504T161429Z/observation_impacted_original_chunk0078.state.json","exported":0,"completed":true,"skipped":false}]},"ts":"2026-05-04T16:19:59.893Z"}
{"type":"result","script":"026_04_importazione_prod_match_observation_by_keys_replace_client_side.js","runId":"20260504T161429Z","stepId":42,"dbName":"hc40-index-bonifica","inDir":"EXP/20260504T161429Z","filePrefix":"observation_impacted_chunk","fileSuffix":".jsonl","maxFiles":0,"collection":"observation_impacted_modified","mode":"insert","batch":1000,"dropBefore":true,"totals":{"files":78,"totalLines":5306,"emptyLines":0,"parsedDocs":5306,"bulks":6,"opsExecuted":5306,"inserted":5306,"upserted":0,"modified":0},"finalCollCount":5306,"ts":"2026-05-04T16:20:20.127Z"}
{"type":"result","script":"026_04B_importazione_prod_match_observation_by_keys_original.js","runId":"20260504T161429Z","stepId":43,"dbName":"hc40-index-bonifica","inDir":"EXP/20260504T161429Z","filePrefix":"observation_impacted_original_chunk","fileSuffix":".jsonl","maxFiles":0,"collection":"observation_impacted_original","mode":"insert","batch":1000,"dropBefore":true,"totals":{"files":78,"totalLines":5306,"emptyLines":0,"parsedDocs":5306,"bulks":6,"opsExecuted":5306,"inserted":5306,"upserted":0,"modified":0},"finalCollCount":5306,"ts":"2026-05-04T16:20:40.281Z"}
{"type":"result","script":"066_03_esportazione_su_file_prod_match_bundle_by_keys_replace.js","runId":"20260504T161429Z","stepId":49,"dbName":"hc40-index-bonifica","expDir":"./EXP","outDir":"EXP/20260504T161429Z","outBase":"bundle_impacted","outExt":".jsonl","logPath":"EXP/20260504T161429Z/bundle_impacted.log","mapPath":"EXP/20260504T161429Z/sio_ihub_hc40_adt_keys_map.js","mapConstName":"SIO_IHUB_HC40_ADT_KEYS","globalStatePath":"EXP/20260504T161429Z/bundle_impacted.chunks.state.json","debug":false,"debugDocId":null,"debugNoWrite":false,"mapChunkSize":1000,"batchSize":2000,"logEvery":1000,"matchName":"Encounter.id","hintName":"attribute_search.name_1_attribute_search.value_1__id_1","summary":{"totalPairs":77970,"chunkSize":1000,"chunkCount":78,"completedChunksBefore":[],"completedChunksAfter":[1,2,3,4,5,6,7,8,9,10,11,12,13,14,15,16,17,18,19,20,21,22,23,24,25,26,27,28,29,30,31,32,33,34,35,36,37,38,39,40,41,42,43,44,45,46,47,48,49,50,51,52,53,54,55,56,57,58,59,60,61,62,63,64,65,66,67,68,69,70,71,72,73,74,75,76,77,78],"totalExportedDocs":1283,"totalReplDirect":18670,"totalReplPipeSuffix":0,"chunks":[{"chunkNo":1,"from":0,"to":999,"mapRows":1000,"outPath":"EXP/20260504T161429Z/bundle_impacted_chunk0001.jsonl","statePath":"EXP/20260504T161429Z/bundle_impacted_chunk0001.state.json","exported":1283,"replDirect":18670,"replPipeSuffix":0,"completed":true,"skipped":false},{"chunkNo":2,"from":1000,"to":1999,"mapRows":1000,"outPath":"EXP/20260504T161429Z/bundle_impacted_chunk0002.jsonl","statePath":"EXP/20260504T161429Z/bundle_impacted_chunk0002.state.json","exported":0,"replDirect":0,"replPipeSuffix":0,"completed":true,"skipped":false},{"chunkNo":3,"from":2000,"to":2999,"mapRows":1000,"outPath":"EXP/20260504T161429Z/bundle_impacted_chunk0003.jsonl","statePath":"EXP/20260504T161429Z/bundle_impacted_chunk0003.state.json","exported":0,"replDirect":0,"replPipeSuffix":0,"completed":true,"skipped":false},{"chunkNo":4,"from":3000,"to":3999,"mapRows":1000,"outPath":"EXP/20260504T161429Z/bundle_impacted_chunk0004.jsonl","statePath":"EXP/20260504T161429Z/bundle_impacted_chunk0004.state.json","exported":0,"replDirect":0,"replPipeSuffix":0,"completed":true,"skipped":false},{"chunkNo":5,"from":4000,"to":4999,"mapRows":1000,"outPath":"EXP/20260504T161429Z/bundle_impacted_chunk0005.jsonl","statePath":"EXP/20260504T161429Z/bundle_impacted_chunk0005.state.json","exported":0,"replDirect":0,"replPipeSuffix":0,"completed":true,"skipped":false},{"chunkNo":6,"from":5000,"to":5999,"mapRows":1000,"outPath":"EXP/20260504T161429Z/bundle_impacted_chunk0006.jsonl","statePath":"EXP/20260504T161429Z/bundle_impacted_chunk0006.state.json","exported":0,"replDirect":0,"replPipeSuffix":0,"completed":true,"skipped":false},{"chunkNo":7,"from":6000,"to":6999,"mapRows":1000,"outPath":"EXP/20260504T161429Z/bundle_impacted_chunk0007.jsonl","statePath":"EXP/20260504T161429Z/bundle_impacted_chunk0007.state.json","exported":0,"replDirect":0,"replPipeSuffix":0,"completed":true,"skipped":false},{"chunkNo":8,"from":7000,"to":7999,"mapRows":1000,"outPath":"EXP/20260504T161429Z/bundle_impacted_chunk0008.jsonl","statePath":"EXP/20260504T161429Z/bundle_impacted_chunk0008.state.json","exported":0,"replDirect":0,"replPipeSuffix":0,"completed":true,"skipped":false},{"chunkNo":9,"from":8000,"to":8999,"mapRows":1000,"outPath":"EXP/20260504T161429Z/bundle_impacted_chunk0009.jsonl","statePath":"EXP/20260504T161429Z/bundle_impacted_chunk0009.state.json","exported":0,"replDirect":0,"replPipeSuffix":0,"completed":true,"skipped":false},{"chunkNo":10,"from":9000,"to":9999,"mapRows":1000,"outPath":"EXP/20260504T161429Z/bundle_impacted_chunk0010.jsonl","statePath":"EXP/20260504T161429Z/bundle_impacted_chunk0010.state.json","exported":0,"replDirect":0,"replPipeSuffix":0,"completed":true,"skipped":false},{"chunkNo":11,"from":10000,"to":10999,"mapRows":1000,"outPath":"EXP/20260504T161429Z/bundle_impacted_chunk0011.jsonl","statePath":"EXP/20260504T161429Z/bundle_impacted_chunk0011.state.json","exported":0,"replDirect":0,"replPipeSuffix":0,"completed":true,"skipped":false},{"chunkNo":12,"from":11000,"to":11999,"mapRows":1000,"outPath":"EXP/20260504T161429Z/bundle_impacted_chunk0012.jsonl","statePath":"EXP/20260504T161429Z/bundle_impacted_chunk0012.state.json","exported":0,"replDirect":0,"replPipeSuffix":0,"completed":true,"skipped":false},{"chunkNo":13,"from":12000,"to":12999,"mapRows":1000,"outPath":"EXP/20260504T161429Z/bundle_impacted_chunk0013.jsonl","statePath":"EXP/20260504T161429Z/bundle_impacted_chunk0013.state.json","exported":0,"replDirect":0,"replPipeSuffix":0,"completed":true,"skipped":false},{"chunkNo":14,"from":13000,"to":13999,"mapRows":1000,"outPath":"EXP/20260504T161429Z/bundle_impacted_chunk0014.jsonl","statePath":"EXP/20260504T161429Z/bundle_impacted_chunk0014.state.json","exported":0,"replDirect":0,"replPipeSuffix":0,"completed":true,"skipped":false},{"chunkNo":15,"from":14000,"to":14999,"mapRows":1000,"outPath":"EXP/20260504T161429Z/bundle_impacted_chunk0015.jsonl","statePath":"EXP/20260504T161429Z/bundle_impacted_chunk0015.state.json","exported":0,"replDirect":0,"replPipeSuffix":0,"completed":true,"skipped":false},{"chunkNo":16,"from":15000,"to":15999,"mapRows":1000,"outPath":"EXP/20260504T161429Z/bundle_impacted_chunk0016.jsonl","statePath":"EXP/20260504T161429Z/bundle_impacted_chunk0016.state.json","exported":0,"replDirect":0,"replPipeSuffix":0,"completed":true,"skipped":false},{"chunkNo":17,"from":16000,"to":16999,"mapRows":1000,"outPath":"EXP/20260504T161429Z/bundle_impacted_chunk0017.jsonl","statePath":"EXP/20260504T161429Z/bundle_impacted_chunk0017.state.json","exported":0,"replDirect":0,"replPipeSuffix":0,"completed":true,"skipped":false},{"chunkNo":18,"from":17000,"to":17999,"mapRows":1000,"outPath":"EXP/20260504T161429Z/bundle_impacted_chunk0018.jsonl","statePath":"EXP/20260504T161429Z/bundle_impacted_chunk0018.state.json","exported":0,"replDirect":0,"replPipeSuffix":0,"completed":true,"skipped":false},{"chunkNo":19,"from":18000,"to":18999,"mapRows":1000,"outPath":"EXP/20260504T161429Z/bundle_impacted_chunk0019.jsonl","statePath":"EXP/20260504T161429Z/bundle_impacted_chunk0019.state.json","exported":0,"replDirect":0,"replPipeSuffix":0,"completed":true,"skipped":false},{"chunkNo":20,"from":19000,"to":19999,"mapRows":1000,"outPath":"EXP/20260504T161429Z/bundle_impacted_chunk0020.jsonl","statePath":"EXP/20260504T161429Z/bundle_impacted_chunk0020.state.json","exported":0,"replDirect":0,"replPipeSuffix":0,"completed":true,"skipped":false},{"chunkNo":21,"from":20000,"to":20999,"mapRows":1000,"outPath":"EXP/20260504T161429Z/bundle_impacted_chunk0021.jsonl","statePath":"EXP/20260504T161429Z/bundle_impacted_chunk0021.state.json","exported":0,"replDirect":0,"replPipeSuffix":0,"completed":true,"skipped":false},{"chunkNo":22,"from":21000,"to":21999,"mapRows":1000,"outPath":"EXP/20260504T161429Z/bundle_impacted_chunk0022.jsonl","statePath":"EXP/20260504T161429Z/bundle_impacted_chunk0022.state.json","exported":0,"replDirect":0,"replPipeSuffix":0,"completed":true,"skipped":false},{"chunkNo":23,"from":22000,"to":22999,"mapRows":1000,"outPath":"EXP/20260504T161429Z/bundle_impacted_chunk0023.jsonl","statePath":"EXP/20260504T161429Z/bundle_impacted_chunk0023.state.json","exported":0,"replDirect":0,"replPipeSuffix":0,"completed":true,"skipped":false},{"chunkNo":24,"from":23000,"to":23999,"mapRows":1000,"outPath":"EXP/20260504T161429Z/bundle_impacted_chunk0024.jsonl","statePath":"EXP/20260504T161429Z/bundle_impacted_chunk0024.state.json","exported":0,"replDirect":0,"replPipeSuffix":0,"completed":true,"skipped":false},{"chunkNo":25,"from":24000,"to":24999,"mapRows":1000,"outPath":"EXP/20260504T161429Z/bundle_impacted_chunk0025.jsonl","statePath":"EXP/20260504T161429Z/bundle_impacted_chunk0025.state.json","exported":0,"replDirect":0,"replPipeSuffix":0,"completed":true,"skipped":false},{"chunkNo":26,"from":25000,"to":25999,"mapRows":1000,"outPath":"EXP/20260504T161429Z/bundle_impacted_chunk0026.jsonl","statePath":"EXP/20260504T161429Z/bundle_impacted_chunk0026.state.json","exported":0,"replDirect":0,"replPipeSuffix":0,"completed":true,"skipped":false},{"chunkNo":27,"from":26000,"to":26999,"mapRows":1000,"outPath":"EXP/20260504T161429Z/bundle_impacted_chunk0027.jsonl","statePath":"EXP/20260504T161429Z/bundle_impacted_chunk0027.state.json","exported":0,"replDirect":0,"replPipeSuffix":0,"completed":true,"skipped":false},{"chunkNo":28,"from":27000,"to":27999,"mapRows":1000,"outPath":"EXP/20260504T161429Z/bundle_impacted_chunk0028.jsonl","statePath":"EXP/20260504T161429Z/bundle_impacted_chunk0028.state.json","exported":0,"replDirect":0,"replPipeSuffix":0,"completed":true,"skipped":false},{"chunkNo":29,"from":28000,"to":28999,"mapRows":1000,"outPath":"EXP/20260504T161429Z/bundle_impacted_chunk0029.jsonl","statePath":"EXP/20260504T161429Z/bundle_impacted_chunk0029.state.json","exported":0,"replDirect":0,"replPipeSuffix":0,"completed":true,"skipped":false},{"chunkNo":30,"from":29000,"to":29999,"mapRows":1000,"outPath":"EXP/20260504T161429Z/bundle_impacted_chunk0030.jsonl","statePath":"EXP/20260504T161429Z/bundle_impacted_chunk0030.state.json","exported":0,"replDirect":0,"replPipeSuffix":0,"completed":true,"skipped":false},{"chunkNo":31,"from":30000,"to":30999,"mapRows":1000,"outPath":"EXP/20260504T161429Z/bundle_impacted_chunk0031.jsonl","statePath":"EXP/20260504T161429Z/bundle_impacted_chunk0031.state.json","exported":0,"replDirect":0,"replPipeSuffix":0,"completed":true,"skipped":false},{"chunkNo":32,"from":31000,"to":31999,"mapRows":1000,"outPath":"EXP/20260504T161429Z/bundle_impacted_chunk0032.jsonl","statePath":"EXP/20260504T161429Z/bundle_impacted_chunk0032.state.json","exported":0,"replDirect":0,"replPipeSuffix":0,"completed":true,"skipped":false},{"chunkNo":33,"from":32000,"to":32999,"mapRows":1000,"outPath":"EXP/20260504T161429Z/bundle_impacted_chunk0033.jsonl","statePath":"EXP/20260504T161429Z/bundle_impacted_chunk0033.state.json","exported":0,"replDirect":0,"replPipeSuffix":0,"completed":true,"skipped":false},{"chunkNo":34,"from":33000,"to":33999,"mapRows":1000,"outPath":"EXP/20260504T161429Z/bundle_impacted_chunk0034.jsonl","statePath":"EXP/20260504T161429Z/bundle_impacted_chunk0034.state.json","exported":0,"replDirect":0,"replPipeSuffix":0,"completed":true,"skipped":false},{"chunkNo":35,"from":34000,"to":34999,"mapRows":1000,"outPath":"EXP/20260504T161429Z/bundle_impacted_chunk0035.jsonl","statePath":"EXP/20260504T161429Z/bundle_impacted_chunk0035.state.json","exported":0,"replDirect":0,"replPipeSuffix":0,"completed":true,"skipped":false},{"chunkNo":36,"from":35000,"to":35999,"mapRows":1000,"outPath":"EXP/20260504T161429Z/bundle_impacted_chunk0036.jsonl","statePath":"EXP/20260504T161429Z/bundle_impacted_chunk0036.state.json","exported":0,"replDirect":0,"replPipeSuffix":0,"completed":true,"skipped":false},{"chunkNo":37,"from":36000,"to":36999,"mapRows":1000,"outPath":"EXP/20260504T161429Z/bundle_impacted_chunk0037.jsonl","statePath":"EXP/20260504T161429Z/bundle_impacted_chunk0037.state.json","exported":0,"replDirect":0,"replPipeSuffix":0,"completed":true,"skipped":false},{"chunkNo":38,"from":37000,"to":37999,"mapRows":1000,"outPath":"EXP/20260504T161429Z/bundle_impacted_chunk0038.jsonl","statePath":"EXP/20260504T161429Z/bundle_impacted_chunk0038.state.json","exported":0,"replDirect":0,"replPipeSuffix":0,"completed":true,"skipped":false},{"chunkNo":39,"from":38000,"to":38999,"mapRows":1000,"outPath":"EXP/20260504T161429Z/bundle_impacted_chunk0039.jsonl","statePath":"EXP/20260504T161429Z/bundle_impacted_chunk0039.state.json","exported":0,"replDirect":0,"replPipeSuffix":0,"completed":true,"skipped":false},{"chunkNo":40,"from":39000,"to":39999,"mapRows":1000,"outPath":"EXP/20260504T161429Z/bundle_impacted_chunk0040.jsonl","statePath":"EXP/20260504T161429Z/bundle_impacted_chunk0040.state.json","exported":0,"replDirect":0,"replPipeSuffix":0,"completed":true,"skipped":false},{"chunkNo":41,"from":40000,"to":40999,"mapRows":1000,"outPath":"EXP/20260504T161429Z/bundle_impacted_chunk0041.jsonl","statePath":"EXP/20260504T161429Z/bundle_impacted_chunk0041.state.json","exported":0,"replDirect":0,"replPipeSuffix":0,"completed":true,"skipped":false},{"chunkNo":42,"from":41000,"to":41999,"mapRows":1000,"outPath":"EXP/20260504T161429Z/bundle_impacted_chunk0042.jsonl","statePath":"EXP/20260504T161429Z/bundle_impacted_chunk0042.state.json","exported":0,"replDirect":0,"replPipeSuffix":0,"completed":true,"skipped":false},{"chunkNo":43,"from":42000,"to":42999,"mapRows":1000,"outPath":"EXP/20260504T161429Z/bundle_impacted_chunk0043.jsonl","statePath":"EXP/20260504T161429Z/bundle_impacted_chunk0043.state.json","exported":0,"replDirect":0,"replPipeSuffix":0,"completed":true,"skipped":false},{"chunkNo":44,"from":43000,"to":43999,"mapRows":1000,"outPath":"EXP/20260504T161429Z/bundle_impacted_chunk0044.jsonl","statePath":"EXP/20260504T161429Z/bundle_impacted_chunk0044.state.json","exported":0,"replDirect":0,"replPipeSuffix":0,"completed":true,"skipped":false},{"chunkNo":45,"from":44000,"to":44999,"mapRows":1000,"outPath":"EXP/20260504T161429Z/bundle_impacted_chunk0045.jsonl","statePath":"EXP/20260504T161429Z/bundle_impacted_chunk0045.state.json","exported":0,"replDirect":0,"replPipeSuffix":0,"completed":true,"skipped":false},{"chunkNo":46,"from":45000,"to":45999,"mapRows":1000,"outPath":"EXP/20260504T161429Z/bundle_impacted_chunk0046.jsonl","statePath":"EXP/20260504T161429Z/bundle_impacted_chunk0046.state.json","exported":0,"replDirect":0,"replPipeSuffix":0,"completed":true,"skipped":false},{"chunkNo":47,"from":46000,"to":46999,"mapRows":1000,"outPath":"EXP/20260504T161429Z/bundle_impacted_chunk0047.jsonl","statePath":"EXP/20260504T161429Z/bundle_impacted_chunk0047.state.json","exported":0,"replDirect":0,"replPipeSuffix":0,"completed":true,"skipped":false},{"chunkNo":48,"from":47000,"to":47999,"mapRows":1000,"outPath":"EXP/20260504T161429Z/bundle_impacted_chunk0048.jsonl","statePath":"EXP/20260504T161429Z/bundle_impacted_chunk0048.state.json","exported":0,"replDirect":0,"replPipeSuffix":0,"completed":true,"skipped":false},{"chunkNo":49,"from":48000,"to":48999,"mapRows":1000,"outPath":"EXP/20260504T161429Z/bundle_impacted_chunk0049.jsonl","statePath":"EXP/20260504T161429Z/bundle_impacted_chunk0049.state.json","exported":0,"replDirect":0,"replPipeSuffix":0,"completed":true,"skipped":false},{"chunkNo":50,"from":49000,"to":49999,"mapRows":1000,"outPath":"EXP/20260504T161429Z/bundle_impacted_chunk0050.jsonl","statePath":"EXP/20260504T161429Z/bundle_impacted_chunk0050.state.json","exported":0,"replDirect":0,"replPipeSuffix":0,"completed":true,"skipped":false},{"chunkNo":51,"from":50000,"to":50999,"mapRows":1000,"outPath":"EXP/20260504T161429Z/bundle_impacted_chunk0051.jsonl","statePath":"EXP/20260504T161429Z/bundle_impacted_chunk0051.state.json","exported":0,"replDirect":0,"replPipeSuffix":0,"completed":true,"skipped":false},{"chunkNo":52,"from":51000,"to":51999,"mapRows":1000,"outPath":"EXP/20260504T161429Z/bundle_impacted_chunk0052.jsonl","statePath":"EXP/20260504T161429Z/bundle_impacted_chunk0052.state.json","exported":0,"replDirect":0,"replPipeSuffix":0,"completed":true,"skipped":false},{"chunkNo":53,"from":52000,"to":52999,"mapRows":1000,"outPath":"EXP/20260504T161429Z/bundle_impacted_chunk0053.jsonl","statePath":"EXP/20260504T161429Z/bundle_impacted_chunk0053.state.json","exported":0,"replDirect":0,"replPipeSuffix":0,"completed":true,"skipped":false},{"chunkNo":54,"from":53000,"to":53999,"mapRows":1000,"outPath":"EXP/20260504T161429Z/bundle_impacted_chunk0054.jsonl","statePath":"EXP/20260504T161429Z/bundle_impacted_chunk0054.state.json","exported":0,"replDirect":0,"replPipeSuffix":0,"completed":true,"skipped":false},{"chunkNo":55,"from":54000,"to":54999,"mapRows":1000,"outPath":"EXP/20260504T161429Z/bundle_impacted_chunk0055.jsonl","statePath":"EXP/20260504T161429Z/bundle_impacted_chunk0055.state.json","exported":0,"replDirect":0,"replPipeSuffix":0,"completed":true,"skipped":false},{"chunkNo":56,"from":55000,"to":55999,"mapRows":1000,"outPath":"EXP/20260504T161429Z/bundle_impacted_chunk0056.jsonl","statePath":"EXP/20260504T161429Z/bundle_impacted_chunk0056.state.json","exported":0,"replDirect":0,"replPipeSuffix":0,"completed":true,"skipped":false},{"chunkNo":57,"from":56000,"to":56999,"mapRows":1000,"outPath":"EXP/20260504T161429Z/bundle_impacted_chunk0057.jsonl","statePath":"EXP/20260504T161429Z/bundle_impacted_chunk0057.state.json","exported":0,"replDirect":0,"replPipeSuffix":0,"completed":true,"skipped":false},{"chunkNo":58,"from":57000,"to":57999,"mapRows":1000,"outPath":"EXP/20260504T161429Z/bundle_impacted_chunk0058.jsonl","statePath":"EXP/20260504T161429Z/bundle_impacted_chunk0058.state.json","exported":0,"replDirect":0,"replPipeSuffix":0,"completed":true,"skipped":false},{"chunkNo":59,"from":58000,"to":58999,"mapRows":1000,"outPath":"EXP/20260504T161429Z/bundle_impacted_chunk0059.jsonl","statePath":"EXP/20260504T161429Z/bundle_impacted_chunk0059.state.json","exported":0,"replDirect":0,"replPipeSuffix":0,"completed":true,"skipped":false},{"chunkNo":60,"from":59000,"to":59999,"mapRows":1000,"outPath":"EXP/20260504T161429Z/bundle_impacted_chunk0060.jsonl","statePath":"EXP/20260504T161429Z/bundle_impacted_chunk0060.state.json","exported":0,"replDirect":0,"replPipeSuffix":0,"completed":true,"skipped":false},{"chunkNo":61,"from":60000,"to":60999,"mapRows":1000,"outPath":"EXP/20260504T161429Z/bundle_impacted_chunk0061.jsonl","statePath":"EXP/20260504T161429Z/bundle_impacted_chunk0061.state.json","exported":0,"replDirect":0,"replPipeSuffix":0,"completed":true,"skipped":false},{"chunkNo":62,"from":61000,"to":61999,"mapRows":1000,"outPath":"EXP/20260504T161429Z/bundle_impacted_chunk0062.jsonl","statePath":"EXP/20260504T161429Z/bundle_impacted_chunk0062.state.json","exported":0,"replDirect":0,"replPipeSuffix":0,"completed":true,"skipped":false},{"chunkNo":63,"from":62000,"to":62999,"mapRows":1000,"outPath":"EXP/20260504T161429Z/bundle_impacted_chunk0063.jsonl","statePath":"EXP/20260504T161429Z/bundle_impacted_chunk0063.state.json","exported":0,"replDirect":0,"replPipeSuffix":0,"completed":true,"skipped":false},{"chunkNo":64,"from":63000,"to":63999,"mapRows":1000,"outPath":"EXP/20260504T161429Z/bundle_impacted_chunk0064.jsonl","statePath":"EXP/20260504T161429Z/bundle_impacted_chunk0064.state.json","exported":0,"replDirect":0,"replPipeSuffix":0,"completed":true,"skipped":false},{"chunkNo":65,"from":64000,"to":64999,"mapRows":1000,"outPath":"EXP/20260504T161429Z/bundle_impacted_chunk0065.jsonl","statePath":"EXP/20260504T161429Z/bundle_impacted_chunk0065.state.json","exported":0,"replDirect":0,"replPipeSuffix":0,"completed":true,"skipped":false},{"chunkNo":66,"from":65000,"to":65999,"mapRows":1000,"outPath":"EXP/20260504T161429Z/bundle_impacted_chunk0066.jsonl","statePath":"EXP/20260504T161429Z/bundle_impacted_chunk0066.state.json","exported":0,"replDirect":0,"replPipeSuffix":0,"completed":true,"skipped":false},{"chunkNo":67,"from":66000,"to":66999,"mapRows":1000,"outPath":"EXP/20260504T161429Z/bundle_impacted_chunk0067.jsonl","statePath":"EXP/20260504T161429Z/bundle_impacted_chunk0067.state.json","exported":0,"replDirect":0,"replPipeSuffix":0,"completed":true,"skipped":false},{"chunkNo":68,"from":67000,"to":67999,"mapRows":1000,"outPath":"EXP/20260504T161429Z/bundle_impacted_chunk0068.jsonl","statePath":"EXP/20260504T161429Z/bundle_impacted_chunk0068.state.json","exported":0,"replDirect":0,"replPipeSuffix":0,"completed":true,"skipped":false},{"chunkNo":69,"from":68000,"to":68999,"mapRows":1000,"outPath":"EXP/20260504T161429Z/bundle_impacted_chunk0069.jsonl","statePath":"EXP/20260504T161429Z/bundle_impacted_chunk0069.state.json","exported":0,"replDirect":0,"replPipeSuffix":0,"completed":true,"skipped":false},{"chunkNo":70,"from":69000,"to":69999,"mapRows":1000,"outPath":"EXP/20260504T161429Z/bundle_impacted_chunk0070.jsonl","statePath":"EXP/20260504T161429Z/bundle_impacted_chunk0070.state.json","exported":0,"replDirect":0,"replPipeSuffix":0,"completed":true,"skipped":false},{"chunkNo":71,"from":70000,"to":70999,"mapRows":1000,"outPath":"EXP/20260504T161429Z/bundle_impacted_chunk0071.jsonl","statePath":"EXP/20260504T161429Z/bundle_impacted_chunk0071.state.json","exported":0,"replDirect":0,"replPipeSuffix":0,"completed":true,"skipped":false},{"chunkNo":72,"from":71000,"to":71999,"mapRows":1000,"outPath":"EXP/20260504T161429Z/bundle_impacted_chunk0072.jsonl","statePath":"EXP/20260504T161429Z/bundle_impacted_chunk0072.state.json","exported":0,"replDirect":0,"replPipeSuffix":0,"completed":true,"skipped":false},{"chunkNo":73,"from":72000,"to":72999,"mapRows":1000,"outPath":"EXP/20260504T161429Z/bundle_impacted_chunk0073.jsonl","statePath":"EXP/20260504T161429Z/bundle_impacted_chunk0073.state.json","exported":0,"replDirect":0,"replPipeSuffix":0,"completed":true,"skipped":false},{"chunkNo":74,"from":73000,"to":73999,"mapRows":1000,"outPath":"EXP/20260504T161429Z/bundle_impacted_chunk0074.jsonl","statePath":"EXP/20260504T161429Z/bundle_impacted_chunk0074.state.json","exported":0,"replDirect":0,"replPipeSuffix":0,"completed":true,"skipped":false},{"chunkNo":75,"from":74000,"to":74999,"mapRows":1000,"outPath":"EXP/20260504T161429Z/bundle_impacted_chunk0075.jsonl","statePath":"EXP/20260504T161429Z/bundle_impacted_chunk0075.state.json","exported":0,"replDirect":0,"replPipeSuffix":0,"completed":true,"skipped":false},{"chunkNo":76,"from":75000,"to":75999,"mapRows":1000,"outPath":"EXP/20260504T161429Z/bundle_impacted_chunk0076.jsonl","statePath":"EXP/20260504T161429Z/bundle_impacted_chunk0076.state.json","exported":0,"replDirect":0,"replPipeSuffix":0,"completed":true,"skipped":false},{"chunkNo":77,"from":76000,"to":76999,"mapRows":1000,"outPath":"EXP/20260504T161429Z/bundle_impacted_chunk0077.jsonl","statePath":"EXP/20260504T161429Z/bundle_impacted_chunk0077.state.json","exported":0,"replDirect":0,"replPipeSuffix":0,"completed":true,"skipped":false},{"chunkNo":78,"from":77000,"to":77969,"mapRows":970,"outPath":"EXP/20260504T161429Z/bundle_impacted_chunk0078.jsonl","statePath":"EXP/20260504T161429Z/bundle_impacted_chunk0078.state.json","exported":0,"replDirect":0,"replPipeSuffix":0,"completed":true,"skipped":false}]},"ts":"2026-05-04T16:20:59.011Z"}
{"type":"result","script":"066_03B_esportazione_su_file_prod_match_bundle_by_keys_original.js","runId":"20260504T161429Z","stepId":50,"dbName":"hc40-index-bonifica","expDir":"./EXP","outDir":"EXP/20260504T161429Z","outBase":"bundle_impacted_original","outExt":".jsonl","logPath":"EXP/20260504T161429Z/bundle_impacted_original.log","mapPath":"EXP/20260504T161429Z/sio_ihub_hc40_adt_keys_map.js","mapConstName":"SIO_IHUB_HC40_ADT_KEYS","globalStatePath":"EXP/20260504T161429Z/bundle_impacted_original.chunks.state.json","debug":false,"debugDocId":null,"debugNoWrite":false,"mapChunkSize":1000,"batchSize":2000,"logEvery":1000,"matchName":"Encounter.id","hintName":"attribute_search.name_1_attribute_search.value_1__id_1","summary":{"totalPairs":77970,"chunkSize":1000,"chunkCount":78,"completedChunksBefore":[],"completedChunksAfter":[1,2,3,4,5,6,7,8,9,10,11,12,13,14,15,16,17,18,19,20,21,22,23,24,25,26,27,28,29,30,31,32,33,34,35,36,37,38,39,40,41,42,43,44,45,46,47,48,49,50,51,52,53,54,55,56,57,58,59,60,61,62,63,64,65,66,67,68,69,70,71,72,73,74,75,76,77,78],"totalExportedDocs":1283,"chunks":[{"chunkNo":1,"from":0,"to":999,"mapRows":1000,"outPath":"EXP/20260504T161429Z/bundle_impacted_original_chunk0001.jsonl","statePath":"EXP/20260504T161429Z/bundle_impacted_original_chunk0001.state.json","exported":1283,"completed":true,"skipped":false},{"chunkNo":2,"from":1000,"to":1999,"mapRows":1000,"outPath":"EXP/20260504T161429Z/bundle_impacted_original_chunk0002.jsonl","statePath":"EXP/20260504T161429Z/bundle_impacted_original_chunk0002.state.json","exported":0,"completed":true,"skipped":false},{"chunkNo":3,"from":2000,"to":2999,"mapRows":1000,"outPath":"EXP/20260504T161429Z/bundle_impacted_original_chunk0003.jsonl","statePath":"EXP/20260504T161429Z/bundle_impacted_original_chunk0003.state.json","exported":0,"completed":true,"skipped":false},{"chunkNo":4,"from":3000,"to":3999,"mapRows":1000,"outPath":"EXP/20260504T161429Z/bundle_impacted_original_chunk0004.jsonl","statePath":"EXP/20260504T161429Z/bundle_impacted_original_chunk0004.state.json","exported":0,"completed":true,"skipped":false},{"chunkNo":5,"from":4000,"to":4999,"mapRows":1000,"outPath":"EXP/20260504T161429Z/bundle_impacted_original_chunk0005.jsonl","statePath":"EXP/20260504T161429Z/bundle_impacted_original_chunk0005.state.json","exported":0,"completed":true,"skipped":false},{"chunkNo":6,"from":5000,"to":5999,"mapRows":1000,"outPath":"EXP/20260504T161429Z/bundle_impacted_original_chunk0006.jsonl","statePath":"EXP/20260504T161429Z/bundle_impacted_original_chunk0006.state.json","exported":0,"completed":true,"skipped":false},{"chunkNo":7,"from":6000,"to":6999,"mapRows":1000,"outPath":"EXP/20260504T161429Z/bundle_impacted_original_chunk0007.jsonl","statePath":"EXP/20260504T161429Z/bundle_impacted_original_chunk0007.state.json","exported":0,"completed":true,"skipped":false},{"chunkNo":8,"from":7000,"to":7999,"mapRows":1000,"outPath":"EXP/20260504T161429Z/bundle_impacted_original_chunk0008.jsonl","statePath":"EXP/20260504T161429Z/bundle_impacted_original_chunk0008.state.json","exported":0,"completed":true,"skipped":false},{"chunkNo":9,"from":8000,"to":8999,"mapRows":1000,"outPath":"EXP/20260504T161429Z/bundle_impacted_original_chunk0009.jsonl","statePath":"EXP/20260504T161429Z/bundle_impacted_original_chunk0009.state.json","exported":0,"completed":true,"skipped":false},{"chunkNo":10,"from":9000,"to":9999,"mapRows":1000,"outPath":"EXP/20260504T161429Z/bundle_impacted_original_chunk0010.jsonl","statePath":"EXP/20260504T161429Z/bundle_impacted_original_chunk0010.state.json","exported":0,"completed":true,"skipped":false},{"chunkNo":11,"from":10000,"to":10999,"mapRows":1000,"outPath":"EXP/20260504T161429Z/bundle_impacted_original_chunk0011.jsonl","statePath":"EXP/20260504T161429Z/bundle_impacted_original_chunk0011.state.json","exported":0,"completed":true,"skipped":false},{"chunkNo":12,"from":11000,"to":11999,"mapRows":1000,"outPath":"EXP/20260504T161429Z/bundle_impacted_original_chunk0012.jsonl","statePath":"EXP/20260504T161429Z/bundle_impacted_original_chunk0012.state.json","exported":0,"completed":true,"skipped":false},{"chunkNo":13,"from":12000,"to":12999,"mapRows":1000,"outPath":"EXP/20260504T161429Z/bundle_impacted_original_chunk0013.jsonl","statePath":"EXP/20260504T161429Z/bundle_impacted_original_chunk0013.state.json","exported":0,"completed":true,"skipped":false},{"chunkNo":14,"from":13000,"to":13999,"mapRows":1000,"outPath":"EXP/20260504T161429Z/bundle_impacted_original_chunk0014.jsonl","statePath":"EXP/20260504T161429Z/bundle_impacted_original_chunk0014.state.json","exported":0,"completed":true,"skipped":false},{"chunkNo":15,"from":14000,"to":14999,"mapRows":1000,"outPath":"EXP/20260504T161429Z/bundle_impacted_original_chunk0015.jsonl","statePath":"EXP/20260504T161429Z/bundle_impacted_original_chunk0015.state.json","exported":0,"completed":true,"skipped":false},{"chunkNo":16,"from":15000,"to":15999,"mapRows":1000,"outPath":"EXP/20260504T161429Z/bundle_impacted_original_chunk0016.jsonl","statePath":"EXP/20260504T161429Z/bundle_impacted_original_chunk0016.state.json","exported":0,"completed":true,"skipped":false},{"chunkNo":17,"from":16000,"to":16999,"mapRows":1000,"outPath":"EXP/20260504T161429Z/bundle_impacted_original_chunk0017.jsonl","statePath":"EXP/20260504T161429Z/bundle_impacted_original_chunk0017.state.json","exported":0,"completed":true,"skipped":false},{"chunkNo":18,"from":17000,"to":17999,"mapRows":1000,"outPath":"EXP/20260504T161429Z/bundle_impacted_original_chunk0018.jsonl","statePath":"EXP/20260504T161429Z/bundle_impacted_original_chunk0018.state.json","exported":0,"completed":true,"skipped":false},{"chunkNo":19,"from":18000,"to":18999,"mapRows":1000,"outPath":"EXP/20260504T161429Z/bundle_impacted_original_chunk0019.jsonl","statePath":"EXP/20260504T161429Z/bundle_impacted_original_chunk0019.state.json","exported":0,"completed":true,"skipped":false},{"chunkNo":20,"from":19000,"to":19999,"mapRows":1000,"outPath":"EXP/20260504T161429Z/bundle_impacted_original_chunk0020.jsonl","statePath":"EXP/20260504T161429Z/bundle_impacted_original_chunk0020.state.json","exported":0,"completed":true,"skipped":false},{"chunkNo":21,"from":20000,"to":20999,"mapRows":1000,"outPath":"EXP/20260504T161429Z/bundle_impacted_original_chunk0021.jsonl","statePath":"EXP/20260504T161429Z/bundle_impacted_original_chunk0021.state.json","exported":0,"completed":true,"skipped":false},{"chunkNo":22,"from":21000,"to":21999,"mapRows":1000,"outPath":"EXP/20260504T161429Z/bundle_impacted_original_chunk0022.jsonl","statePath":"EXP/20260504T161429Z/bundle_impacted_original_chunk0022.state.json","exported":0,"completed":true,"skipped":false},{"chunkNo":23,"from":22000,"to":22999,"mapRows":1000,"outPath":"EXP/20260504T161429Z/bundle_impacted_original_chunk0023.jsonl","statePath":"EXP/20260504T161429Z/bundle_impacted_original_chunk0023.state.json","exported":0,"completed":true,"skipped":false},{"chunkNo":24,"from":23000,"to":23999,"mapRows":1000,"outPath":"EXP/20260504T161429Z/bundle_impacted_original_chunk0024.jsonl","statePath":"EXP/20260504T161429Z/bundle_impacted_original_chunk0024.state.json","exported":0,"completed":true,"skipped":false},{"chunkNo":25,"from":24000,"to":24999,"mapRows":1000,"outPath":"EXP/20260504T161429Z/bundle_impacted_original_chunk0025.jsonl","statePath":"EXP/20260504T161429Z/bundle_impacted_original_chunk0025.state.json","exported":0,"completed":true,"skipped":false},{"chunkNo":26,"from":25000,"to":25999,"mapRows":1000,"outPath":"EXP/20260504T161429Z/bundle_impacted_original_chunk0026.jsonl","statePath":"EXP/20260504T161429Z/bundle_impacted_original_chunk0026.state.json","exported":0,"completed":true,"skipped":false},{"chunkNo":27,"from":26000,"to":26999,"mapRows":1000,"outPath":"EXP/20260504T161429Z/bundle_impacted_original_chunk0027.jsonl","statePath":"EXP/20260504T161429Z/bundle_impacted_original_chunk0027.state.json","exported":0,"completed":true,"skipped":false},{"chunkNo":28,"from":27000,"to":27999,"mapRows":1000,"outPath":"EXP/20260504T161429Z/bundle_impacted_original_chunk0028.jsonl","statePath":"EXP/20260504T161429Z/bundle_impacted_original_chunk0028.state.json","exported":0,"completed":true,"skipped":false},{"chunkNo":29,"from":28000,"to":28999,"mapRows":1000,"outPath":"EXP/20260504T161429Z/bundle_impacted_original_chunk0029.jsonl","statePath":"EXP/20260504T161429Z/bundle_impacted_original_chunk0029.state.json","exported":0,"completed":true,"skipped":false},{"chunkNo":30,"from":29000,"to":29999,"mapRows":1000,"outPath":"EXP/20260504T161429Z/bundle_impacted_original_chunk0030.jsonl","statePath":"EXP/20260504T161429Z/bundle_impacted_original_chunk0030.state.json","exported":0,"completed":true,"skipped":false},{"chunkNo":31,"from":30000,"to":30999,"mapRows":1000,"outPath":"EXP/20260504T161429Z/bundle_impacted_original_chunk0031.jsonl","statePath":"EXP/20260504T161429Z/bundle_impacted_original_chunk0031.state.json","exported":0,"completed":true,"skipped":false},{"chunkNo":32,"from":31000,"to":31999,"mapRows":1000,"outPath":"EXP/20260504T161429Z/bundle_impacted_original_chunk0032.jsonl","statePath":"EXP/20260504T161429Z/bundle_impacted_original_chunk0032.state.json","exported":0,"completed":true,"skipped":false},{"chunkNo":33,"from":32000,"to":32999,"mapRows":1000,"outPath":"EXP/20260504T161429Z/bundle_impacted_original_chunk0033.jsonl","statePath":"EXP/20260504T161429Z/bundle_impacted_original_chunk0033.state.json","exported":0,"completed":true,"skipped":false},{"chunkNo":34,"from":33000,"to":33999,"mapRows":1000,"outPath":"EXP/20260504T161429Z/bundle_impacted_original_chunk0034.jsonl","statePath":"EXP/20260504T161429Z/bundle_impacted_original_chunk0034.state.json","exported":0,"completed":true,"skipped":false},{"chunkNo":35,"from":34000,"to":34999,"mapRows":1000,"outPath":"EXP/20260504T161429Z/bundle_impacted_original_chunk0035.jsonl","statePath":"EXP/20260504T161429Z/bundle_impacted_original_chunk0035.state.json","exported":0,"completed":true,"skipped":false},{"chunkNo":36,"from":35000,"to":35999,"mapRows":1000,"outPath":"EXP/20260504T161429Z/bundle_impacted_original_chunk0036.jsonl","statePath":"EXP/20260504T161429Z/bundle_impacted_original_chunk0036.state.json","exported":0,"completed":true,"skipped":false},{"chunkNo":37,"from":36000,"to":36999,"mapRows":1000,"outPath":"EXP/20260504T161429Z/bundle_impacted_original_chunk0037.jsonl","statePath":"EXP/20260504T161429Z/bundle_impacted_original_chunk0037.state.json","exported":0,"completed":true,"skipped":false},{"chunkNo":38,"from":37000,"to":37999,"mapRows":1000,"outPath":"EXP/20260504T161429Z/bundle_impacted_original_chunk0038.jsonl","statePath":"EXP/20260504T161429Z/bundle_impacted_original_chunk0038.state.json","exported":0,"completed":true,"skipped":false},{"chunkNo":39,"from":38000,"to":38999,"mapRows":1000,"outPath":"EXP/20260504T161429Z/bundle_impacted_original_chunk0039.jsonl","statePath":"EXP/20260504T161429Z/bundle_impacted_original_chunk0039.state.json","exported":0,"completed":true,"skipped":false},{"chunkNo":40,"from":39000,"to":39999,"mapRows":1000,"outPath":"EXP/20260504T161429Z/bundle_impacted_original_chunk0040.jsonl","statePath":"EXP/20260504T161429Z/bundle_impacted_original_chunk0040.state.json","exported":0,"completed":true,"skipped":false},{"chunkNo":41,"from":40000,"to":40999,"mapRows":1000,"outPath":"EXP/20260504T161429Z/bundle_impacted_original_chunk0041.jsonl","statePath":"EXP/20260504T161429Z/bundle_impacted_original_chunk0041.state.json","exported":0,"completed":true,"skipped":false},{"chunkNo":42,"from":41000,"to":41999,"mapRows":1000,"outPath":"EXP/20260504T161429Z/bundle_impacted_original_chunk0042.jsonl","statePath":"EXP/20260504T161429Z/bundle_impacted_original_chunk0042.state.json","exported":0,"completed":true,"skipped":false},{"chunkNo":43,"from":42000,"to":42999,"mapRows":1000,"outPath":"EXP/20260504T161429Z/bundle_impacted_original_chunk0043.jsonl","statePath":"EXP/20260504T161429Z/bundle_impacted_original_chunk0043.state.json","exported":0,"completed":true,"skipped":false},{"chunkNo":44,"from":43000,"to":43999,"mapRows":1000,"outPath":"EXP/20260504T161429Z/bundle_impacted_original_chunk0044.jsonl","statePath":"EXP/20260504T161429Z/bundle_impacted_original_chunk0044.state.json","exported":0,"completed":true,"skipped":false},{"chunkNo":45,"from":44000,"to":44999,"mapRows":1000,"outPath":"EXP/20260504T161429Z/bundle_impacted_original_chunk0045.jsonl","statePath":"EXP/20260504T161429Z/bundle_impacted_original_chunk0045.state.json","exported":0,"completed":true,"skipped":false},{"chunkNo":46,"from":45000,"to":45999,"mapRows":1000,"outPath":"EXP/20260504T161429Z/bundle_impacted_original_chunk0046.jsonl","statePath":"EXP/20260504T161429Z/bundle_impacted_original_chunk0046.state.json","exported":0,"completed":true,"skipped":false},{"chunkNo":47,"from":46000,"to":46999,"mapRows":1000,"outPath":"EXP/20260504T161429Z/bundle_impacted_original_chunk0047.jsonl","statePath":"EXP/20260504T161429Z/bundle_impacted_original_chunk0047.state.json","exported":0,"completed":true,"skipped":false},{"chunkNo":48,"from":47000,"to":47999,"mapRows":1000,"outPath":"EXP/20260504T161429Z/bundle_impacted_original_chunk0048.jsonl","statePath":"EXP/20260504T161429Z/bundle_impacted_original_chunk0048.state.json","exported":0,"completed":true,"skipped":false},{"chunkNo":49,"from":48000,"to":48999,"mapRows":1000,"outPath":"EXP/20260504T161429Z/bundle_impacted_original_chunk0049.jsonl","statePath":"EXP/20260504T161429Z/bundle_impacted_original_chunk0049.state.json","exported":0,"completed":true,"skipped":false},{"chunkNo":50,"from":49000,"to":49999,"mapRows":1000,"outPath":"EXP/20260504T161429Z/bundle_impacted_original_chunk0050.jsonl","statePath":"EXP/20260504T161429Z/bundle_impacted_original_chunk0050.state.json","exported":0,"completed":true,"skipped":false},{"chunkNo":51,"from":50000,"to":50999,"mapRows":1000,"outPath":"EXP/20260504T161429Z/bundle_impacted_original_chunk0051.jsonl","statePath":"EXP/20260504T161429Z/bundle_impacted_original_chunk0051.state.json","exported":0,"completed":true,"skipped":false},{"chunkNo":52,"from":51000,"to":51999,"mapRows":1000,"outPath":"EXP/20260504T161429Z/bundle_impacted_original_chunk0052.jsonl","statePath":"EXP/20260504T161429Z/bundle_impacted_original_chunk0052.state.json","exported":0,"completed":true,"skipped":false},{"chunkNo":53,"from":52000,"to":52999,"mapRows":1000,"outPath":"EXP/20260504T161429Z/bundle_impacted_original_chunk0053.jsonl","statePath":"EXP/20260504T161429Z/bundle_impacted_original_chunk0053.state.json","exported":0,"completed":true,"skipped":false},{"chunkNo":54,"from":53000,"to":53999,"mapRows":1000,"outPath":"EXP/20260504T161429Z/bundle_impacted_original_chunk0054.jsonl","statePath":"EXP/20260504T161429Z/bundle_impacted_original_chunk0054.state.json","exported":0,"completed":true,"skipped":false},{"chunkNo":55,"from":54000,"to":54999,"mapRows":1000,"outPath":"EXP/20260504T161429Z/bundle_impacted_original_chunk0055.jsonl","statePath":"EXP/20260504T161429Z/bundle_impacted_original_chunk0055.state.json","exported":0,"completed":true,"skipped":false},{"chunkNo":56,"from":55000,"to":55999,"mapRows":1000,"outPath":"EXP/20260504T161429Z/bundle_impacted_original_chunk0056.jsonl","statePath":"EXP/20260504T161429Z/bundle_impacted_original_chunk0056.state.json","exported":0,"completed":true,"skipped":false},{"chunkNo":57,"from":56000,"to":56999,"mapRows":1000,"outPath":"EXP/20260504T161429Z/bundle_impacted_original_chunk0057.jsonl","statePath":"EXP/20260504T161429Z/bundle_impacted_original_chunk0057.state.json","exported":0,"completed":true,"skipped":false},{"chunkNo":58,"from":57000,"to":57999,"mapRows":1000,"outPath":"EXP/20260504T161429Z/bundle_impacted_original_chunk0058.jsonl","statePath":"EXP/20260504T161429Z/bundle_impacted_original_chunk0058.state.json","exported":0,"completed":true,"skipped":false},{"chunkNo":59,"from":58000,"to":58999,"mapRows":1000,"outPath":"EXP/20260504T161429Z/bundle_impacted_original_chunk0059.jsonl","statePath":"EXP/20260504T161429Z/bundle_impacted_original_chunk0059.state.json","exported":0,"completed":true,"skipped":false},{"chunkNo":60,"from":59000,"to":59999,"mapRows":1000,"outPath":"EXP/20260504T161429Z/bundle_impacted_original_chunk0060.jsonl","statePath":"EXP/20260504T161429Z/bundle_impacted_original_chunk0060.state.json","exported":0,"completed":true,"skipped":false},{"chunkNo":61,"from":60000,"to":60999,"mapRows":1000,"outPath":"EXP/20260504T161429Z/bundle_impacted_original_chunk0061.jsonl","statePath":"EXP/20260504T161429Z/bundle_impacted_original_chunk0061.state.json","exported":0,"completed":true,"skipped":false},{"chunkNo":62,"from":61000,"to":61999,"mapRows":1000,"outPath":"EXP/20260504T161429Z/bundle_impacted_original_chunk0062.jsonl","statePath":"EXP/20260504T161429Z/bundle_impacted_original_chunk0062.state.json","exported":0,"completed":true,"skipped":false},{"chunkNo":63,"from":62000,"to":62999,"mapRows":1000,"outPath":"EXP/20260504T161429Z/bundle_impacted_original_chunk0063.jsonl","statePath":"EXP/20260504T161429Z/bundle_impacted_original_chunk0063.state.json","exported":0,"completed":true,"skipped":false},{"chunkNo":64,"from":63000,"to":63999,"mapRows":1000,"outPath":"EXP/20260504T161429Z/bundle_impacted_original_chunk0064.jsonl","statePath":"EXP/20260504T161429Z/bundle_impacted_original_chunk0064.state.json","exported":0,"completed":true,"skipped":false},{"chunkNo":65,"from":64000,"to":64999,"mapRows":1000,"outPath":"EXP/20260504T161429Z/bundle_impacted_original_chunk0065.jsonl","statePath":"EXP/20260504T161429Z/bundle_impacted_original_chunk0065.state.json","exported":0,"completed":true,"skipped":false},{"chunkNo":66,"from":65000,"to":65999,"mapRows":1000,"outPath":"EXP/20260504T161429Z/bundle_impacted_original_chunk0066.jsonl","statePath":"EXP/20260504T161429Z/bundle_impacted_original_chunk0066.state.json","exported":0,"completed":true,"skipped":false},{"chunkNo":67,"from":66000,"to":66999,"mapRows":1000,"outPath":"EXP/20260504T161429Z/bundle_impacted_original_chunk0067.jsonl","statePath":"EXP/20260504T161429Z/bundle_impacted_original_chunk0067.state.json","exported":0,"completed":true,"skipped":false},{"chunkNo":68,"from":67000,"to":67999,"mapRows":1000,"outPath":"EXP/20260504T161429Z/bundle_impacted_original_chunk0068.jsonl","statePath":"EXP/20260504T161429Z/bundle_impacted_original_chunk0068.state.json","exported":0,"completed":true,"skipped":false},{"chunkNo":69,"from":68000,"to":68999,"mapRows":1000,"outPath":"EXP/20260504T161429Z/bundle_impacted_original_chunk0069.jsonl","statePath":"EXP/20260504T161429Z/bundle_impacted_original_chunk0069.state.json","exported":0,"completed":true,"skipped":false},{"chunkNo":70,"from":69000,"to":69999,"mapRows":1000,"outPath":"EXP/20260504T161429Z/bundle_impacted_original_chunk0070.jsonl","statePath":"EXP/20260504T161429Z/bundle_impacted_original_chunk0070.state.json","exported":0,"completed":true,"skipped":false},{"chunkNo":71,"from":70000,"to":70999,"mapRows":1000,"outPath":"EXP/20260504T161429Z/bundle_impacted_original_chunk0071.jsonl","statePath":"EXP/20260504T161429Z/bundle_impacted_original_chunk0071.state.json","exported":0,"completed":true,"skipped":false},{"chunkNo":72,"from":71000,"to":71999,"mapRows":1000,"outPath":"EXP/20260504T161429Z/bundle_impacted_original_chunk0072.jsonl","statePath":"EXP/20260504T161429Z/bundle_impacted_original_chunk0072.state.json","exported":0,"completed":true,"skipped":false},{"chunkNo":73,"from":72000,"to":72999,"mapRows":1000,"outPath":"EXP/20260504T161429Z/bundle_impacted_original_chunk0073.jsonl","statePath":"EXP/20260504T161429Z/bundle_impacted_original_chunk0073.state.json","exported":0,"completed":true,"skipped":false},{"chunkNo":74,"from":73000,"to":73999,"mapRows":1000,"outPath":"EXP/20260504T161429Z/bundle_impacted_original_chunk0074.jsonl","statePath":"EXP/20260504T161429Z/bundle_impacted_original_chunk0074.state.json","exported":0,"completed":true,"skipped":false},{"chunkNo":75,"from":74000,"to":74999,"mapRows":1000,"outPath":"EXP/20260504T161429Z/bundle_impacted_original_chunk0075.jsonl","statePath":"EXP/20260504T161429Z/bundle_impacted_original_chunk0075.state.json","exported":0,"completed":true,"skipped":false},{"chunkNo":76,"from":75000,"to":75999,"mapRows":1000,"outPath":"EXP/20260504T161429Z/bundle_impacted_original_chunk0076.jsonl","statePath":"EXP/20260504T161429Z/bundle_impacted_original_chunk0076.state.json","exported":0,"completed":true,"skipped":false},{"chunkNo":77,"from":76000,"to":76999,"mapRows":1000,"outPath":"EXP/20260504T161429Z/bundle_impacted_original_chunk0077.jsonl","statePath":"EXP/20260504T161429Z/bundle_impacted_original_chunk0077.state.json","exported":0,"completed":true,"skipped":false},{"chunkNo":78,"from":77000,"to":77969,"mapRows":970,"outPath":"EXP/20260504T161429Z/bundle_impacted_original_chunk0078.jsonl","statePath":"EXP/20260504T161429Z/bundle_impacted_original_chunk0078.state.json","exported":0,"completed":true,"skipped":false}]},"ts":"2026-05-04T16:21:11.114Z"}
{"type":"result","script":"066_04_importazione_prod_match_bundle_by_keys_replace_client_side.js","runId":"20260504T161429Z","stepId":51,"dbName":"hc40-index-bonifica","inDir":"EXP/20260504T161429Z","filePrefix":"bundle_impacted_chunk","fileSuffix":".jsonl","maxFiles":0,"collection":"bundle_impacted_modified","mode":"insert","batch":1000,"dropBefore":true,"totals":{"files":78,"totalLines":1283,"emptyLines":0,"parsedDocs":1283,"bulks":2,"opsExecuted":1283,"inserted":1283,"upserted":0,"modified":0},"finalCollCount":1283,"ts":"2026-05-04T16:21:18.886Z"}
{"type":"result","script":"066_04B_importazione_prod_match_bundle_by_keys_original.js","runId":"20260504T161429Z","stepId":52,"dbName":"hc40-index-bonifica","inDir":"EXP/20260504T161429Z","filePrefix":"bundle_impacted_original_chunk","fileSuffix":".jsonl","maxFiles":0,"collection":"bundle_impacted_original","mode":"insert","batch":1000,"dropBefore":true,"totals":{"files":78,"totalLines":1283,"emptyLines":0,"parsedDocs":1283,"bulks":2,"opsExecuted":1283,"inserted":1283,"upserted":0,"modified":0},"finalCollCount":1283,"ts":"2026-05-04T16:21:26.463Z"}
[2026-05-04T16:21:47Z] RESULT_SUMMARY_JSONL_END
[2026-05-04T16:24:03Z] START: pipelineName=pipeline_all_script env=k8s-bonifica runId=20260504T161429Z mode=resume stopOnError=true teeToConsole=true mongo.dbName=hc40-index-bonifica
[2026-05-04T16:24:03Z] CONFIG: pipeline/pipeline_all_script.json
[2026-05-04T16:24:03Z] MONGO_URI: mongodb://root:password@mongo-rs-1.mongo-rs-svc.mongodb.svc.cluster.local:27017/hc40-index-bonifica?authSource=admin&directConnection=true&readPreference=primary
[2026-05-04T16:24:03Z] STEP_RESUME_SKIP: id=1 name=count_IHUB_records (already SUCCESS)
[2026-05-04T16:24:03Z] STEP_RESUME_SKIP: id=2 name=count_HC40_ADT_records (already SUCCESS)
[2026-05-04T16:24:03Z] STEP_RESUME_SKIP: id=3 name=export_IHUB_latest_all (already SUCCESS)
[2026-05-04T16:24:03Z] STEP_RESUME_SKIP: id=4 name=export_HC40_ADT_latest_all (already SUCCESS)
[2026-05-04T16:24:03Z] STEP_RESUME_SKIP: id=5 name=create_coll_IHUB_latest_all (already SUCCESS)
[2026-05-04T16:24:03Z] STEP_RESUME_SKIP: id=6 name=create_coll_HC40_ADT_latest_all (already SUCCESS)
[2026-05-04T16:24:03Z] STEP_RESUME_SKIP: id=7 name=count_IHUB_latest_all (already SUCCESS)
[2026-05-04T16:24:03Z] STEP_RESUME_SKIP: id=8 name=count_HC40_ADT_latest_all (already SUCCESS)
[2026-05-04T16:24:03Z] STEP_RESUME_SKIP: id=9 name=count_SIO_records (already SUCCESS)
[2026-05-04T16:24:03Z] STEP_RESUME_SKIP: id=10 name=export_encounter_SIO_all (already SUCCESS)
[2026-05-04T16:24:03Z] STEP_RESUME_SKIP: id=11 name=import_encounter_SIO_all (already SUCCESS)
[2026-05-04T16:24:03Z] STEP_RESUME_SKIP: id=12 name=count_encounter_SIO_all (already SUCCESS)
[2026-05-04T16:24:04Z] STEP_RESUME_SKIP: id=13 name=create_sio_encounter_duplicate_IHUB (already SUCCESS)
[2026-05-04T16:24:04Z] STEP_RESUME_SKIP: id=14 name=create_sio_encounter_duplicate_HC40_ADT (already SUCCESS)
[2026-05-04T16:24:04Z] STEP_RESUME_SKIP: id=15 name=create_sio_to_ihub_map (already SUCCESS)
[2026-05-04T16:24:04Z] STEP_RESUME_SKIP: id=16 name=create_sio_to_hc40_adt_map (already SUCCESS)
[2026-05-04T16:24:04Z] STEP_RESUME_SKIP: id=17 name=export_sio_to_ihub_keys_js (already SUCCESS)
[2026-05-04T16:24:04Z] STEP_RESUME_SKIP: id=18 name=export_sio_to_hc40_adt_keys_js (already SUCCESS)
[2026-05-04T16:24:04Z] STEP_RESUME_SKIP: id=19 name=export_sio_modified_id_hc40_adt_js (already SUCCESS)
[2026-05-04T16:24:04Z] STEP_RESUME_SKIP: id=20 name=export_sio_modified_id_js (already SUCCESS)
[2026-05-04T16:24:04Z] STEP_RESUME_SKIP: id=21 name=create_sio_ihub_hc40_adt_keys_map_js (already SUCCESS)
[2026-05-04T16:24:04Z] STEP_RESUME_SKIP: id=22 name=documentreference_export_replace_chunks (already SUCCESS)
[2026-05-04T16:24:04Z] STEP_RESUME_SKIP: id=23 name=documentreference_export_original_chunks (already SUCCESS)
[2026-05-04T16:24:04Z] STEP_RESUME_SKIP: id=24 name=documentreference_import_modified (already SUCCESS)
[2026-05-04T16:24:04Z] STEP_RESUME_SKIP: id=25 name=documentreference_import_original (already SUCCESS)
[2026-05-04T16:24:04Z] STEP_SKIP: id=26 name=documentreference_history_insert (enabled=false)
[2026-05-04T16:24:04Z] STEP_SKIP: id=27 name=documentreference_delete_original_from_target (enabled=false)
[2026-05-04T16:24:04Z] STEP_SKIP: id=28 name=documentreference_upsert_modified_to_target (enabled=false)
[2026-05-04T16:24:04Z] STEP_SKIP: id=29 name=documentreference_rename_original_to_backup (enabled=false)
[2026-05-04T16:24:04Z] STEP_SKIP: id=30 name=documentreference_rename_modified_to_backup (enabled=false)
[2026-05-04T16:24:04Z] STEP_RESUME_SKIP: id=31 name=servicerequest_export_replace_chunks (already SUCCESS)
[2026-05-04T16:24:04Z] STEP_RESUME_SKIP: id=32 name=servicerequest_export_original_chunks (already SUCCESS)
[2026-05-04T16:24:04Z] STEP_RESUME_SKIP: id=33 name=servicerequest_import_modified (already SUCCESS)
[2026-05-04T16:24:04Z] STEP_RESUME_SKIP: id=34 name=servicerequest_import_original (already SUCCESS)
[2026-05-04T16:24:04Z] STEP_SKIP: id=35 name=servicerequest_history_insert (enabled=false)
[2026-05-04T16:24:04Z] STEP_SKIP: id=36 name=servicerequest_delete_original_from_target (enabled=false)
[2026-05-04T16:24:04Z] STEP_SKIP: id=37 name=servicerequest_upsert_modified_to_target (enabled=false)
[2026-05-04T16:24:04Z] STEP_SKIP: id=38 name=servicerequest_rename_original_to_backup (enabled=false)
[2026-05-04T16:24:04Z] STEP_SKIP: id=39 name=servicerequest_rename_modified_to_backup (enabled=false)
[2026-05-04T16:24:05Z] STEP_RESUME_SKIP: id=40 name=observation_export_replace_chunks (already SUCCESS)
[2026-05-04T16:24:05Z] STEP_RESUME_SKIP: id=41 name=observation_export_original_chunks (already SUCCESS)
[2026-05-04T16:24:05Z] STEP_RESUME_SKIP: id=42 name=observation_import_modified (already SUCCESS)
[2026-05-04T16:24:05Z] STEP_RESUME_SKIP: id=43 name=observation_import_original (already SUCCESS)
[2026-05-04T16:24:05Z] STEP_SKIP: id=44 name=observation_history_insert (enabled=false)
[2026-05-04T16:24:05Z] STEP_SKIP: id=45 name=observation_delete_original_from_target (enabled=false)
[2026-05-04T16:24:05Z] STEP_SKIP: id=46 name=observation_upsert_modified_to_target (enabled=false)
[2026-05-04T16:24:05Z] STEP_SKIP: id=47 name=observation_rename_original_to_backup (enabled=false)
[2026-05-04T16:24:05Z] STEP_SKIP: id=48 name=observation_rename_modified_to_backup (enabled=false)
[2026-05-04T16:24:05Z] STEP_RESUME_SKIP: id=49 name=bundle_export_replace_chunks (already SUCCESS)
[2026-05-04T16:24:05Z] STEP_RESUME_SKIP: id=50 name=bundle_export_original_chunks (already SUCCESS)
[2026-05-04T16:24:05Z] STEP_RESUME_SKIP: id=51 name=bundle_import_modified (already SUCCESS)
[2026-05-04T16:24:05Z] STEP_RESUME_SKIP: id=52 name=bundle_import_original (already SUCCESS)
[2026-05-04T16:24:05Z] STEP_SKIP: id=53 name=bundle_history_insert (enabled=false)
[2026-05-04T16:24:05Z] STEP_SKIP: id=54 name=bundle_delete_original_from_target (enabled=false)
[2026-05-04T16:24:05Z] STEP_SKIP: id=55 name=bundle_upsert_modified_to_target (enabled=false)
[2026-05-04T16:24:05Z] STEP_SKIP: id=56 name=bundle_rename_original_to_backup (enabled=false)
[2026-05-04T16:24:05Z] STEP_SKIP: id=57 name=bundle_rename_modified_to_backup (enabled=false)
[2026-05-04T16:24:05Z] STEP_SKIP: id=58 name=099_00_backup_sio_impacted (enabled=false)
[2026-05-04T16:24:05Z] STEP_SKIP: id=59 name=099_00B_insert_encounter_history (enabled=false)
[2026-05-04T16:24:05Z] STEP_SKIP: id=60 name=099_01_03_export_encounter_without_status_add (enabled=false)
[2026-05-04T16:24:05Z] STEP_SKIP: id=61 name=099_01_03B_export_encounter_without_status_original (enabled=false)
[2026-05-04T16:24:05Z] STEP_SKIP: id=62 name=099_01_04_import_encounter_without_status_modified (enabled=false)
[2026-05-04T16:24:05Z] STEP_SKIP: id=63 name=099_01_04B_import_encounter_without_status_original (enabled=false)
[2026-05-04T16:24:05Z] STEP_SKIP: id=64 name=099_01_delete_sio_impacted (enabled=false)
[2026-05-04T16:24:05Z] STEP_SKIP: id=65 name=099_02_01_delete_encounter_from_without_status_original (enabled=false)
[2026-05-04T16:24:06Z] STEP_SKIP: id=66 name=099_02_01B_insert_encounter_history_from_without_status_original (enabled=false)
[2026-05-04T16:24:06Z] STEP_SKIP: id=67 name=099_02_02_insert_encounter_without_status_modified (enabled=false)
[2026-05-04T16:24:06Z] STEP_SKIP: id=68 name=099_02_03_rename_collection_encounter_without_status_original_to_backup (enabled=false)
[2026-05-04T16:24:06Z] STEP_SKIP: id=69 name=099_02_04_rename_collection_encounter_without_status_modified_to_backup (enabled=false)
[2026-05-04T16:24:06Z] END: status=SUCCESS runId=20260504T161429Z
[2026-05-04T16:24:06Z] RESULT_SUMMARY_START: scanning step logs for type=result JSON lines
[2026-05-04T16:24:26Z] RESULT_SUMMARY_END: resultsFound=74 path=./state/pipeline_all_script/k8s-bonifica/20260504T161429Z/results_summary.jsonl
[2026-05-04T16:24:26Z] RESULT_SUMMARY_JSONL_BEGIN
{"type":"result","script":"001_mongosh_count_IHUB_records.js","runId":"20260504T161429Z","stepId":1,"dbName":"hc40-index-bonifica","collection":"encounter","filter":{"_id":{"$gte":"Encounter/IHUB.","$lt":"Encounter/IHUB/"}},"count":61496,"ts":"2026-05-04T16:14:33.937Z"}
{"type":"result","script":"001b_mongosh_count_hc40_adt_records.js","runId":"20260504T161429Z","stepId":2,"dbName":"hc40-index-bonifica","collection":"encounter","filter":{"_id":{"$gte":"Encounter/HC40-ADT.","$lt":"Encounter/HC40-ADT/"}},"count":16474,"ts":"2026-05-04T16:14:35.317Z"}
{"type":"result","script":"002_0_export_ihub_latest_all.js","runId":"20260504T161429Z","stepId":3,"dbName":"hc40-index-bonifica","collection":"encounter","idPrefixStart":"Encounter/IHUB.","idPrefixEnd":"Encounter/IHUB/","outPath":"EXP/20260504T161429Z/002_encounter_IHUB_latest_all.jsonl","exported":61496,"ts":"2026-05-04T16:15:00.884Z"}
{"type":"result","script":"002_0b_export_hc40_adt_latest_all.js","runId":"20260504T161429Z","stepId":4,"dbName":"hc40-index-bonifica","collection":"encounter","idPrefixStart":"Encounter/HC40-ADT.","idPrefixEnd":"Encounter/HC40-ADT/","outPath":"EXP/20260504T161429Z/002_encounter_HC40_ADT_latest_all.jsonl","exported":16474,"ts":"2026-05-04T16:15:07.625Z"}
{"type":"result","script":"002_1_creazione_ihub_latest_all.js","runId":"20260504T161429Z","stepId":5,"dbName":"hc40-index-bonifica","collection":"encounter_IHUB_latest_all","filePath":"EXP/20260504T161429Z/002_encounter_IHUB_latest_all.jsonl","mode":"upsert","batch":1000,"imported":61496,"linesRead":61496,"skippedEmpty":0,"ts":"2026-05-04T16:15:18.178Z"}
{"type":"result","script":"002_1b_creazione_hc40_adt_latest_all.js","runId":"20260504T161429Z","stepId":6,"dbName":"hc40-index-bonifica","collection":"encounter_HC40_ADT_latest_all","filePath":"EXP/20260504T161429Z/002_encounter_HC40_ADT_latest_all.jsonl","mode":"upsert","batch":1000,"imported":16474,"linesRead":16474,"skippedEmpty":0,"ts":"2026-05-04T16:15:21.989Z"}
{"type":"result","script":"002_2_conteggio_ihub_latest_all.js","runId":"20260504T161429Z","stepId":7,"dbName":"hc40-index-bonifica","collection":"encounter_IHUB_latest_all","filter":{},"count":61496,"ts":"2026-05-04T16:15:23.126Z"}
{"type":"result","script":"002_2b_conteggio_hc40_adt_latest_all.js","runId":"20260504T161429Z","stepId":8,"dbName":"hc40-index-bonifica","collection":"encounter_HC40_ADT_latest_all","filter":{},"count":16474,"ts":"2026-05-04T16:15:24.204Z"}
{"type":"result","script":"003_mongosh_count_SIO_records.js","runId":"20260504T161429Z","stepId":9,"dbName":"hc40-index-bonifica","collection":"encounter","filter":{"_id":{"$gte":"Encounter/SIO.","$lt":"Encounter/SIO/"}},"count":77970,"ts":"2026-05-04T16:15:25.372Z"}
{"type":"result","script":"004_0_export_encounter_sio_all.js","runId":"20260504T161429Z","stepId":10,"dbName":"hc40-index-bonifica","collection":"encounter","idPrefixStart":"Encounter/SIO.","idPrefixEnd":"Encounter/SIO/","outDir":"EXP/20260504T161429Z","baseName":"encounter_SIO","chunkSize":500000,"pageSize":50000,"logEvery":100000,"statePath":"EXP/20260504T161429Z/encounter_SIO_state.json","exported":77970,"pages":3,"ts":"2026-05-04T16:15:41.557Z"}
{"type":"result","script":"004_1_import_encounter_sio_all.js","runId":"20260504T161429Z","stepId":11,"dbName":"hc40-index-bonifica","collection":"encounter_SIO_all","runDir":"EXP/20260504T161429Z","filesFound":1,"imported":77970,"ts":"2026-05-04T16:15:55.419Z"}
{"type":"result","script":"004_2_conteggio_encounter_sio_all.js","runId":"20260504T161429Z","stepId":12,"dbName":"hc40-index-bonifica","collection":"encounter_SIO_all","filter":{},"count":77970,"ts":"2026-05-04T16:15:56.546Z"}
{"type":"result","script":"005_create_sio_encounter_duplicate.js","runId":"20260504T161429Z","stepId":13,"dbName":"hc40-index-bonifica","srcIhubLatestAll":"encounter_IHUB_latest_all","srcSioAll":"encounter_SIO_all","ihubFlat":"encounter_IHUB_latest_flat","out":"sio_encounter_duplicate","dropBefore":true,"ihubFlatCount":61575,"outCount":61497,"ts":"2026-05-04T16:16:07.994Z"}
{"type":"result","script":"005b_create_sio_encounter_duplicate_hc40_adt.js","runId":"20260504T161429Z","stepId":14,"dbName":"hc40-index-bonifica","srcHc40AdtLatestAll":"encounter_HC40_ADT_latest_all","srcSioAll":"encounter_SIO_all","hc40AdtFlat":"encounter_HC40_ADT_latest_flat","out":"sio_encounter_duplicate_hc40_adt","dropBefore":true,"flatCount":19530,"outCount":16474,"ts":"2026-05-04T16:16:14.605Z"}
{"type":"result","script":"006_01_creazione_sio_to_ihub_map.js","runId":"20260504T161429Z","stepId":15,"dbName":"hc40-index-bonifica","srcColl":"sio_encounter_duplicate","mapColl":"sio_to_ihub_map","dryRun":false,"limitMap":0,"mapCount":61496,"ts":"2026-05-04T16:16:17.373Z"}
{"type":"result","script":"006_01b_creazione_sio_to_hc40_adt_map.js","runId":"20260504T161429Z","stepId":16,"dbName":"hc40-index-bonifica","srcColl":"sio_encounter_duplicate_hc40_adt","mapColl":"sio_to_hc40_adt_map","dryRun":false,"limitMap":0,"mapCount":16474,"ts":"2026-05-04T16:16:18.976Z"}
{"type":"result","script":"006_02_esportazione_su_file_sio_to_ihub_map.js","runId":"20260504T161429Z","stepId":17,"dbName":"hc40-index-bonifica","srcColl":"sio_to_ihub_map","limit":0,"outPath":"EXP/20260504T161429Z/sio_ihub_keys.js","constName":"SIO_IHUB_KEYS","exported":61496,"ts":"2026-05-04T16:16:24.885Z"}
{"type":"result","script":"006_02b1_esportazione_su_file_sio_to_hc40_adt_map.js","runId":"20260504T161429Z","stepId":18,"dbName":"hc40-index-bonifica","srcColl":"sio_to_hc40_adt_map","limit":0,"outPath":"EXP/20260504T161429Z/sio_hc40_adt_keys.js","constName":"SIO_HC40_ADT_KEYS","exported":16474,"ts":"2026-05-04T16:16:27.516Z"}
{"type":"result","script":"006_02b2_esportazione_su_file_sio_modified_id_hc40_adt_map.js","runId":"20260504T161429Z","stepId":19,"dbName":"hc40-index-bonifica","srcColl":"sio_to_hc40_adt_map","limit":0,"outPath":"EXP/20260504T161429Z/sio_modified_id_hc40_adt.js","constName":"SIO_MODIFIED_ID_HC40_ADT","exported":16474,"ts":"2026-05-04T16:16:30.316Z"}
{"type":"result","script":"006_02b_esportazione_su_file_sio_modified_id.js","runId":"20260504T161429Z","stepId":20,"dbName":"hc40-index-bonifica","srcColl":"sio_to_ihub_map","limit":0,"outPath":"EXP/20260504T161429Z/sio_modified_id.js","constName":"SIO_MODIFIED_ID","exported":61496,"ts":"2026-05-04T16:16:36.254Z"}
{"type":"result","script":"006_02b3_creazione_file_sio_ihub_hc40_adt_keys_map.js","runId":"20260504T161429Z","stepId":21,"dbName":"hc40-index-bonifica","ihubColl":"sio_to_ihub_map","hc40AdtColl":"sio_to_hc40_adt_map","limitIhub":0,"limitHc40Adt":0,"outPath":"EXP/20260504T161429Z/sio_ihub_hc40_adt_keys_map.js","constName":"SIO_IHUB_HC40_ADT_KEYS","stats":{"TOTAL_IHUB_ROWS_READ":61496,"TOTAL_HC40_ADT_ROWS_READ":16474,"TOTAL_VALID_IHUB_PAIRS":61496,"TOTAL_VALID_HC40_ADT_PAIRS":16474,"SKIPPED_NOT_STRING":0,"COLLISIONS_FOUND":0,"COLLISIONS_RESOLVED_TO_HC40":0,"COLLISIONS_RESOLVED_TO_IHUB":0},"exported":77970,"finalTargets":{"hc40Adt":16474,"ihub":61496},"ts":"2026-05-04T16:16:54.204Z"}
{"type":"result","script":"006_03_esportazione_su_file_prod_match_documentreference_by_keys_replace.js","runId":"20260504T161429Z","stepId":22,"dbName":"hc40-index-bonifica","expDir":"./EXP","outDir":"EXP/20260504T161429Z","outBase":"documentreference_impacted","outExt":".jsonl","logPath":"EXP/20260504T161429Z/documentreference_impacted.log","mapPath":"EXP/20260504T161429Z/sio_ihub_hc40_adt_keys_map.js","mapConstName":"SIO_IHUB_HC40_ADT_KEYS","globalStatePath":"EXP/20260504T161429Z/documentreference_impacted.chunks.state.json","debug":false,"debugDocId":null,"debugNoWrite":false,"mapChunkSize":1000,"batchSize":2000,"logEvery":1000,"matchName":"encounter:context.encounter.reference","hintName":"attribute_search.name_1_attribute_search.value_1__id_1","summary":{"totalPairs":77970,"chunkSize":1000,"chunkCount":78,"completedChunksBefore":[],"completedChunksAfter":[1,2,3,4,5,6,7,8,9,10,11,12,13,14,15,16,17,18,19,20,21,22,23,24,25,26,27,28,29,30,31,32,33,34,35,36,37,38,39,40,41,42,43,44,45,46,47,48,49,50,51,52,53,54,55,56,57,58,59,60,61,62,63,64,65,66,67,68,69,70,71,72,73,74,75,76,77,78],"totalExportedDocs":1283,"totalReplDirect":14764,"totalReplPipeSuffix":5792,"chunks":[{"chunkNo":1,"from":0,"to":999,"mapRows":1000,"outPath":"EXP/20260504T161429Z/documentreference_impacted_chunk0001.jsonl","statePath":"EXP/20260504T161429Z/documentreference_impacted_chunk0001.state.json","exported":1283,"replDirect":14764,"replPipeSuffix":5792,"completed":true,"skipped":false},{"chunkNo":2,"from":1000,"to":1999,"mapRows":1000,"outPath":"EXP/20260504T161429Z/documentreference_impacted_chunk0002.jsonl","statePath":"EXP/20260504T161429Z/documentreference_impacted_chunk0002.state.json","exported":0,"replDirect":0,"replPipeSuffix":0,"completed":true,"skipped":false},{"chunkNo":3,"from":2000,"to":2999,"mapRows":1000,"outPath":"EXP/20260504T161429Z/documentreference_impacted_chunk0003.jsonl","statePath":"EXP/20260504T161429Z/documentreference_impacted_chunk0003.state.json","exported":0,"replDirect":0,"replPipeSuffix":0,"completed":true,"skipped":false},{"chunkNo":4,"from":3000,"to":3999,"mapRows":1000,"outPath":"EXP/20260504T161429Z/documentreference_impacted_chunk0004.jsonl","statePath":"EXP/20260504T161429Z/documentreference_impacted_chunk0004.state.json","exported":0,"replDirect":0,"replPipeSuffix":0,"completed":true,"skipped":false},{"chunkNo":5,"from":4000,"to":4999,"mapRows":1000,"outPath":"EXP/20260504T161429Z/documentreference_impacted_chunk0005.jsonl","statePath":"EXP/20260504T161429Z/documentreference_impacted_chunk0005.state.json","exported":0,"replDirect":0,"replPipeSuffix":0,"completed":true,"skipped":false},{"chunkNo":6,"from":5000,"to":5999,"mapRows":1000,"outPath":"EXP/20260504T161429Z/documentreference_impacted_chunk0006.jsonl","statePath":"EXP/20260504T161429Z/documentreference_impacted_chunk0006.state.json","exported":0,"replDirect":0,"replPipeSuffix":0,"completed":true,"skipped":false},{"chunkNo":7,"from":6000,"to":6999,"mapRows":1000,"outPath":"EXP/20260504T161429Z/documentreference_impacted_chunk0007.jsonl","statePath":"EXP/20260504T161429Z/documentreference_impacted_chunk0007.state.json","exported":0,"replDirect":0,"replPipeSuffix":0,"completed":true,"skipped":false},{"chunkNo":8,"from":7000,"to":7999,"mapRows":1000,"outPath":"EXP/20260504T161429Z/documentreference_impacted_chunk0008.jsonl","statePath":"EXP/20260504T161429Z/documentreference_impacted_chunk0008.state.json","exported":0,"replDirect":0,"replPipeSuffix":0,"completed":true,"skipped":false},{"chunkNo":9,"from":8000,"to":8999,"mapRows":1000,"outPath":"EXP/20260504T161429Z/documentreference_impacted_chunk0009.jsonl","statePath":"EXP/20260504T161429Z/documentreference_impacted_chunk0009.state.json","exported":0,"replDirect":0,"replPipeSuffix":0,"completed":true,"skipped":false},{"chunkNo":10,"from":9000,"to":9999,"mapRows":1000,"outPath":"EXP/20260504T161429Z/documentreference_impacted_chunk0010.jsonl","statePath":"EXP/20260504T161429Z/documentreference_impacted_chunk0010.state.json","exported":0,"replDirect":0,"replPipeSuffix":0,"completed":true,"skipped":false},{"chunkNo":11,"from":10000,"to":10999,"mapRows":1000,"outPath":"EXP/20260504T161429Z/documentreference_impacted_chunk0011.jsonl","statePath":"EXP/20260504T161429Z/documentreference_impacted_chunk0011.state.json","exported":0,"replDirect":0,"replPipeSuffix":0,"completed":true,"skipped":false},{"chunkNo":12,"from":11000,"to":11999,"mapRows":1000,"outPath":"EXP/20260504T161429Z/documentreference_impacted_chunk0012.jsonl","statePath":"EXP/20260504T161429Z/documentreference_impacted_chunk0012.state.json","exported":0,"replDirect":0,"replPipeSuffix":0,"completed":true,"skipped":false},{"chunkNo":13,"from":12000,"to":12999,"mapRows":1000,"outPath":"EXP/20260504T161429Z/documentreference_impacted_chunk0013.jsonl","statePath":"EXP/20260504T161429Z/documentreference_impacted_chunk0013.state.json","exported":0,"replDirect":0,"replPipeSuffix":0,"completed":true,"skipped":false},{"chunkNo":14,"from":13000,"to":13999,"mapRows":1000,"outPath":"EXP/20260504T161429Z/documentreference_impacted_chunk0014.jsonl","statePath":"EXP/20260504T161429Z/documentreference_impacted_chunk0014.state.json","exported":0,"replDirect":0,"replPipeSuffix":0,"completed":true,"skipped":false},{"chunkNo":15,"from":14000,"to":14999,"mapRows":1000,"outPath":"EXP/20260504T161429Z/documentreference_impacted_chunk0015.jsonl","statePath":"EXP/20260504T161429Z/documentreference_impacted_chunk0015.state.json","exported":0,"replDirect":0,"replPipeSuffix":0,"completed":true,"skipped":false},{"chunkNo":16,"from":15000,"to":15999,"mapRows":1000,"outPath":"EXP/20260504T161429Z/documentreference_impacted_chunk0016.jsonl","statePath":"EXP/20260504T161429Z/documentreference_impacted_chunk0016.state.json","exported":0,"replDirect":0,"replPipeSuffix":0,"completed":true,"skipped":false},{"chunkNo":17,"from":16000,"to":16999,"mapRows":1000,"outPath":"EXP/20260504T161429Z/documentreference_impacted_chunk0017.jsonl","statePath":"EXP/20260504T161429Z/documentreference_impacted_chunk0017.state.json","exported":0,"replDirect":0,"replPipeSuffix":0,"completed":true,"skipped":false},{"chunkNo":18,"from":17000,"to":17999,"mapRows":1000,"outPath":"EXP/20260504T161429Z/documentreference_impacted_chunk0018.jsonl","statePath":"EXP/20260504T161429Z/documentreference_impacted_chunk0018.state.json","exported":0,"replDirect":0,"replPipeSuffix":0,"completed":true,"skipped":false},{"chunkNo":19,"from":18000,"to":18999,"mapRows":1000,"outPath":"EXP/20260504T161429Z/documentreference_impacted_chunk0019.jsonl","statePath":"EXP/20260504T161429Z/documentreference_impacted_chunk0019.state.json","exported":0,"replDirect":0,"replPipeSuffix":0,"completed":true,"skipped":false},{"chunkNo":20,"from":19000,"to":19999,"mapRows":1000,"outPath":"EXP/20260504T161429Z/documentreference_impacted_chunk0020.jsonl","statePath":"EXP/20260504T161429Z/documentreference_impacted_chunk0020.state.json","exported":0,"replDirect":0,"replPipeSuffix":0,"completed":true,"skipped":false},{"chunkNo":21,"from":20000,"to":20999,"mapRows":1000,"outPath":"EXP/20260504T161429Z/documentreference_impacted_chunk0021.jsonl","statePath":"EXP/20260504T161429Z/documentreference_impacted_chunk0021.state.json","exported":0,"replDirect":0,"replPipeSuffix":0,"completed":true,"skipped":false},{"chunkNo":22,"from":21000,"to":21999,"mapRows":1000,"outPath":"EXP/20260504T161429Z/documentreference_impacted_chunk0022.jsonl","statePath":"EXP/20260504T161429Z/documentreference_impacted_chunk0022.state.json","exported":0,"replDirect":0,"replPipeSuffix":0,"completed":true,"skipped":false},{"chunkNo":23,"from":22000,"to":22999,"mapRows":1000,"outPath":"EXP/20260504T161429Z/documentreference_impacted_chunk0023.jsonl","statePath":"EXP/20260504T161429Z/documentreference_impacted_chunk0023.state.json","exported":0,"replDirect":0,"replPipeSuffix":0,"completed":true,"skipped":false},{"chunkNo":24,"from":23000,"to":23999,"mapRows":1000,"outPath":"EXP/20260504T161429Z/documentreference_impacted_chunk0024.jsonl","statePath":"EXP/20260504T161429Z/documentreference_impacted_chunk0024.state.json","exported":0,"replDirect":0,"replPipeSuffix":0,"completed":true,"skipped":false},{"chunkNo":25,"from":24000,"to":24999,"mapRows":1000,"outPath":"EXP/20260504T161429Z/documentreference_impacted_chunk0025.jsonl","statePath":"EXP/20260504T161429Z/documentreference_impacted_chunk0025.state.json","exported":0,"replDirect":0,"replPipeSuffix":0,"completed":true,"skipped":false},{"chunkNo":26,"from":25000,"to":25999,"mapRows":1000,"outPath":"EXP/20260504T161429Z/documentreference_impacted_chunk0026.jsonl","statePath":"EXP/20260504T161429Z/documentreference_impacted_chunk0026.state.json","exported":0,"replDirect":0,"replPipeSuffix":0,"completed":true,"skipped":false},{"chunkNo":27,"from":26000,"to":26999,"mapRows":1000,"outPath":"EXP/20260504T161429Z/documentreference_impacted_chunk0027.jsonl","statePath":"EXP/20260504T161429Z/documentreference_impacted_chunk0027.state.json","exported":0,"replDirect":0,"replPipeSuffix":0,"completed":true,"skipped":false},{"chunkNo":28,"from":27000,"to":27999,"mapRows":1000,"outPath":"EXP/20260504T161429Z/documentreference_impacted_chunk0028.jsonl","statePath":"EXP/20260504T161429Z/documentreference_impacted_chunk0028.state.json","exported":0,"replDirect":0,"replPipeSuffix":0,"completed":true,"skipped":false},{"chunkNo":29,"from":28000,"to":28999,"mapRows":1000,"outPath":"EXP/20260504T161429Z/documentreference_impacted_chunk0029.jsonl","statePath":"EXP/20260504T161429Z/documentreference_impacted_chunk0029.state.json","exported":0,"replDirect":0,"replPipeSuffix":0,"completed":true,"skipped":false},{"chunkNo":30,"from":29000,"to":29999,"mapRows":1000,"outPath":"EXP/20260504T161429Z/documentreference_impacted_chunk0030.jsonl","statePath":"EXP/20260504T161429Z/documentreference_impacted_chunk0030.state.json","exported":0,"replDirect":0,"replPipeSuffix":0,"completed":true,"skipped":false},{"chunkNo":31,"from":30000,"to":30999,"mapRows":1000,"outPath":"EXP/20260504T161429Z/documentreference_impacted_chunk0031.jsonl","statePath":"EXP/20260504T161429Z/documentreference_impacted_chunk0031.state.json","exported":0,"replDirect":0,"replPipeSuffix":0,"completed":true,"skipped":false},{"chunkNo":32,"from":31000,"to":31999,"mapRows":1000,"outPath":"EXP/20260504T161429Z/documentreference_impacted_chunk0032.jsonl","statePath":"EXP/20260504T161429Z/documentreference_impacted_chunk0032.state.json","exported":0,"replDirect":0,"replPipeSuffix":0,"completed":true,"skipped":false},{"chunkNo":33,"from":32000,"to":32999,"mapRows":1000,"outPath":"EXP/20260504T161429Z/documentreference_impacted_chunk0033.jsonl","statePath":"EXP/20260504T161429Z/documentreference_impacted_chunk0033.state.json","exported":0,"replDirect":0,"replPipeSuffix":0,"completed":true,"skipped":false},{"chunkNo":34,"from":33000,"to":33999,"mapRows":1000,"outPath":"EXP/20260504T161429Z/documentreference_impacted_chunk0034.jsonl","statePath":"EXP/20260504T161429Z/documentreference_impacted_chunk0034.state.json","exported":0,"replDirect":0,"replPipeSuffix":0,"completed":true,"skipped":false},{"chunkNo":35,"from":34000,"to":34999,"mapRows":1000,"outPath":"EXP/20260504T161429Z/documentreference_impacted_chunk0035.jsonl","statePath":"EXP/20260504T161429Z/documentreference_impacted_chunk0035.state.json","exported":0,"replDirect":0,"replPipeSuffix":0,"completed":true,"skipped":false},{"chunkNo":36,"from":35000,"to":35999,"mapRows":1000,"outPath":"EXP/20260504T161429Z/documentreference_impacted_chunk0036.jsonl","statePath":"EXP/20260504T161429Z/documentreference_impacted_chunk0036.state.json","exported":0,"replDirect":0,"replPipeSuffix":0,"completed":true,"skipped":false},{"chunkNo":37,"from":36000,"to":36999,"mapRows":1000,"outPath":"EXP/20260504T161429Z/documentreference_impacted_chunk0037.jsonl","statePath":"EXP/20260504T161429Z/documentreference_impacted_chunk0037.state.json","exported":0,"replDirect":0,"replPipeSuffix":0,"completed":true,"skipped":false},{"chunkNo":38,"from":37000,"to":37999,"mapRows":1000,"outPath":"EXP/20260504T161429Z/documentreference_impacted_chunk0038.jsonl","statePath":"EXP/20260504T161429Z/documentreference_impacted_chunk0038.state.json","exported":0,"replDirect":0,"replPipeSuffix":0,"completed":true,"skipped":false},{"chunkNo":39,"from":38000,"to":38999,"mapRows":1000,"outPath":"EXP/20260504T161429Z/documentreference_impacted_chunk0039.jsonl","statePath":"EXP/20260504T161429Z/documentreference_impacted_chunk0039.state.json","exported":0,"replDirect":0,"replPipeSuffix":0,"completed":true,"skipped":false},{"chunkNo":40,"from":39000,"to":39999,"mapRows":1000,"outPath":"EXP/20260504T161429Z/documentreference_impacted_chunk0040.jsonl","statePath":"EXP/20260504T161429Z/documentreference_impacted_chunk0040.state.json","exported":0,"replDirect":0,"replPipeSuffix":0,"completed":true,"skipped":false},{"chunkNo":41,"from":40000,"to":40999,"mapRows":1000,"outPath":"EXP/20260504T161429Z/documentreference_impacted_chunk0041.jsonl","statePath":"EXP/20260504T161429Z/documentreference_impacted_chunk0041.state.json","exported":0,"replDirect":0,"replPipeSuffix":0,"completed":true,"skipped":false},{"chunkNo":42,"from":41000,"to":41999,"mapRows":1000,"outPath":"EXP/20260504T161429Z/documentreference_impacted_chunk0042.jsonl","statePath":"EXP/20260504T161429Z/documentreference_impacted_chunk0042.state.json","exported":0,"replDirect":0,"replPipeSuffix":0,"completed":true,"skipped":false},{"chunkNo":43,"from":42000,"to":42999,"mapRows":1000,"outPath":"EXP/20260504T161429Z/documentreference_impacted_chunk0043.jsonl","statePath":"EXP/20260504T161429Z/documentreference_impacted_chunk0043.state.json","exported":0,"replDirect":0,"replPipeSuffix":0,"completed":true,"skipped":false},{"chunkNo":44,"from":43000,"to":43999,"mapRows":1000,"outPath":"EXP/20260504T161429Z/documentreference_impacted_chunk0044.jsonl","statePath":"EXP/20260504T161429Z/documentreference_impacted_chunk0044.state.json","exported":0,"replDirect":0,"replPipeSuffix":0,"completed":true,"skipped":false},{"chunkNo":45,"from":44000,"to":44999,"mapRows":1000,"outPath":"EXP/20260504T161429Z/documentreference_impacted_chunk0045.jsonl","statePath":"EXP/20260504T161429Z/documentreference_impacted_chunk0045.state.json","exported":0,"replDirect":0,"replPipeSuffix":0,"completed":true,"skipped":false},{"chunkNo":46,"from":45000,"to":45999,"mapRows":1000,"outPath":"EXP/20260504T161429Z/documentreference_impacted_chunk0046.jsonl","statePath":"EXP/20260504T161429Z/documentreference_impacted_chunk0046.state.json","exported":0,"replDirect":0,"replPipeSuffix":0,"completed":true,"skipped":false},{"chunkNo":47,"from":46000,"to":46999,"mapRows":1000,"outPath":"EXP/20260504T161429Z/documentreference_impacted_chunk0047.jsonl","statePath":"EXP/20260504T161429Z/documentreference_impacted_chunk0047.state.json","exported":0,"replDirect":0,"replPipeSuffix":0,"completed":true,"skipped":false},{"chunkNo":48,"from":47000,"to":47999,"mapRows":1000,"outPath":"EXP/20260504T161429Z/documentreference_impacted_chunk0048.jsonl","statePath":"EXP/20260504T161429Z/documentreference_impacted_chunk0048.state.json","exported":0,"replDirect":0,"replPipeSuffix":0,"completed":true,"skipped":false},{"chunkNo":49,"from":48000,"to":48999,"mapRows":1000,"outPath":"EXP/20260504T161429Z/documentreference_impacted_chunk0049.jsonl","statePath":"EXP/20260504T161429Z/documentreference_impacted_chunk0049.state.json","exported":0,"replDirect":0,"replPipeSuffix":0,"completed":true,"skipped":false},{"chunkNo":50,"from":49000,"to":49999,"mapRows":1000,"outPath":"EXP/20260504T161429Z/documentreference_impacted_chunk0050.jsonl","statePath":"EXP/20260504T161429Z/documentreference_impacted_chunk0050.state.json","exported":0,"replDirect":0,"replPipeSuffix":0,"completed":true,"skipped":false},{"chunkNo":51,"from":50000,"to":50999,"mapRows":1000,"outPath":"EXP/20260504T161429Z/documentreference_impacted_chunk0051.jsonl","statePath":"EXP/20260504T161429Z/documentreference_impacted_chunk0051.state.json","exported":0,"replDirect":0,"replPipeSuffix":0,"completed":true,"skipped":false},{"chunkNo":52,"from":51000,"to":51999,"mapRows":1000,"outPath":"EXP/20260504T161429Z/documentreference_impacted_chunk0052.jsonl","statePath":"EXP/20260504T161429Z/documentreference_impacted_chunk0052.state.json","exported":0,"replDirect":0,"replPipeSuffix":0,"completed":true,"skipped":false},{"chunkNo":53,"from":52000,"to":52999,"mapRows":1000,"outPath":"EXP/20260504T161429Z/documentreference_impacted_chunk0053.jsonl","statePath":"EXP/20260504T161429Z/documentreference_impacted_chunk0053.state.json","exported":0,"replDirect":0,"replPipeSuffix":0,"completed":true,"skipped":false},{"chunkNo":54,"from":53000,"to":53999,"mapRows":1000,"outPath":"EXP/20260504T161429Z/documentreference_impacted_chunk0054.jsonl","statePath":"EXP/20260504T161429Z/documentreference_impacted_chunk0054.state.json","exported":0,"replDirect":0,"replPipeSuffix":0,"completed":true,"skipped":false},{"chunkNo":55,"from":54000,"to":54999,"mapRows":1000,"outPath":"EXP/20260504T161429Z/documentreference_impacted_chunk0055.jsonl","statePath":"EXP/20260504T161429Z/documentreference_impacted_chunk0055.state.json","exported":0,"replDirect":0,"replPipeSuffix":0,"completed":true,"skipped":false},{"chunkNo":56,"from":55000,"to":55999,"mapRows":1000,"outPath":"EXP/20260504T161429Z/documentreference_impacted_chunk0056.jsonl","statePath":"EXP/20260504T161429Z/documentreference_impacted_chunk0056.state.json","exported":0,"replDirect":0,"replPipeSuffix":0,"completed":true,"skipped":false},{"chunkNo":57,"from":56000,"to":56999,"mapRows":1000,"outPath":"EXP/20260504T161429Z/documentreference_impacted_chunk0057.jsonl","statePath":"EXP/20260504T161429Z/documentreference_impacted_chunk0057.state.json","exported":0,"replDirect":0,"replPipeSuffix":0,"completed":true,"skipped":false},{"chunkNo":58,"from":57000,"to":57999,"mapRows":1000,"outPath":"EXP/20260504T161429Z/documentreference_impacted_chunk0058.jsonl","statePath":"EXP/20260504T161429Z/documentreference_impacted_chunk0058.state.json","exported":0,"replDirect":0,"replPipeSuffix":0,"completed":true,"skipped":false},{"chunkNo":59,"from":58000,"to":58999,"mapRows":1000,"outPath":"EXP/20260504T161429Z/documentreference_impacted_chunk0059.jsonl","statePath":"EXP/20260504T161429Z/documentreference_impacted_chunk0059.state.json","exported":0,"replDirect":0,"replPipeSuffix":0,"completed":true,"skipped":false},{"chunkNo":60,"from":59000,"to":59999,"mapRows":1000,"outPath":"EXP/20260504T161429Z/documentreference_impacted_chunk0060.jsonl","statePath":"EXP/20260504T161429Z/documentreference_impacted_chunk0060.state.json","exported":0,"replDirect":0,"replPipeSuffix":0,"completed":true,"skipped":false},{"chunkNo":61,"from":60000,"to":60999,"mapRows":1000,"outPath":"EXP/20260504T161429Z/documentreference_impacted_chunk0061.jsonl","statePath":"EXP/20260504T161429Z/documentreference_impacted_chunk0061.state.json","exported":0,"replDirect":0,"replPipeSuffix":0,"completed":true,"skipped":false},{"chunkNo":62,"from":61000,"to":61999,"mapRows":1000,"outPath":"EXP/20260504T161429Z/documentreference_impacted_chunk0062.jsonl","statePath":"EXP/20260504T161429Z/documentreference_impacted_chunk0062.state.json","exported":0,"replDirect":0,"replPipeSuffix":0,"completed":true,"skipped":false},{"chunkNo":63,"from":62000,"to":62999,"mapRows":1000,"outPath":"EXP/20260504T161429Z/documentreference_impacted_chunk0063.jsonl","statePath":"EXP/20260504T161429Z/documentreference_impacted_chunk0063.state.json","exported":0,"replDirect":0,"replPipeSuffix":0,"completed":true,"skipped":false},{"chunkNo":64,"from":63000,"to":63999,"mapRows":1000,"outPath":"EXP/20260504T161429Z/documentreference_impacted_chunk0064.jsonl","statePath":"EXP/20260504T161429Z/documentreference_impacted_chunk0064.state.json","exported":0,"replDirect":0,"replPipeSuffix":0,"completed":true,"skipped":false},{"chunkNo":65,"from":64000,"to":64999,"mapRows":1000,"outPath":"EXP/20260504T161429Z/documentreference_impacted_chunk0065.jsonl","statePath":"EXP/20260504T161429Z/documentreference_impacted_chunk0065.state.json","exported":0,"replDirect":0,"replPipeSuffix":0,"completed":true,"skipped":false},{"chunkNo":66,"from":65000,"to":65999,"mapRows":1000,"outPath":"EXP/20260504T161429Z/documentreference_impacted_chunk0066.jsonl","statePath":"EXP/20260504T161429Z/documentreference_impacted_chunk0066.state.json","exported":0,"replDirect":0,"replPipeSuffix":0,"completed":true,"skipped":false},{"chunkNo":67,"from":66000,"to":66999,"mapRows":1000,"outPath":"EXP/20260504T161429Z/documentreference_impacted_chunk0067.jsonl","statePath":"EXP/20260504T161429Z/documentreference_impacted_chunk0067.state.json","exported":0,"replDirect":0,"replPipeSuffix":0,"completed":true,"skipped":false},{"chunkNo":68,"from":67000,"to":67999,"mapRows":1000,"outPath":"EXP/20260504T161429Z/documentreference_impacted_chunk0068.jsonl","statePath":"EXP/20260504T161429Z/documentreference_impacted_chunk0068.state.json","exported":0,"replDirect":0,"replPipeSuffix":0,"completed":true,"skipped":false},{"chunkNo":69,"from":68000,"to":68999,"mapRows":1000,"outPath":"EXP/20260504T161429Z/documentreference_impacted_chunk0069.jsonl","statePath":"EXP/20260504T161429Z/documentreference_impacted_chunk0069.state.json","exported":0,"replDirect":0,"replPipeSuffix":0,"completed":true,"skipped":false},{"chunkNo":70,"from":69000,"to":69999,"mapRows":1000,"outPath":"EXP/20260504T161429Z/documentreference_impacted_chunk0070.jsonl","statePath":"EXP/20260504T161429Z/documentreference_impacted_chunk0070.state.json","exported":0,"replDirect":0,"replPipeSuffix":0,"completed":true,"skipped":false},{"chunkNo":71,"from":70000,"to":70999,"mapRows":1000,"outPath":"EXP/20260504T161429Z/documentreference_impacted_chunk0071.jsonl","statePath":"EXP/20260504T161429Z/documentreference_impacted_chunk0071.state.json","exported":0,"replDirect":0,"replPipeSuffix":0,"completed":true,"skipped":false},{"chunkNo":72,"from":71000,"to":71999,"mapRows":1000,"outPath":"EXP/20260504T161429Z/documentreference_impacted_chunk0072.jsonl","statePath":"EXP/20260504T161429Z/documentreference_impacted_chunk0072.state.json","exported":0,"replDirect":0,"replPipeSuffix":0,"completed":true,"skipped":false},{"chunkNo":73,"from":72000,"to":72999,"mapRows":1000,"outPath":"EXP/20260504T161429Z/documentreference_impacted_chunk0073.jsonl","statePath":"EXP/20260504T161429Z/documentreference_impacted_chunk0073.state.json","exported":0,"replDirect":0,"replPipeSuffix":0,"completed":true,"skipped":false},{"chunkNo":74,"from":73000,"to":73999,"mapRows":1000,"outPath":"EXP/20260504T161429Z/documentreference_impacted_chunk0074.jsonl","statePath":"EXP/20260504T161429Z/documentreference_impacted_chunk0074.state.json","exported":0,"replDirect":0,"replPipeSuffix":0,"completed":true,"skipped":false},{"chunkNo":75,"from":74000,"to":74999,"mapRows":1000,"outPath":"EXP/20260504T161429Z/documentreference_impacted_chunk0075.jsonl","statePath":"EXP/20260504T161429Z/documentreference_impacted_chunk0075.state.json","exported":0,"replDirect":0,"replPipeSuffix":0,"completed":true,"skipped":false},{"chunkNo":76,"from":75000,"to":75999,"mapRows":1000,"outPath":"EXP/20260504T161429Z/documentreference_impacted_chunk0076.jsonl","statePath":"EXP/20260504T161429Z/documentreference_impacted_chunk0076.state.json","exported":0,"replDirect":0,"replPipeSuffix":0,"completed":true,"skipped":false},{"chunkNo":77,"from":76000,"to":76999,"mapRows":1000,"outPath":"EXP/20260504T161429Z/documentreference_impacted_chunk0077.jsonl","statePath":"EXP/20260504T161429Z/documentreference_impacted_chunk0077.state.json","exported":0,"replDirect":0,"replPipeSuffix":0,"completed":true,"skipped":false},{"chunkNo":78,"from":77000,"to":77969,"mapRows":970,"outPath":"EXP/20260504T161429Z/documentreference_impacted_chunk0078.jsonl","statePath":"EXP/20260504T161429Z/documentreference_impacted_chunk0078.state.json","exported":0,"replDirect":0,"replPipeSuffix":0,"completed":true,"skipped":false}]},"ts":"2026-05-04T16:17:10.353Z"}
{"type":"result","script":"006_03B_esportazione_su_file_prod_match_documentreference_by_keys_original.js","runId":"20260504T161429Z","stepId":23,"dbName":"hc40-index-bonifica","expDir":"./EXP","outDir":"EXP/20260504T161429Z","outBase":"documentreference_impacted_original","outExt":".jsonl","logPath":"EXP/20260504T161429Z/documentreference_impacted_original.log","mapPath":"EXP/20260504T161429Z/sio_ihub_hc40_adt_keys_map.js","mapConstName":"SIO_IHUB_HC40_ADT_KEYS","globalStatePath":"EXP/20260504T161429Z/documentreference_impacted_original.chunks.state.json","debug":false,"debugDocId":null,"debugNoWrite":false,"mapChunkSize":1000,"batchSize":2000,"logEvery":1000,"matchName":"encounter:context.encounter.reference","hintName":"attribute_search.name_1_attribute_search.value_1__id_1","summary":{"totalPairs":77970,"chunkSize":1000,"chunkCount":78,"completedChunksBefore":[],"completedChunksAfter":[1,2,3,4,5,6,7,8,9,10,11,12,13,14,15,16,17,18,19,20,21,22,23,24,25,26,27,28,29,30,31,32,33,34,35,36,37,38,39,40,41,42,43,44,45,46,47,48,49,50,51,52,53,54,55,56,57,58,59,60,61,62,63,64,65,66,67,68,69,70,71,72,73,74,75,76,77,78],"totalExportedDocs":1283,"chunks":[{"chunkNo":1,"from":0,"to":999,"mapRows":1000,"keys":1000,"badRows":0,"outPath":"EXP/20260504T161429Z/documentreference_impacted_original_chunk0001.jsonl","statePath":"EXP/20260504T161429Z/documentreference_impacted_original_chunk0001.state.json","exported":1283,"completed":true,"skipped":false},{"chunkNo":2,"from":1000,"to":1999,"mapRows":1000,"keys":1000,"badRows":0,"outPath":"EXP/20260504T161429Z/documentreference_impacted_original_chunk0002.jsonl","statePath":"EXP/20260504T161429Z/documentreference_impacted_original_chunk0002.state.json","exported":0,"completed":true,"skipped":false},{"chunkNo":3,"from":2000,"to":2999,"mapRows":1000,"keys":1000,"badRows":0,"outPath":"EXP/20260504T161429Z/documentreference_impacted_original_chunk0003.jsonl","statePath":"EXP/20260504T161429Z/documentreference_impacted_original_chunk0003.state.json","exported":0,"completed":true,"skipped":false},{"chunkNo":4,"from":3000,"to":3999,"mapRows":1000,"keys":1000,"badRows":0,"outPath":"EXP/20260504T161429Z/documentreference_impacted_original_chunk0004.jsonl","statePath":"EXP/20260504T161429Z/documentreference_impacted_original_chunk0004.state.json","exported":0,"completed":true,"skipped":false},{"chunkNo":5,"from":4000,"to":4999,"mapRows":1000,"keys":1000,"badRows":0,"outPath":"EXP/20260504T161429Z/documentreference_impacted_original_chunk0005.jsonl","statePath":"EXP/20260504T161429Z/documentreference_impacted_original_chunk0005.state.json","exported":0,"completed":true,"skipped":false},{"chunkNo":6,"from":5000,"to":5999,"mapRows":1000,"keys":1000,"badRows":0,"outPath":"EXP/20260504T161429Z/documentreference_impacted_original_chunk0006.jsonl","statePath":"EXP/20260504T161429Z/documentreference_impacted_original_chunk0006.state.json","exported":0,"completed":true,"skipped":false},{"chunkNo":7,"from":6000,"to":6999,"mapRows":1000,"keys":1000,"badRows":0,"outPath":"EXP/20260504T161429Z/documentreference_impacted_original_chunk0007.jsonl","statePath":"EXP/20260504T161429Z/documentreference_impacted_original_chunk0007.state.json","exported":0,"completed":true,"skipped":false},{"chunkNo":8,"from":7000,"to":7999,"mapRows":1000,"keys":1000,"badRows":0,"outPath":"EXP/20260504T161429Z/documentreference_impacted_original_chunk0008.jsonl","statePath":"EXP/20260504T161429Z/documentreference_impacted_original_chunk0008.state.json","exported":0,"completed":true,"skipped":false},{"chunkNo":9,"from":8000,"to":8999,"mapRows":1000,"keys":1000,"badRows":0,"outPath":"EXP/20260504T161429Z/documentreference_impacted_original_chunk0009.jsonl","statePath":"EXP/20260504T161429Z/documentreference_impacted_original_chunk0009.state.json","exported":0,"completed":true,"skipped":false},{"chunkNo":10,"from":9000,"to":9999,"mapRows":1000,"keys":1000,"badRows":0,"outPath":"EXP/20260504T161429Z/documentreference_impacted_original_chunk0010.jsonl","statePath":"EXP/20260504T161429Z/documentreference_impacted_original_chunk0010.state.json","exported":0,"completed":true,"skipped":false},{"chunkNo":11,"from":10000,"to":10999,"mapRows":1000,"keys":1000,"badRows":0,"outPath":"EXP/20260504T161429Z/documentreference_impacted_original_chunk0011.jsonl","statePath":"EXP/20260504T161429Z/documentreference_impacted_original_chunk0011.state.json","exported":0,"completed":true,"skipped":false},{"chunkNo":12,"from":11000,"to":11999,"mapRows":1000,"keys":1000,"badRows":0,"outPath":"EXP/20260504T161429Z/documentreference_impacted_original_chunk0012.jsonl","statePath":"EXP/20260504T161429Z/documentreference_impacted_original_chunk0012.state.json","exported":0,"completed":true,"skipped":false},{"chunkNo":13,"from":12000,"to":12999,"mapRows":1000,"keys":1000,"badRows":0,"outPath":"EXP/20260504T161429Z/documentreference_impacted_original_chunk0013.jsonl","statePath":"EXP/20260504T161429Z/documentreference_impacted_original_chunk0013.state.json","exported":0,"completed":true,"skipped":false},{"chunkNo":14,"from":13000,"to":13999,"mapRows":1000,"keys":1000,"badRows":0,"outPath":"EXP/20260504T161429Z/documentreference_impacted_original_chunk0014.jsonl","statePath":"EXP/20260504T161429Z/documentreference_impacted_original_chunk0014.state.json","exported":0,"completed":true,"skipped":false},{"chunkNo":15,"from":14000,"to":14999,"mapRows":1000,"keys":1000,"badRows":0,"outPath":"EXP/20260504T161429Z/documentreference_impacted_original_chunk0015.jsonl","statePath":"EXP/20260504T161429Z/documentreference_impacted_original_chunk0015.state.json","exported":0,"completed":true,"skipped":false},{"chunkNo":16,"from":15000,"to":15999,"mapRows":1000,"keys":1000,"badRows":0,"outPath":"EXP/20260504T161429Z/documentreference_impacted_original_chunk0016.jsonl","statePath":"EXP/20260504T161429Z/documentreference_impacted_original_chunk0016.state.json","exported":0,"completed":true,"skipped":false},{"chunkNo":17,"from":16000,"to":16999,"mapRows":1000,"keys":1000,"badRows":0,"outPath":"EXP/20260504T161429Z/documentreference_impacted_original_chunk0017.jsonl","statePath":"EXP/20260504T161429Z/documentreference_impacted_original_chunk0017.state.json","exported":0,"completed":true,"skipped":false},{"chunkNo":18,"from":17000,"to":17999,"mapRows":1000,"keys":1000,"badRows":0,"outPath":"EXP/20260504T161429Z/documentreference_impacted_original_chunk0018.jsonl","statePath":"EXP/20260504T161429Z/documentreference_impacted_original_chunk0018.state.json","exported":0,"completed":true,"skipped":false},{"chunkNo":19,"from":18000,"to":18999,"mapRows":1000,"keys":1000,"badRows":0,"outPath":"EXP/20260504T161429Z/documentreference_impacted_original_chunk0019.jsonl","statePath":"EXP/20260504T161429Z/documentreference_impacted_original_chunk0019.state.json","exported":0,"completed":true,"skipped":false},{"chunkNo":20,"from":19000,"to":19999,"mapRows":1000,"keys":1000,"badRows":0,"outPath":"EXP/20260504T161429Z/documentreference_impacted_original_chunk0020.jsonl","statePath":"EXP/20260504T161429Z/documentreference_impacted_original_chunk0020.state.json","exported":0,"completed":true,"skipped":false},{"chunkNo":21,"from":20000,"to":20999,"mapRows":1000,"keys":1000,"badRows":0,"outPath":"EXP/20260504T161429Z/documentreference_impacted_original_chunk0021.jsonl","statePath":"EXP/20260504T161429Z/documentreference_impacted_original_chunk0021.state.json","exported":0,"completed":true,"skipped":false},{"chunkNo":22,"from":21000,"to":21999,"mapRows":1000,"keys":1000,"badRows":0,"outPath":"EXP/20260504T161429Z/documentreference_impacted_original_chunk0022.jsonl","statePath":"EXP/20260504T161429Z/documentreference_impacted_original_chunk0022.state.json","exported":0,"completed":true,"skipped":false},{"chunkNo":23,"from":22000,"to":22999,"mapRows":1000,"keys":1000,"badRows":0,"outPath":"EXP/20260504T161429Z/documentreference_impacted_original_chunk0023.jsonl","statePath":"EXP/20260504T161429Z/documentreference_impacted_original_chunk0023.state.json","exported":0,"completed":true,"skipped":false},{"chunkNo":24,"from":23000,"to":23999,"mapRows":1000,"keys":1000,"badRows":0,"outPath":"EXP/20260504T161429Z/documentreference_impacted_original_chunk0024.jsonl","statePath":"EXP/20260504T161429Z/documentreference_impacted_original_chunk0024.state.json","exported":0,"completed":true,"skipped":false},{"chunkNo":25,"from":24000,"to":24999,"mapRows":1000,"keys":1000,"badRows":0,"outPath":"EXP/20260504T161429Z/documentreference_impacted_original_chunk0025.jsonl","statePath":"EXP/20260504T161429Z/documentreference_impacted_original_chunk0025.state.json","exported":0,"completed":true,"skipped":false},{"chunkNo":26,"from":25000,"to":25999,"mapRows":1000,"keys":1000,"badRows":0,"outPath":"EXP/20260504T161429Z/documentreference_impacted_original_chunk0026.jsonl","statePath":"EXP/20260504T161429Z/documentreference_impacted_original_chunk0026.state.json","exported":0,"completed":true,"skipped":false},{"chunkNo":27,"from":26000,"to":26999,"mapRows":1000,"keys":1000,"badRows":0,"outPath":"EXP/20260504T161429Z/documentreference_impacted_original_chunk0027.jsonl","statePath":"EXP/20260504T161429Z/documentreference_impacted_original_chunk0027.state.json","exported":0,"completed":true,"skipped":false},{"chunkNo":28,"from":27000,"to":27999,"mapRows":1000,"keys":1000,"badRows":0,"outPath":"EXP/20260504T161429Z/documentreference_impacted_original_chunk0028.jsonl","statePath":"EXP/20260504T161429Z/documentreference_impacted_original_chunk0028.state.json","exported":0,"completed":true,"skipped":false},{"chunkNo":29,"from":28000,"to":28999,"mapRows":1000,"keys":1000,"badRows":0,"outPath":"EXP/20260504T161429Z/documentreference_impacted_original_chunk0029.jsonl","statePath":"EXP/20260504T161429Z/documentreference_impacted_original_chunk0029.state.json","exported":0,"completed":true,"skipped":false},{"chunkNo":30,"from":29000,"to":29999,"mapRows":1000,"keys":1000,"badRows":0,"outPath":"EXP/20260504T161429Z/documentreference_impacted_original_chunk0030.jsonl","statePath":"EXP/20260504T161429Z/documentreference_impacted_original_chunk0030.state.json","exported":0,"completed":true,"skipped":false},{"chunkNo":31,"from":30000,"to":30999,"mapRows":1000,"keys":1000,"badRows":0,"outPath":"EXP/20260504T161429Z/documentreference_impacted_original_chunk0031.jsonl","statePath":"EXP/20260504T161429Z/documentreference_impacted_original_chunk0031.state.json","exported":0,"completed":true,"skipped":false},{"chunkNo":32,"from":31000,"to":31999,"mapRows":1000,"keys":1000,"badRows":0,"outPath":"EXP/20260504T161429Z/documentreference_impacted_original_chunk0032.jsonl","statePath":"EXP/20260504T161429Z/documentreference_impacted_original_chunk0032.state.json","exported":0,"completed":true,"skipped":false},{"chunkNo":33,"from":32000,"to":32999,"mapRows":1000,"keys":1000,"badRows":0,"outPath":"EXP/20260504T161429Z/documentreference_impacted_original_chunk0033.jsonl","statePath":"EXP/20260504T161429Z/documentreference_impacted_original_chunk0033.state.json","exported":0,"completed":true,"skipped":false},{"chunkNo":34,"from":33000,"to":33999,"mapRows":1000,"keys":1000,"badRows":0,"outPath":"EXP/20260504T161429Z/documentreference_impacted_original_chunk0034.jsonl","statePath":"EXP/20260504T161429Z/documentreference_impacted_original_chunk0034.state.json","exported":0,"completed":true,"skipped":false},{"chunkNo":35,"from":34000,"to":34999,"mapRows":1000,"keys":1000,"badRows":0,"outPath":"EXP/20260504T161429Z/documentreference_impacted_original_chunk0035.jsonl","statePath":"EXP/20260504T161429Z/documentreference_impacted_original_chunk0035.state.json","exported":0,"completed":true,"skipped":false},{"chunkNo":36,"from":35000,"to":35999,"mapRows":1000,"keys":1000,"badRows":0,"outPath":"EXP/20260504T161429Z/documentreference_impacted_original_chunk0036.jsonl","statePath":"EXP/20260504T161429Z/documentreference_impacted_original_chunk0036.state.json","exported":0,"completed":true,"skipped":false},{"chunkNo":37,"from":36000,"to":36999,"mapRows":1000,"keys":1000,"badRows":0,"outPath":"EXP/20260504T161429Z/documentreference_impacted_original_chunk0037.jsonl","statePath":"EXP/20260504T161429Z/documentreference_impacted_original_chunk0037.state.json","exported":0,"completed":true,"skipped":false},{"chunkNo":38,"from":37000,"to":37999,"mapRows":1000,"keys":1000,"badRows":0,"outPath":"EXP/20260504T161429Z/documentreference_impacted_original_chunk0038.jsonl","statePath":"EXP/20260504T161429Z/documentreference_impacted_original_chunk0038.state.json","exported":0,"completed":true,"skipped":false},{"chunkNo":39,"from":38000,"to":38999,"mapRows":1000,"keys":1000,"badRows":0,"outPath":"EXP/20260504T161429Z/documentreference_impacted_original_chunk0039.jsonl","statePath":"EXP/20260504T161429Z/documentreference_impacted_original_chunk0039.state.json","exported":0,"completed":true,"skipped":false},{"chunkNo":40,"from":39000,"to":39999,"mapRows":1000,"keys":1000,"badRows":0,"outPath":"EXP/20260504T161429Z/documentreference_impacted_original_chunk0040.jsonl","statePath":"EXP/20260504T161429Z/documentreference_impacted_original_chunk0040.state.json","exported":0,"completed":true,"skipped":false},{"chunkNo":41,"from":40000,"to":40999,"mapRows":1000,"keys":1000,"badRows":0,"outPath":"EXP/20260504T161429Z/documentreference_impacted_original_chunk0041.jsonl","statePath":"EXP/20260504T161429Z/documentreference_impacted_original_chunk0041.state.json","exported":0,"completed":true,"skipped":false},{"chunkNo":42,"from":41000,"to":41999,"mapRows":1000,"keys":1000,"badRows":0,"outPath":"EXP/20260504T161429Z/documentreference_impacted_original_chunk0042.jsonl","statePath":"EXP/20260504T161429Z/documentreference_impacted_original_chunk0042.state.json","exported":0,"completed":true,"skipped":false},{"chunkNo":43,"from":42000,"to":42999,"mapRows":1000,"keys":1000,"badRows":0,"outPath":"EXP/20260504T161429Z/documentreference_impacted_original_chunk0043.jsonl","statePath":"EXP/20260504T161429Z/documentreference_impacted_original_chunk0043.state.json","exported":0,"completed":true,"skipped":false},{"chunkNo":44,"from":43000,"to":43999,"mapRows":1000,"keys":1000,"badRows":0,"outPath":"EXP/20260504T161429Z/documentreference_impacted_original_chunk0044.jsonl","statePath":"EXP/20260504T161429Z/documentreference_impacted_original_chunk0044.state.json","exported":0,"completed":true,"skipped":false},{"chunkNo":45,"from":44000,"to":44999,"mapRows":1000,"keys":1000,"badRows":0,"outPath":"EXP/20260504T161429Z/documentreference_impacted_original_chunk0045.jsonl","statePath":"EXP/20260504T161429Z/documentreference_impacted_original_chunk0045.state.json","exported":0,"completed":true,"skipped":false},{"chunkNo":46,"from":45000,"to":45999,"mapRows":1000,"keys":1000,"badRows":0,"outPath":"EXP/20260504T161429Z/documentreference_impacted_original_chunk0046.jsonl","statePath":"EXP/20260504T161429Z/documentreference_impacted_original_chunk0046.state.json","exported":0,"completed":true,"skipped":false},{"chunkNo":47,"from":46000,"to":46999,"mapRows":1000,"keys":1000,"badRows":0,"outPath":"EXP/20260504T161429Z/documentreference_impacted_original_chunk0047.jsonl","statePath":"EXP/20260504T161429Z/documentreference_impacted_original_chunk0047.state.json","exported":0,"completed":true,"skipped":false},{"chunkNo":48,"from":47000,"to":47999,"mapRows":1000,"keys":1000,"badRows":0,"outPath":"EXP/20260504T161429Z/documentreference_impacted_original_chunk0048.jsonl","statePath":"EXP/20260504T161429Z/documentreference_impacted_original_chunk0048.state.json","exported":0,"completed":true,"skipped":false},{"chunkNo":49,"from":48000,"to":48999,"mapRows":1000,"keys":1000,"badRows":0,"outPath":"EXP/20260504T161429Z/documentreference_impacted_original_chunk0049.jsonl","statePath":"EXP/20260504T161429Z/documentreference_impacted_original_chunk0049.state.json","exported":0,"completed":true,"skipped":false},{"chunkNo":50,"from":49000,"to":49999,"mapRows":1000,"keys":1000,"badRows":0,"outPath":"EXP/20260504T161429Z/documentreference_impacted_original_chunk0050.jsonl","statePath":"EXP/20260504T161429Z/documentreference_impacted_original_chunk0050.state.json","exported":0,"completed":true,"skipped":false},{"chunkNo":51,"from":50000,"to":50999,"mapRows":1000,"keys":1000,"badRows":0,"outPath":"EXP/20260504T161429Z/documentreference_impacted_original_chunk0051.jsonl","statePath":"EXP/20260504T161429Z/documentreference_impacted_original_chunk0051.state.json","exported":0,"completed":true,"skipped":false},{"chunkNo":52,"from":51000,"to":51999,"mapRows":1000,"keys":1000,"badRows":0,"outPath":"EXP/20260504T161429Z/documentreference_impacted_original_chunk0052.jsonl","statePath":"EXP/20260504T161429Z/documentreference_impacted_original_chunk0052.state.json","exported":0,"completed":true,"skipped":false},{"chunkNo":53,"from":52000,"to":52999,"mapRows":1000,"keys":1000,"badRows":0,"outPath":"EXP/20260504T161429Z/documentreference_impacted_original_chunk0053.jsonl","statePath":"EXP/20260504T161429Z/documentreference_impacted_original_chunk0053.state.json","exported":0,"completed":true,"skipped":false},{"chunkNo":54,"from":53000,"to":53999,"mapRows":1000,"keys":1000,"badRows":0,"outPath":"EXP/20260504T161429Z/documentreference_impacted_original_chunk0054.jsonl","statePath":"EXP/20260504T161429Z/documentreference_impacted_original_chunk0054.state.json","exported":0,"completed":true,"skipped":false},{"chunkNo":55,"from":54000,"to":54999,"mapRows":1000,"keys":1000,"badRows":0,"outPath":"EXP/20260504T161429Z/documentreference_impacted_original_chunk0055.jsonl","statePath":"EXP/20260504T161429Z/documentreference_impacted_original_chunk0055.state.json","exported":0,"completed":true,"skipped":false},{"chunkNo":56,"from":55000,"to":55999,"mapRows":1000,"keys":1000,"badRows":0,"outPath":"EXP/20260504T161429Z/documentreference_impacted_original_chunk0056.jsonl","statePath":"EXP/20260504T161429Z/documentreference_impacted_original_chunk0056.state.json","exported":0,"completed":true,"skipped":false},{"chunkNo":57,"from":56000,"to":56999,"mapRows":1000,"keys":1000,"badRows":0,"outPath":"EXP/20260504T161429Z/documentreference_impacted_original_chunk0057.jsonl","statePath":"EXP/20260504T161429Z/documentreference_impacted_original_chunk0057.state.json","exported":0,"completed":true,"skipped":false},{"chunkNo":58,"from":57000,"to":57999,"mapRows":1000,"keys":1000,"badRows":0,"outPath":"EXP/20260504T161429Z/documentreference_impacted_original_chunk0058.jsonl","statePath":"EXP/20260504T161429Z/documentreference_impacted_original_chunk0058.state.json","exported":0,"completed":true,"skipped":false},{"chunkNo":59,"from":58000,"to":58999,"mapRows":1000,"keys":1000,"badRows":0,"outPath":"EXP/20260504T161429Z/documentreference_impacted_original_chunk0059.jsonl","statePath":"EXP/20260504T161429Z/documentreference_impacted_original_chunk0059.state.json","exported":0,"completed":true,"skipped":false},{"chunkNo":60,"from":59000,"to":59999,"mapRows":1000,"keys":1000,"badRows":0,"outPath":"EXP/20260504T161429Z/documentreference_impacted_original_chunk0060.jsonl","statePath":"EXP/20260504T161429Z/documentreference_impacted_original_chunk0060.state.json","exported":0,"completed":true,"skipped":false},{"chunkNo":61,"from":60000,"to":60999,"mapRows":1000,"keys":1000,"badRows":0,"outPath":"EXP/20260504T161429Z/documentreference_impacted_original_chunk0061.jsonl","statePath":"EXP/20260504T161429Z/documentreference_impacted_original_chunk0061.state.json","exported":0,"completed":true,"skipped":false},{"chunkNo":62,"from":61000,"to":61999,"mapRows":1000,"keys":1000,"badRows":0,"outPath":"EXP/20260504T161429Z/documentreference_impacted_original_chunk0062.jsonl","statePath":"EXP/20260504T161429Z/documentreference_impacted_original_chunk0062.state.json","exported":0,"completed":true,"skipped":false},{"chunkNo":63,"from":62000,"to":62999,"mapRows":1000,"keys":1000,"badRows":0,"outPath":"EXP/20260504T161429Z/documentreference_impacted_original_chunk0063.jsonl","statePath":"EXP/20260504T161429Z/documentreference_impacted_original_chunk0063.state.json","exported":0,"completed":true,"skipped":false},{"chunkNo":64,"from":63000,"to":63999,"mapRows":1000,"keys":1000,"badRows":0,"outPath":"EXP/20260504T161429Z/documentreference_impacted_original_chunk0064.jsonl","statePath":"EXP/20260504T161429Z/documentreference_impacted_original_chunk0064.state.json","exported":0,"completed":true,"skipped":false},{"chunkNo":65,"from":64000,"to":64999,"mapRows":1000,"keys":1000,"badRows":0,"outPath":"EXP/20260504T161429Z/documentreference_impacted_original_chunk0065.jsonl","statePath":"EXP/20260504T161429Z/documentreference_impacted_original_chunk0065.state.json","exported":0,"completed":true,"skipped":false},{"chunkNo":66,"from":65000,"to":65999,"mapRows":1000,"keys":1000,"badRows":0,"outPath":"EXP/20260504T161429Z/documentreference_impacted_original_chunk0066.jsonl","statePath":"EXP/20260504T161429Z/documentreference_impacted_original_chunk0066.state.json","exported":0,"completed":true,"skipped":false},{"chunkNo":67,"from":66000,"to":66999,"mapRows":1000,"keys":1000,"badRows":0,"outPath":"EXP/20260504T161429Z/documentreference_impacted_original_chunk0067.jsonl","statePath":"EXP/20260504T161429Z/documentreference_impacted_original_chunk0067.state.json","exported":0,"completed":true,"skipped":false},{"chunkNo":68,"from":67000,"to":67999,"mapRows":1000,"keys":1000,"badRows":0,"outPath":"EXP/20260504T161429Z/documentreference_impacted_original_chunk0068.jsonl","statePath":"EXP/20260504T161429Z/documentreference_impacted_original_chunk0068.state.json","exported":0,"completed":true,"skipped":false},{"chunkNo":69,"from":68000,"to":68999,"mapRows":1000,"keys":1000,"badRows":0,"outPath":"EXP/20260504T161429Z/documentreference_impacted_original_chunk0069.jsonl","statePath":"EXP/20260504T161429Z/documentreference_impacted_original_chunk0069.state.json","exported":0,"completed":true,"skipped":false},{"chunkNo":70,"from":69000,"to":69999,"mapRows":1000,"keys":1000,"badRows":0,"outPath":"EXP/20260504T161429Z/documentreference_impacted_original_chunk0070.jsonl","statePath":"EXP/20260504T161429Z/documentreference_impacted_original_chunk0070.state.json","exported":0,"completed":true,"skipped":false},{"chunkNo":71,"from":70000,"to":70999,"mapRows":1000,"keys":1000,"badRows":0,"outPath":"EXP/20260504T161429Z/documentreference_impacted_original_chunk0071.jsonl","statePath":"EXP/20260504T161429Z/documentreference_impacted_original_chunk0071.state.json","exported":0,"completed":true,"skipped":false},{"chunkNo":72,"from":71000,"to":71999,"mapRows":1000,"keys":1000,"badRows":0,"outPath":"EXP/20260504T161429Z/documentreference_impacted_original_chunk0072.jsonl","statePath":"EXP/20260504T161429Z/documentreference_impacted_original_chunk0072.state.json","exported":0,"completed":true,"skipped":false},{"chunkNo":73,"from":72000,"to":72999,"mapRows":1000,"keys":1000,"badRows":0,"outPath":"EXP/20260504T161429Z/documentreference_impacted_original_chunk0073.jsonl","statePath":"EXP/20260504T161429Z/documentreference_impacted_original_chunk0073.state.json","exported":0,"completed":true,"skipped":false},{"chunkNo":74,"from":73000,"to":73999,"mapRows":1000,"keys":1000,"badRows":0,"outPath":"EXP/20260504T161429Z/documentreference_impacted_original_chunk0074.jsonl","statePath":"EXP/20260504T161429Z/documentreference_impacted_original_chunk0074.state.json","exported":0,"completed":true,"skipped":false},{"chunkNo":75,"from":74000,"to":74999,"mapRows":1000,"keys":1000,"badRows":0,"outPath":"EXP/20260504T161429Z/documentreference_impacted_original_chunk0075.jsonl","statePath":"EXP/20260504T161429Z/documentreference_impacted_original_chunk0075.state.json","exported":0,"completed":true,"skipped":false},{"chunkNo":76,"from":75000,"to":75999,"mapRows":1000,"keys":1000,"badRows":0,"outPath":"EXP/20260504T161429Z/documentreference_impacted_original_chunk0076.jsonl","statePath":"EXP/20260504T161429Z/documentreference_impacted_original_chunk0076.state.json","exported":0,"completed":true,"skipped":false},{"chunkNo":77,"from":76000,"to":76999,"mapRows":1000,"keys":1000,"badRows":0,"outPath":"EXP/20260504T161429Z/documentreference_impacted_original_chunk0077.jsonl","statePath":"EXP/20260504T161429Z/documentreference_impacted_original_chunk0077.state.json","exported":0,"completed":true,"skipped":false},{"chunkNo":78,"from":77000,"to":77969,"mapRows":970,"keys":970,"badRows":0,"outPath":"EXP/20260504T161429Z/documentreference_impacted_original_chunk0078.jsonl","statePath":"EXP/20260504T161429Z/documentreference_impacted_original_chunk0078.state.json","exported":0,"completed":true,"skipped":false}]},"ts":"2026-05-04T16:17:19.850Z"}
{"type":"result","script":"006_04_importazione_prod_match_documentreference_by_keys_replace_client_side.js","runId":"20260504T161429Z","stepId":24,"dbName":"hc40-index-bonifica","inDir":"EXP/20260504T161429Z","filePrefix":"documentreference_impacted_chunk","fileSuffix":".jsonl","maxFiles":0,"collection":"documentreference_impacted_modified","mode":"insert","batch":1000,"dropBefore":true,"totals":{"files":78,"totalLines":1283,"emptyLines":0,"parsedDocs":1283,"bulks":2,"opsExecuted":1283,"inserted":1283,"upserted":0,"modified":0},"finalCollCount":1283,"ts":"2026-05-04T16:17:25.167Z"}
{"type":"result","script":"006_04B_importazione_prod_match_documentreference_by_keys_original.js","runId":"20260504T161429Z","stepId":25,"dbName":"hc40-index-bonifica","inDir":"EXP/20260504T161429Z","filePrefix":"documentreference_impacted_original_chunk","fileSuffix":".jsonl","maxFiles":0,"collection":"documentreference_impacted_original","mode":"insert","batch":1000,"dropBefore":true,"totals":{"files":78,"totalLines":1283,"emptyLines":0,"parsedDocs":1283,"bulks":2,"opsExecuted":1283,"inserted":1283,"upserted":0,"modified":0},"finalCollCount":1283,"ts":"2026-05-04T16:17:30.980Z"}
{"type":"result","script":"016_03_esportazione_su_file_prod_match_servicerequest_by_keys_replace.js","runId":"20260504T161429Z","stepId":31,"dbName":"hc40-index-bonifica","expDir":"./EXP","outDir":"EXP/20260504T161429Z","outBase":"servicerequest_impacted","outExt":".jsonl","logPath":"EXP/20260504T161429Z/servicerequest_impacted.log","mapPath":"EXP/20260504T161429Z/sio_ihub_hc40_adt_keys_map.js","mapConstName":"SIO_IHUB_HC40_ADT_KEYS","globalStatePath":"EXP/20260504T161429Z/servicerequest_impacted.chunks.state.json","debug":false,"debugDocId":null,"debugNoWrite":false,"mapChunkSize":1000,"batchSize":2000,"logEvery":1000,"matchName":"encounter:encounter.reference","hintName":"attribute_search.name_1_attribute_search.value_1__id_1","summary":{"totalPairs":77970,"chunkSize":1000,"chunkCount":78,"completedChunksBefore":[],"completedChunksAfter":[1,2,3,4,5,6,7,8,9,10,11,12,13,14,15,16,17,18,19,20,21,22,23,24,25,26,27,28,29,30,31,32,33,34,35,36,37,38,39,40,41,42,43,44,45,46,47,48,49,50,51,52,53,54,55,56,57,58,59,60,61,62,63,64,65,66,67,68,69,70,71,72,73,74,75,76,77,78],"totalExportedDocs":2252,"totalReplDirect":29353,"totalReplPipeSuffix":15310,"chunks":[{"chunkNo":1,"from":0,"to":999,"mapRows":1000,"outPath":"EXP/20260504T161429Z/servicerequest_impacted_chunk0001.jsonl","statePath":"EXP/20260504T161429Z/servicerequest_impacted_chunk0001.state.json","exported":2252,"replDirect":29353,"replPipeSuffix":15310,"completed":true,"skipped":false},{"chunkNo":2,"from":1000,"to":1999,"mapRows":1000,"outPath":"EXP/20260504T161429Z/servicerequest_impacted_chunk0002.jsonl","statePath":"EXP/20260504T161429Z/servicerequest_impacted_chunk0002.state.json","exported":0,"replDirect":0,"replPipeSuffix":0,"completed":true,"skipped":false},{"chunkNo":3,"from":2000,"to":2999,"mapRows":1000,"outPath":"EXP/20260504T161429Z/servicerequest_impacted_chunk0003.jsonl","statePath":"EXP/20260504T161429Z/servicerequest_impacted_chunk0003.state.json","exported":0,"replDirect":0,"replPipeSuffix":0,"completed":true,"skipped":false},{"chunkNo":4,"from":3000,"to":3999,"mapRows":1000,"outPath":"EXP/20260504T161429Z/servicerequest_impacted_chunk0004.jsonl","statePath":"EXP/20260504T161429Z/servicerequest_impacted_chunk0004.state.json","exported":0,"replDirect":0,"replPipeSuffix":0,"completed":true,"skipped":false},{"chunkNo":5,"from":4000,"to":4999,"mapRows":1000,"outPath":"EXP/20260504T161429Z/servicerequest_impacted_chunk0005.jsonl","statePath":"EXP/20260504T161429Z/servicerequest_impacted_chunk0005.state.json","exported":0,"replDirect":0,"replPipeSuffix":0,"completed":true,"skipped":false},{"chunkNo":6,"from":5000,"to":5999,"mapRows":1000,"outPath":"EXP/20260504T161429Z/servicerequest_impacted_chunk0006.jsonl","statePath":"EXP/20260504T161429Z/servicerequest_impacted_chunk0006.state.json","exported":0,"replDirect":0,"replPipeSuffix":0,"completed":true,"skipped":false},{"chunkNo":7,"from":6000,"to":6999,"mapRows":1000,"outPath":"EXP/20260504T161429Z/servicerequest_impacted_chunk0007.jsonl","statePath":"EXP/20260504T161429Z/servicerequest_impacted_chunk0007.state.json","exported":0,"replDirect":0,"replPipeSuffix":0,"completed":true,"skipped":false},{"chunkNo":8,"from":7000,"to":7999,"mapRows":1000,"outPath":"EXP/20260504T161429Z/servicerequest_impacted_chunk0008.jsonl","statePath":"EXP/20260504T161429Z/servicerequest_impacted_chunk0008.state.json","exported":0,"replDirect":0,"replPipeSuffix":0,"completed":true,"skipped":false},{"chunkNo":9,"from":8000,"to":8999,"mapRows":1000,"outPath":"EXP/20260504T161429Z/servicerequest_impacted_chunk0009.jsonl","statePath":"EXP/20260504T161429Z/servicerequest_impacted_chunk0009.state.json","exported":0,"replDirect":0,"replPipeSuffix":0,"completed":true,"skipped":false},{"chunkNo":10,"from":9000,"to":9999,"mapRows":1000,"outPath":"EXP/20260504T161429Z/servicerequest_impacted_chunk0010.jsonl","statePath":"EXP/20260504T161429Z/servicerequest_impacted_chunk0010.state.json","exported":0,"replDirect":0,"replPipeSuffix":0,"completed":true,"skipped":false},{"chunkNo":11,"from":10000,"to":10999,"mapRows":1000,"outPath":"EXP/20260504T161429Z/servicerequest_impacted_chunk0011.jsonl","statePath":"EXP/20260504T161429Z/servicerequest_impacted_chunk0011.state.json","exported":0,"replDirect":0,"replPipeSuffix":0,"completed":true,"skipped":false},{"chunkNo":12,"from":11000,"to":11999,"mapRows":1000,"outPath":"EXP/20260504T161429Z/servicerequest_impacted_chunk0012.jsonl","statePath":"EXP/20260504T161429Z/servicerequest_impacted_chunk0012.state.json","exported":0,"replDirect":0,"replPipeSuffix":0,"completed":true,"skipped":false},{"chunkNo":13,"from":12000,"to":12999,"mapRows":1000,"outPath":"EXP/20260504T161429Z/servicerequest_impacted_chunk0013.jsonl","statePath":"EXP/20260504T161429Z/servicerequest_impacted_chunk0013.state.json","exported":0,"replDirect":0,"replPipeSuffix":0,"completed":true,"skipped":false},{"chunkNo":14,"from":13000,"to":13999,"mapRows":1000,"outPath":"EXP/20260504T161429Z/servicerequest_impacted_chunk0014.jsonl","statePath":"EXP/20260504T161429Z/servicerequest_impacted_chunk0014.state.json","exported":0,"replDirect":0,"replPipeSuffix":0,"completed":true,"skipped":false},{"chunkNo":15,"from":14000,"to":14999,"mapRows":1000,"outPath":"EXP/20260504T161429Z/servicerequest_impacted_chunk0015.jsonl","statePath":"EXP/20260504T161429Z/servicerequest_impacted_chunk0015.state.json","exported":0,"replDirect":0,"replPipeSuffix":0,"completed":true,"skipped":false},{"chunkNo":16,"from":15000,"to":15999,"mapRows":1000,"outPath":"EXP/20260504T161429Z/servicerequest_impacted_chunk0016.jsonl","statePath":"EXP/20260504T161429Z/servicerequest_impacted_chunk0016.state.json","exported":0,"replDirect":0,"replPipeSuffix":0,"completed":true,"skipped":false},{"chunkNo":17,"from":16000,"to":16999,"mapRows":1000,"outPath":"EXP/20260504T161429Z/servicerequest_impacted_chunk0017.jsonl","statePath":"EXP/20260504T161429Z/servicerequest_impacted_chunk0017.state.json","exported":0,"replDirect":0,"replPipeSuffix":0,"completed":true,"skipped":false},{"chunkNo":18,"from":17000,"to":17999,"mapRows":1000,"outPath":"EXP/20260504T161429Z/servicerequest_impacted_chunk0018.jsonl","statePath":"EXP/20260504T161429Z/servicerequest_impacted_chunk0018.state.json","exported":0,"replDirect":0,"replPipeSuffix":0,"completed":true,"skipped":false},{"chunkNo":19,"from":18000,"to":18999,"mapRows":1000,"outPath":"EXP/20260504T161429Z/servicerequest_impacted_chunk0019.jsonl","statePath":"EXP/20260504T161429Z/servicerequest_impacted_chunk0019.state.json","exported":0,"replDirect":0,"replPipeSuffix":0,"completed":true,"skipped":false},{"chunkNo":20,"from":19000,"to":19999,"mapRows":1000,"outPath":"EXP/20260504T161429Z/servicerequest_impacted_chunk0020.jsonl","statePath":"EXP/20260504T161429Z/servicerequest_impacted_chunk0020.state.json","exported":0,"replDirect":0,"replPipeSuffix":0,"completed":true,"skipped":false},{"chunkNo":21,"from":20000,"to":20999,"mapRows":1000,"outPath":"EXP/20260504T161429Z/servicerequest_impacted_chunk0021.jsonl","statePath":"EXP/20260504T161429Z/servicerequest_impacted_chunk0021.state.json","exported":0,"replDirect":0,"replPipeSuffix":0,"completed":true,"skipped":false},{"chunkNo":22,"from":21000,"to":21999,"mapRows":1000,"outPath":"EXP/20260504T161429Z/servicerequest_impacted_chunk0022.jsonl","statePath":"EXP/20260504T161429Z/servicerequest_impacted_chunk0022.state.json","exported":0,"replDirect":0,"replPipeSuffix":0,"completed":true,"skipped":false},{"chunkNo":23,"from":22000,"to":22999,"mapRows":1000,"outPath":"EXP/20260504T161429Z/servicerequest_impacted_chunk0023.jsonl","statePath":"EXP/20260504T161429Z/servicerequest_impacted_chunk0023.state.json","exported":0,"replDirect":0,"replPipeSuffix":0,"completed":true,"skipped":false},{"chunkNo":24,"from":23000,"to":23999,"mapRows":1000,"outPath":"EXP/20260504T161429Z/servicerequest_impacted_chunk0024.jsonl","statePath":"EXP/20260504T161429Z/servicerequest_impacted_chunk0024.state.json","exported":0,"replDirect":0,"replPipeSuffix":0,"completed":true,"skipped":false},{"chunkNo":25,"from":24000,"to":24999,"mapRows":1000,"outPath":"EXP/20260504T161429Z/servicerequest_impacted_chunk0025.jsonl","statePath":"EXP/20260504T161429Z/servicerequest_impacted_chunk0025.state.json","exported":0,"replDirect":0,"replPipeSuffix":0,"completed":true,"skipped":false},{"chunkNo":26,"from":25000,"to":25999,"mapRows":1000,"outPath":"EXP/20260504T161429Z/servicerequest_impacted_chunk0026.jsonl","statePath":"EXP/20260504T161429Z/servicerequest_impacted_chunk0026.state.json","exported":0,"replDirect":0,"replPipeSuffix":0,"completed":true,"skipped":false},{"chunkNo":27,"from":26000,"to":26999,"mapRows":1000,"outPath":"EXP/20260504T161429Z/servicerequest_impacted_chunk0027.jsonl","statePath":"EXP/20260504T161429Z/servicerequest_impacted_chunk0027.state.json","exported":0,"replDirect":0,"replPipeSuffix":0,"completed":true,"skipped":false},{"chunkNo":28,"from":27000,"to":27999,"mapRows":1000,"outPath":"EXP/20260504T161429Z/servicerequest_impacted_chunk0028.jsonl","statePath":"EXP/20260504T161429Z/servicerequest_impacted_chunk0028.state.json","exported":0,"replDirect":0,"replPipeSuffix":0,"completed":true,"skipped":false},{"chunkNo":29,"from":28000,"to":28999,"mapRows":1000,"outPath":"EXP/20260504T161429Z/servicerequest_impacted_chunk0029.jsonl","statePath":"EXP/20260504T161429Z/servicerequest_impacted_chunk0029.state.json","exported":0,"replDirect":0,"replPipeSuffix":0,"completed":true,"skipped":false},{"chunkNo":30,"from":29000,"to":29999,"mapRows":1000,"outPath":"EXP/20260504T161429Z/servicerequest_impacted_chunk0030.jsonl","statePath":"EXP/20260504T161429Z/servicerequest_impacted_chunk0030.state.json","exported":0,"replDirect":0,"replPipeSuffix":0,"completed":true,"skipped":false},{"chunkNo":31,"from":30000,"to":30999,"mapRows":1000,"outPath":"EXP/20260504T161429Z/servicerequest_impacted_chunk0031.jsonl","statePath":"EXP/20260504T161429Z/servicerequest_impacted_chunk0031.state.json","exported":0,"replDirect":0,"replPipeSuffix":0,"completed":true,"skipped":false},{"chunkNo":32,"from":31000,"to":31999,"mapRows":1000,"outPath":"EXP/20260504T161429Z/servicerequest_impacted_chunk0032.jsonl","statePath":"EXP/20260504T161429Z/servicerequest_impacted_chunk0032.state.json","exported":0,"replDirect":0,"replPipeSuffix":0,"completed":true,"skipped":false},{"chunkNo":33,"from":32000,"to":32999,"mapRows":1000,"outPath":"EXP/20260504T161429Z/servicerequest_impacted_chunk0033.jsonl","statePath":"EXP/20260504T161429Z/servicerequest_impacted_chunk0033.state.json","exported":0,"replDirect":0,"replPipeSuffix":0,"completed":true,"skipped":false},{"chunkNo":34,"from":33000,"to":33999,"mapRows":1000,"outPath":"EXP/20260504T161429Z/servicerequest_impacted_chunk0034.jsonl","statePath":"EXP/20260504T161429Z/servicerequest_impacted_chunk0034.state.json","exported":0,"replDirect":0,"replPipeSuffix":0,"completed":true,"skipped":false},{"chunkNo":35,"from":34000,"to":34999,"mapRows":1000,"outPath":"EXP/20260504T161429Z/servicerequest_impacted_chunk0035.jsonl","statePath":"EXP/20260504T161429Z/servicerequest_impacted_chunk0035.state.json","exported":0,"replDirect":0,"replPipeSuffix":0,"completed":true,"skipped":false},{"chunkNo":36,"from":35000,"to":35999,"mapRows":1000,"outPath":"EXP/20260504T161429Z/servicerequest_impacted_chunk0036.jsonl","statePath":"EXP/20260504T161429Z/servicerequest_impacted_chunk0036.state.json","exported":0,"replDirect":0,"replPipeSuffix":0,"completed":true,"skipped":false},{"chunkNo":37,"from":36000,"to":36999,"mapRows":1000,"outPath":"EXP/20260504T161429Z/servicerequest_impacted_chunk0037.jsonl","statePath":"EXP/20260504T161429Z/servicerequest_impacted_chunk0037.state.json","exported":0,"replDirect":0,"replPipeSuffix":0,"completed":true,"skipped":false},{"chunkNo":38,"from":37000,"to":37999,"mapRows":1000,"outPath":"EXP/20260504T161429Z/servicerequest_impacted_chunk0038.jsonl","statePath":"EXP/20260504T161429Z/servicerequest_impacted_chunk0038.state.json","exported":0,"replDirect":0,"replPipeSuffix":0,"completed":true,"skipped":false},{"chunkNo":39,"from":38000,"to":38999,"mapRows":1000,"outPath":"EXP/20260504T161429Z/servicerequest_impacted_chunk0039.jsonl","statePath":"EXP/20260504T161429Z/servicerequest_impacted_chunk0039.state.json","exported":0,"replDirect":0,"replPipeSuffix":0,"completed":true,"skipped":false},{"chunkNo":40,"from":39000,"to":39999,"mapRows":1000,"outPath":"EXP/20260504T161429Z/servicerequest_impacted_chunk0040.jsonl","statePath":"EXP/20260504T161429Z/servicerequest_impacted_chunk0040.state.json","exported":0,"replDirect":0,"replPipeSuffix":0,"completed":true,"skipped":false},{"chunkNo":41,"from":40000,"to":40999,"mapRows":1000,"outPath":"EXP/20260504T161429Z/servicerequest_impacted_chunk0041.jsonl","statePath":"EXP/20260504T161429Z/servicerequest_impacted_chunk0041.state.json","exported":0,"replDirect":0,"replPipeSuffix":0,"completed":true,"skipped":false},{"chunkNo":42,"from":41000,"to":41999,"mapRows":1000,"outPath":"EXP/20260504T161429Z/servicerequest_impacted_chunk0042.jsonl","statePath":"EXP/20260504T161429Z/servicerequest_impacted_chunk0042.state.json","exported":0,"replDirect":0,"replPipeSuffix":0,"completed":true,"skipped":false},{"chunkNo":43,"from":42000,"to":42999,"mapRows":1000,"outPath":"EXP/20260504T161429Z/servicerequest_impacted_chunk0043.jsonl","statePath":"EXP/20260504T161429Z/servicerequest_impacted_chunk0043.state.json","exported":0,"replDirect":0,"replPipeSuffix":0,"completed":true,"skipped":false},{"chunkNo":44,"from":43000,"to":43999,"mapRows":1000,"outPath":"EXP/20260504T161429Z/servicerequest_impacted_chunk0044.jsonl","statePath":"EXP/20260504T161429Z/servicerequest_impacted_chunk0044.state.json","exported":0,"replDirect":0,"replPipeSuffix":0,"completed":true,"skipped":false},{"chunkNo":45,"from":44000,"to":44999,"mapRows":1000,"outPath":"EXP/20260504T161429Z/servicerequest_impacted_chunk0045.jsonl","statePath":"EXP/20260504T161429Z/servicerequest_impacted_chunk0045.state.json","exported":0,"replDirect":0,"replPipeSuffix":0,"completed":true,"skipped":false},{"chunkNo":46,"from":45000,"to":45999,"mapRows":1000,"outPath":"EXP/20260504T161429Z/servicerequest_impacted_chunk0046.jsonl","statePath":"EXP/20260504T161429Z/servicerequest_impacted_chunk0046.state.json","exported":0,"replDirect":0,"replPipeSuffix":0,"completed":true,"skipped":false},{"chunkNo":47,"from":46000,"to":46999,"mapRows":1000,"outPath":"EXP/20260504T161429Z/servicerequest_impacted_chunk0047.jsonl","statePath":"EXP/20260504T161429Z/servicerequest_impacted_chunk0047.state.json","exported":0,"replDirect":0,"replPipeSuffix":0,"completed":true,"skipped":false},{"chunkNo":48,"from":47000,"to":47999,"mapRows":1000,"outPath":"EXP/20260504T161429Z/servicerequest_impacted_chunk0048.jsonl","statePath":"EXP/20260504T161429Z/servicerequest_impacted_chunk0048.state.json","exported":0,"replDirect":0,"replPipeSuffix":0,"completed":true,"skipped":false},{"chunkNo":49,"from":48000,"to":48999,"mapRows":1000,"outPath":"EXP/20260504T161429Z/servicerequest_impacted_chunk0049.jsonl","statePath":"EXP/20260504T161429Z/servicerequest_impacted_chunk0049.state.json","exported":0,"replDirect":0,"replPipeSuffix":0,"completed":true,"skipped":false},{"chunkNo":50,"from":49000,"to":49999,"mapRows":1000,"outPath":"EXP/20260504T161429Z/servicerequest_impacted_chunk0050.jsonl","statePath":"EXP/20260504T161429Z/servicerequest_impacted_chunk0050.state.json","exported":0,"replDirect":0,"replPipeSuffix":0,"completed":true,"skipped":false},{"chunkNo":51,"from":50000,"to":50999,"mapRows":1000,"outPath":"EXP/20260504T161429Z/servicerequest_impacted_chunk0051.jsonl","statePath":"EXP/20260504T161429Z/servicerequest_impacted_chunk0051.state.json","exported":0,"replDirect":0,"replPipeSuffix":0,"completed":true,"skipped":false},{"chunkNo":52,"from":51000,"to":51999,"mapRows":1000,"outPath":"EXP/20260504T161429Z/servicerequest_impacted_chunk0052.jsonl","statePath":"EXP/20260504T161429Z/servicerequest_impacted_chunk0052.state.json","exported":0,"replDirect":0,"replPipeSuffix":0,"completed":true,"skipped":false},{"chunkNo":53,"from":52000,"to":52999,"mapRows":1000,"outPath":"EXP/20260504T161429Z/servicerequest_impacted_chunk0053.jsonl","statePath":"EXP/20260504T161429Z/servicerequest_impacted_chunk0053.state.json","exported":0,"replDirect":0,"replPipeSuffix":0,"completed":true,"skipped":false},{"chunkNo":54,"from":53000,"to":53999,"mapRows":1000,"outPath":"EXP/20260504T161429Z/servicerequest_impacted_chunk0054.jsonl","statePath":"EXP/20260504T161429Z/servicerequest_impacted_chunk0054.state.json","exported":0,"replDirect":0,"replPipeSuffix":0,"completed":true,"skipped":false},{"chunkNo":55,"from":54000,"to":54999,"mapRows":1000,"outPath":"EXP/20260504T161429Z/servicerequest_impacted_chunk0055.jsonl","statePath":"EXP/20260504T161429Z/servicerequest_impacted_chunk0055.state.json","exported":0,"replDirect":0,"replPipeSuffix":0,"completed":true,"skipped":false},{"chunkNo":56,"from":55000,"to":55999,"mapRows":1000,"outPath":"EXP/20260504T161429Z/servicerequest_impacted_chunk0056.jsonl","statePath":"EXP/20260504T161429Z/servicerequest_impacted_chunk0056.state.json","exported":0,"replDirect":0,"replPipeSuffix":0,"completed":true,"skipped":false},{"chunkNo":57,"from":56000,"to":56999,"mapRows":1000,"outPath":"EXP/20260504T161429Z/servicerequest_impacted_chunk0057.jsonl","statePath":"EXP/20260504T161429Z/servicerequest_impacted_chunk0057.state.json","exported":0,"replDirect":0,"replPipeSuffix":0,"completed":true,"skipped":false},{"chunkNo":58,"from":57000,"to":57999,"mapRows":1000,"outPath":"EXP/20260504T161429Z/servicerequest_impacted_chunk0058.jsonl","statePath":"EXP/20260504T161429Z/servicerequest_impacted_chunk0058.state.json","exported":0,"replDirect":0,"replPipeSuffix":0,"completed":true,"skipped":false},{"chunkNo":59,"from":58000,"to":58999,"mapRows":1000,"outPath":"EXP/20260504T161429Z/servicerequest_impacted_chunk0059.jsonl","statePath":"EXP/20260504T161429Z/servicerequest_impacted_chunk0059.state.json","exported":0,"replDirect":0,"replPipeSuffix":0,"completed":true,"skipped":false},{"chunkNo":60,"from":59000,"to":59999,"mapRows":1000,"outPath":"EXP/20260504T161429Z/servicerequest_impacted_chunk0060.jsonl","statePath":"EXP/20260504T161429Z/servicerequest_impacted_chunk0060.state.json","exported":0,"replDirect":0,"replPipeSuffix":0,"completed":true,"skipped":false},{"chunkNo":61,"from":60000,"to":60999,"mapRows":1000,"outPath":"EXP/20260504T161429Z/servicerequest_impacted_chunk0061.jsonl","statePath":"EXP/20260504T161429Z/servicerequest_impacted_chunk0061.state.json","exported":0,"replDirect":0,"replPipeSuffix":0,"completed":true,"skipped":false},{"chunkNo":62,"from":61000,"to":61999,"mapRows":1000,"outPath":"EXP/20260504T161429Z/servicerequest_impacted_chunk0062.jsonl","statePath":"EXP/20260504T161429Z/servicerequest_impacted_chunk0062.state.json","exported":0,"replDirect":0,"replPipeSuffix":0,"completed":true,"skipped":false},{"chunkNo":63,"from":62000,"to":62999,"mapRows":1000,"outPath":"EXP/20260504T161429Z/servicerequest_impacted_chunk0063.jsonl","statePath":"EXP/20260504T161429Z/servicerequest_impacted_chunk0063.state.json","exported":0,"replDirect":0,"replPipeSuffix":0,"completed":true,"skipped":false},{"chunkNo":64,"from":63000,"to":63999,"mapRows":1000,"outPath":"EXP/20260504T161429Z/servicerequest_impacted_chunk0064.jsonl","statePath":"EXP/20260504T161429Z/servicerequest_impacted_chunk0064.state.json","exported":0,"replDirect":0,"replPipeSuffix":0,"completed":true,"skipped":false},{"chunkNo":65,"from":64000,"to":64999,"mapRows":1000,"outPath":"EXP/20260504T161429Z/servicerequest_impacted_chunk0065.jsonl","statePath":"EXP/20260504T161429Z/servicerequest_impacted_chunk0065.state.json","exported":0,"replDirect":0,"replPipeSuffix":0,"completed":true,"skipped":false},{"chunkNo":66,"from":65000,"to":65999,"mapRows":1000,"outPath":"EXP/20260504T161429Z/servicerequest_impacted_chunk0066.jsonl","statePath":"EXP/20260504T161429Z/servicerequest_impacted_chunk0066.state.json","exported":0,"replDirect":0,"replPipeSuffix":0,"completed":true,"skipped":false},{"chunkNo":67,"from":66000,"to":66999,"mapRows":1000,"outPath":"EXP/20260504T161429Z/servicerequest_impacted_chunk0067.jsonl","statePath":"EXP/20260504T161429Z/servicerequest_impacted_chunk0067.state.json","exported":0,"replDirect":0,"replPipeSuffix":0,"completed":true,"skipped":false},{"chunkNo":68,"from":67000,"to":67999,"mapRows":1000,"outPath":"EXP/20260504T161429Z/servicerequest_impacted_chunk0068.jsonl","statePath":"EXP/20260504T161429Z/servicerequest_impacted_chunk0068.state.json","exported":0,"replDirect":0,"replPipeSuffix":0,"completed":true,"skipped":false},{"chunkNo":69,"from":68000,"to":68999,"mapRows":1000,"outPath":"EXP/20260504T161429Z/servicerequest_impacted_chunk0069.jsonl","statePath":"EXP/20260504T161429Z/servicerequest_impacted_chunk0069.state.json","exported":0,"replDirect":0,"replPipeSuffix":0,"completed":true,"skipped":false},{"chunkNo":70,"from":69000,"to":69999,"mapRows":1000,"outPath":"EXP/20260504T161429Z/servicerequest_impacted_chunk0070.jsonl","statePath":"EXP/20260504T161429Z/servicerequest_impacted_chunk0070.state.json","exported":0,"replDirect":0,"replPipeSuffix":0,"completed":true,"skipped":false},{"chunkNo":71,"from":70000,"to":70999,"mapRows":1000,"outPath":"EXP/20260504T161429Z/servicerequest_impacted_chunk0071.jsonl","statePath":"EXP/20260504T161429Z/servicerequest_impacted_chunk0071.state.json","exported":0,"replDirect":0,"replPipeSuffix":0,"completed":true,"skipped":false},{"chunkNo":72,"from":71000,"to":71999,"mapRows":1000,"outPath":"EXP/20260504T161429Z/servicerequest_impacted_chunk0072.jsonl","statePath":"EXP/20260504T161429Z/servicerequest_impacted_chunk0072.state.json","exported":0,"replDirect":0,"replPipeSuffix":0,"completed":true,"skipped":false},{"chunkNo":73,"from":72000,"to":72999,"mapRows":1000,"outPath":"EXP/20260504T161429Z/servicerequest_impacted_chunk0073.jsonl","statePath":"EXP/20260504T161429Z/servicerequest_impacted_chunk0073.state.json","exported":0,"replDirect":0,"replPipeSuffix":0,"completed":true,"skipped":false},{"chunkNo":74,"from":73000,"to":73999,"mapRows":1000,"outPath":"EXP/20260504T161429Z/servicerequest_impacted_chunk0074.jsonl","statePath":"EXP/20260504T161429Z/servicerequest_impacted_chunk0074.state.json","exported":0,"replDirect":0,"replPipeSuffix":0,"completed":true,"skipped":false},{"chunkNo":75,"from":74000,"to":74999,"mapRows":1000,"outPath":"EXP/20260504T161429Z/servicerequest_impacted_chunk0075.jsonl","statePath":"EXP/20260504T161429Z/servicerequest_impacted_chunk0075.state.json","exported":0,"replDirect":0,"replPipeSuffix":0,"completed":true,"skipped":false},{"chunkNo":76,"from":75000,"to":75999,"mapRows":1000,"outPath":"EXP/20260504T161429Z/servicerequest_impacted_chunk0076.jsonl","statePath":"EXP/20260504T161429Z/servicerequest_impacted_chunk0076.state.json","exported":0,"replDirect":0,"replPipeSuffix":0,"completed":true,"skipped":false},{"chunkNo":77,"from":76000,"to":76999,"mapRows":1000,"outPath":"EXP/20260504T161429Z/servicerequest_impacted_chunk0077.jsonl","statePath":"EXP/20260504T161429Z/servicerequest_impacted_chunk0077.state.json","exported":0,"replDirect":0,"replPipeSuffix":0,"completed":true,"skipped":false},{"chunkNo":78,"from":77000,"to":77969,"mapRows":970,"outPath":"EXP/20260504T161429Z/servicerequest_impacted_chunk0078.jsonl","statePath":"EXP/20260504T161429Z/servicerequest_impacted_chunk0078.state.json","exported":0,"replDirect":0,"replPipeSuffix":0,"completed":true,"skipped":false}]},"ts":"2026-05-04T16:18:02.175Z"}
{"type":"result","script":"016_03B_esportazione_su_file_prod_match_servicerequest_by_keys_original.js","runId":"20260504T161429Z","stepId":32,"dbName":"hc40-index-bonifica","expDir":"./EXP","outDir":"EXP/20260504T161429Z","outBase":"servicerequest_impacted_original","outExt":".jsonl","logPath":"EXP/20260504T161429Z/servicerequest_impacted_original.log","mapPath":"EXP/20260504T161429Z/sio_ihub_hc40_adt_keys_map.js","mapConstName":"SIO_IHUB_HC40_ADT_KEYS","globalStatePath":"EXP/20260504T161429Z/servicerequest_impacted_original.chunks.state.json","debug":false,"debugDocId":null,"debugNoWrite":false,"mapChunkSize":1000,"batchSize":2000,"logEvery":1000,"matchName":"encounter:encounter.reference","hintName":"attribute_search.name_1_attribute_search.value_1__id_1","summary":{"totalPairs":77970,"chunkSize":1000,"chunkCount":78,"completedChunksBefore":[],"completedChunksAfter":[1,2,3,4,5,6,7,8,9,10,11,12,13,14,15,16,17,18,19,20,21,22,23,24,25,26,27,28,29,30,31,32,33,34,35,36,37,38,39,40,41,42,43,44,45,46,47,48,49,50,51,52,53,54,55,56,57,58,59,60,61,62,63,64,65,66,67,68,69,70,71,72,73,74,75,76,77,78],"totalExportedDocs":2252,"chunks":[{"chunkNo":1,"from":0,"to":999,"mapRows":1000,"outPath":"EXP/20260504T161429Z/servicerequest_impacted_original_chunk0001.jsonl","statePath":"EXP/20260504T161429Z/servicerequest_impacted_original_chunk0001.state.json","exported":2252,"completed":true,"skipped":false},{"chunkNo":2,"from":1000,"to":1999,"mapRows":1000,"outPath":"EXP/20260504T161429Z/servicerequest_impacted_original_chunk0002.jsonl","statePath":"EXP/20260504T161429Z/servicerequest_impacted_original_chunk0002.state.json","exported":0,"completed":true,"skipped":false},{"chunkNo":3,"from":2000,"to":2999,"mapRows":1000,"outPath":"EXP/20260504T161429Z/servicerequest_impacted_original_chunk0003.jsonl","statePath":"EXP/20260504T161429Z/servicerequest_impacted_original_chunk0003.state.json","exported":0,"completed":true,"skipped":false},{"chunkNo":4,"from":3000,"to":3999,"mapRows":1000,"outPath":"EXP/20260504T161429Z/servicerequest_impacted_original_chunk0004.jsonl","statePath":"EXP/20260504T161429Z/servicerequest_impacted_original_chunk0004.state.json","exported":0,"completed":true,"skipped":false},{"chunkNo":5,"from":4000,"to":4999,"mapRows":1000,"outPath":"EXP/20260504T161429Z/servicerequest_impacted_original_chunk0005.jsonl","statePath":"EXP/20260504T161429Z/servicerequest_impacted_original_chunk0005.state.json","exported":0,"completed":true,"skipped":false},{"chunkNo":6,"from":5000,"to":5999,"mapRows":1000,"outPath":"EXP/20260504T161429Z/servicerequest_impacted_original_chunk0006.jsonl","statePath":"EXP/20260504T161429Z/servicerequest_impacted_original_chunk0006.state.json","exported":0,"completed":true,"skipped":false},{"chunkNo":7,"from":6000,"to":6999,"mapRows":1000,"outPath":"EXP/20260504T161429Z/servicerequest_impacted_original_chunk0007.jsonl","statePath":"EXP/20260504T161429Z/servicerequest_impacted_original_chunk0007.state.json","exported":0,"completed":true,"skipped":false},{"chunkNo":8,"from":7000,"to":7999,"mapRows":1000,"outPath":"EXP/20260504T161429Z/servicerequest_impacted_original_chunk0008.jsonl","statePath":"EXP/20260504T161429Z/servicerequest_impacted_original_chunk0008.state.json","exported":0,"completed":true,"skipped":false},{"chunkNo":9,"from":8000,"to":8999,"mapRows":1000,"outPath":"EXP/20260504T161429Z/servicerequest_impacted_original_chunk0009.jsonl","statePath":"EXP/20260504T161429Z/servicerequest_impacted_original_chunk0009.state.json","exported":0,"completed":true,"skipped":false},{"chunkNo":10,"from":9000,"to":9999,"mapRows":1000,"outPath":"EXP/20260504T161429Z/servicerequest_impacted_original_chunk0010.jsonl","statePath":"EXP/20260504T161429Z/servicerequest_impacted_original_chunk0010.state.json","exported":0,"completed":true,"skipped":false},{"chunkNo":11,"from":10000,"to":10999,"mapRows":1000,"outPath":"EXP/20260504T161429Z/servicerequest_impacted_original_chunk0011.jsonl","statePath":"EXP/20260504T161429Z/servicerequest_impacted_original_chunk0011.state.json","exported":0,"completed":true,"skipped":false},{"chunkNo":12,"from":11000,"to":11999,"mapRows":1000,"outPath":"EXP/20260504T161429Z/servicerequest_impacted_original_chunk0012.jsonl","statePath":"EXP/20260504T161429Z/servicerequest_impacted_original_chunk0012.state.json","exported":0,"completed":true,"skipped":false},{"chunkNo":13,"from":12000,"to":12999,"mapRows":1000,"outPath":"EXP/20260504T161429Z/servicerequest_impacted_original_chunk0013.jsonl","statePath":"EXP/20260504T161429Z/servicerequest_impacted_original_chunk0013.state.json","exported":0,"completed":true,"skipped":false},{"chunkNo":14,"from":13000,"to":13999,"mapRows":1000,"outPath":"EXP/20260504T161429Z/servicerequest_impacted_original_chunk0014.jsonl","statePath":"EXP/20260504T161429Z/servicerequest_impacted_original_chunk0014.state.json","exported":0,"completed":true,"skipped":false},{"chunkNo":15,"from":14000,"to":14999,"mapRows":1000,"outPath":"EXP/20260504T161429Z/servicerequest_impacted_original_chunk0015.jsonl","statePath":"EXP/20260504T161429Z/servicerequest_impacted_original_chunk0015.state.json","exported":0,"completed":true,"skipped":false},{"chunkNo":16,"from":15000,"to":15999,"mapRows":1000,"outPath":"EXP/20260504T161429Z/servicerequest_impacted_original_chunk0016.jsonl","statePath":"EXP/20260504T161429Z/servicerequest_impacted_original_chunk0016.state.json","exported":0,"completed":true,"skipped":false},{"chunkNo":17,"from":16000,"to":16999,"mapRows":1000,"outPath":"EXP/20260504T161429Z/servicerequest_impacted_original_chunk0017.jsonl","statePath":"EXP/20260504T161429Z/servicerequest_impacted_original_chunk0017.state.json","exported":0,"completed":true,"skipped":false},{"chunkNo":18,"from":17000,"to":17999,"mapRows":1000,"outPath":"EXP/20260504T161429Z/servicerequest_impacted_original_chunk0018.jsonl","statePath":"EXP/20260504T161429Z/servicerequest_impacted_original_chunk0018.state.json","exported":0,"completed":true,"skipped":false},{"chunkNo":19,"from":18000,"to":18999,"mapRows":1000,"outPath":"EXP/20260504T161429Z/servicerequest_impacted_original_chunk0019.jsonl","statePath":"EXP/20260504T161429Z/servicerequest_impacted_original_chunk0019.state.json","exported":0,"completed":true,"skipped":false},{"chunkNo":20,"from":19000,"to":19999,"mapRows":1000,"outPath":"EXP/20260504T161429Z/servicerequest_impacted_original_chunk0020.jsonl","statePath":"EXP/20260504T161429Z/servicerequest_impacted_original_chunk0020.state.json","exported":0,"completed":true,"skipped":false},{"chunkNo":21,"from":20000,"to":20999,"mapRows":1000,"outPath":"EXP/20260504T161429Z/servicerequest_impacted_original_chunk0021.jsonl","statePath":"EXP/20260504T161429Z/servicerequest_impacted_original_chunk0021.state.json","exported":0,"completed":true,"skipped":false},{"chunkNo":22,"from":21000,"to":21999,"mapRows":1000,"outPath":"EXP/20260504T161429Z/servicerequest_impacted_original_chunk0022.jsonl","statePath":"EXP/20260504T161429Z/servicerequest_impacted_original_chunk0022.state.json","exported":0,"completed":true,"skipped":false},{"chunkNo":23,"from":22000,"to":22999,"mapRows":1000,"outPath":"EXP/20260504T161429Z/servicerequest_impacted_original_chunk0023.jsonl","statePath":"EXP/20260504T161429Z/servicerequest_impacted_original_chunk0023.state.json","exported":0,"completed":true,"skipped":false},{"chunkNo":24,"from":23000,"to":23999,"mapRows":1000,"outPath":"EXP/20260504T161429Z/servicerequest_impacted_original_chunk0024.jsonl","statePath":"EXP/20260504T161429Z/servicerequest_impacted_original_chunk0024.state.json","exported":0,"completed":true,"skipped":false},{"chunkNo":25,"from":24000,"to":24999,"mapRows":1000,"outPath":"EXP/20260504T161429Z/servicerequest_impacted_original_chunk0025.jsonl","statePath":"EXP/20260504T161429Z/servicerequest_impacted_original_chunk0025.state.json","exported":0,"completed":true,"skipped":false},{"chunkNo":26,"from":25000,"to":25999,"mapRows":1000,"outPath":"EXP/20260504T161429Z/servicerequest_impacted_original_chunk0026.jsonl","statePath":"EXP/20260504T161429Z/servicerequest_impacted_original_chunk0026.state.json","exported":0,"completed":true,"skipped":false},{"chunkNo":27,"from":26000,"to":26999,"mapRows":1000,"outPath":"EXP/20260504T161429Z/servicerequest_impacted_original_chunk0027.jsonl","statePath":"EXP/20260504T161429Z/servicerequest_impacted_original_chunk0027.state.json","exported":0,"completed":true,"skipped":false},{"chunkNo":28,"from":27000,"to":27999,"mapRows":1000,"outPath":"EXP/20260504T161429Z/servicerequest_impacted_original_chunk0028.jsonl","statePath":"EXP/20260504T161429Z/servicerequest_impacted_original_chunk0028.state.json","exported":0,"completed":true,"skipped":false},{"chunkNo":29,"from":28000,"to":28999,"mapRows":1000,"outPath":"EXP/20260504T161429Z/servicerequest_impacted_original_chunk0029.jsonl","statePath":"EXP/20260504T161429Z/servicerequest_impacted_original_chunk0029.state.json","exported":0,"completed":true,"skipped":false},{"chunkNo":30,"from":29000,"to":29999,"mapRows":1000,"outPath":"EXP/20260504T161429Z/servicerequest_impacted_original_chunk0030.jsonl","statePath":"EXP/20260504T161429Z/servicerequest_impacted_original_chunk0030.state.json","exported":0,"completed":true,"skipped":false},{"chunkNo":31,"from":30000,"to":30999,"mapRows":1000,"outPath":"EXP/20260504T161429Z/servicerequest_impacted_original_chunk0031.jsonl","statePath":"EXP/20260504T161429Z/servicerequest_impacted_original_chunk0031.state.json","exported":0,"completed":true,"skipped":false},{"chunkNo":32,"from":31000,"to":31999,"mapRows":1000,"outPath":"EXP/20260504T161429Z/servicerequest_impacted_original_chunk0032.jsonl","statePath":"EXP/20260504T161429Z/servicerequest_impacted_original_chunk0032.state.json","exported":0,"completed":true,"skipped":false},{"chunkNo":33,"from":32000,"to":32999,"mapRows":1000,"outPath":"EXP/20260504T161429Z/servicerequest_impacted_original_chunk0033.jsonl","statePath":"EXP/20260504T161429Z/servicerequest_impacted_original_chunk0033.state.json","exported":0,"completed":true,"skipped":false},{"chunkNo":34,"from":33000,"to":33999,"mapRows":1000,"outPath":"EXP/20260504T161429Z/servicerequest_impacted_original_chunk0034.jsonl","statePath":"EXP/20260504T161429Z/servicerequest_impacted_original_chunk0034.state.json","exported":0,"completed":true,"skipped":false},{"chunkNo":35,"from":34000,"to":34999,"mapRows":1000,"outPath":"EXP/20260504T161429Z/servicerequest_impacted_original_chunk0035.jsonl","statePath":"EXP/20260504T161429Z/servicerequest_impacted_original_chunk0035.state.json","exported":0,"completed":true,"skipped":false},{"chunkNo":36,"from":35000,"to":35999,"mapRows":1000,"outPath":"EXP/20260504T161429Z/servicerequest_impacted_original_chunk0036.jsonl","statePath":"EXP/20260504T161429Z/servicerequest_impacted_original_chunk0036.state.json","exported":0,"completed":true,"skipped":false},{"chunkNo":37,"from":36000,"to":36999,"mapRows":1000,"outPath":"EXP/20260504T161429Z/servicerequest_impacted_original_chunk0037.jsonl","statePath":"EXP/20260504T161429Z/servicerequest_impacted_original_chunk0037.state.json","exported":0,"completed":true,"skipped":false},{"chunkNo":38,"from":37000,"to":37999,"mapRows":1000,"outPath":"EXP/20260504T161429Z/servicerequest_impacted_original_chunk0038.jsonl","statePath":"EXP/20260504T161429Z/servicerequest_impacted_original_chunk0038.state.json","exported":0,"completed":true,"skipped":false},{"chunkNo":39,"from":38000,"to":38999,"mapRows":1000,"outPath":"EXP/20260504T161429Z/servicerequest_impacted_original_chunk0039.jsonl","statePath":"EXP/20260504T161429Z/servicerequest_impacted_original_chunk0039.state.json","exported":0,"completed":true,"skipped":false},{"chunkNo":40,"from":39000,"to":39999,"mapRows":1000,"outPath":"EXP/20260504T161429Z/servicerequest_impacted_original_chunk0040.jsonl","statePath":"EXP/20260504T161429Z/servicerequest_impacted_original_chunk0040.state.json","exported":0,"completed":true,"skipped":false},{"chunkNo":41,"from":40000,"to":40999,"mapRows":1000,"outPath":"EXP/20260504T161429Z/servicerequest_impacted_original_chunk0041.jsonl","statePath":"EXP/20260504T161429Z/servicerequest_impacted_original_chunk0041.state.json","exported":0,"completed":true,"skipped":false},{"chunkNo":42,"from":41000,"to":41999,"mapRows":1000,"outPath":"EXP/20260504T161429Z/servicerequest_impacted_original_chunk0042.jsonl","statePath":"EXP/20260504T161429Z/servicerequest_impacted_original_chunk0042.state.json","exported":0,"completed":true,"skipped":false},{"chunkNo":43,"from":42000,"to":42999,"mapRows":1000,"outPath":"EXP/20260504T161429Z/servicerequest_impacted_original_chunk0043.jsonl","statePath":"EXP/20260504T161429Z/servicerequest_impacted_original_chunk0043.state.json","exported":0,"completed":true,"skipped":false},{"chunkNo":44,"from":43000,"to":43999,"mapRows":1000,"outPath":"EXP/20260504T161429Z/servicerequest_impacted_original_chunk0044.jsonl","statePath":"EXP/20260504T161429Z/servicerequest_impacted_original_chunk0044.state.json","exported":0,"completed":true,"skipped":false},{"chunkNo":45,"from":44000,"to":44999,"mapRows":1000,"outPath":"EXP/20260504T161429Z/servicerequest_impacted_original_chunk0045.jsonl","statePath":"EXP/20260504T161429Z/servicerequest_impacted_original_chunk0045.state.json","exported":0,"completed":true,"skipped":false},{"chunkNo":46,"from":45000,"to":45999,"mapRows":1000,"outPath":"EXP/20260504T161429Z/servicerequest_impacted_original_chunk0046.jsonl","statePath":"EXP/20260504T161429Z/servicerequest_impacted_original_chunk0046.state.json","exported":0,"completed":true,"skipped":false},{"chunkNo":47,"from":46000,"to":46999,"mapRows":1000,"outPath":"EXP/20260504T161429Z/servicerequest_impacted_original_chunk0047.jsonl","statePath":"EXP/20260504T161429Z/servicerequest_impacted_original_chunk0047.state.json","exported":0,"completed":true,"skipped":false},{"chunkNo":48,"from":47000,"to":47999,"mapRows":1000,"outPath":"EXP/20260504T161429Z/servicerequest_impacted_original_chunk0048.jsonl","statePath":"EXP/20260504T161429Z/servicerequest_impacted_original_chunk0048.state.json","exported":0,"completed":true,"skipped":false},{"chunkNo":49,"from":48000,"to":48999,"mapRows":1000,"outPath":"EXP/20260504T161429Z/servicerequest_impacted_original_chunk0049.jsonl","statePath":"EXP/20260504T161429Z/servicerequest_impacted_original_chunk0049.state.json","exported":0,"completed":true,"skipped":false},{"chunkNo":50,"from":49000,"to":49999,"mapRows":1000,"outPath":"EXP/20260504T161429Z/servicerequest_impacted_original_chunk0050.jsonl","statePath":"EXP/20260504T161429Z/servicerequest_impacted_original_chunk0050.state.json","exported":0,"completed":true,"skipped":false},{"chunkNo":51,"from":50000,"to":50999,"mapRows":1000,"outPath":"EXP/20260504T161429Z/servicerequest_impacted_original_chunk0051.jsonl","statePath":"EXP/20260504T161429Z/servicerequest_impacted_original_chunk0051.state.json","exported":0,"completed":true,"skipped":false},{"chunkNo":52,"from":51000,"to":51999,"mapRows":1000,"outPath":"EXP/20260504T161429Z/servicerequest_impacted_original_chunk0052.jsonl","statePath":"EXP/20260504T161429Z/servicerequest_impacted_original_chunk0052.state.json","exported":0,"completed":true,"skipped":false},{"chunkNo":53,"from":52000,"to":52999,"mapRows":1000,"outPath":"EXP/20260504T161429Z/servicerequest_impacted_original_chunk0053.jsonl","statePath":"EXP/20260504T161429Z/servicerequest_impacted_original_chunk0053.state.json","exported":0,"completed":true,"skipped":false},{"chunkNo":54,"from":53000,"to":53999,"mapRows":1000,"outPath":"EXP/20260504T161429Z/servicerequest_impacted_original_chunk0054.jsonl","statePath":"EXP/20260504T161429Z/servicerequest_impacted_original_chunk0054.state.json","exported":0,"completed":true,"skipped":false},{"chunkNo":55,"from":54000,"to":54999,"mapRows":1000,"outPath":"EXP/20260504T161429Z/servicerequest_impacted_original_chunk0055.jsonl","statePath":"EXP/20260504T161429Z/servicerequest_impacted_original_chunk0055.state.json","exported":0,"completed":true,"skipped":false},{"chunkNo":56,"from":55000,"to":55999,"mapRows":1000,"outPath":"EXP/20260504T161429Z/servicerequest_impacted_original_chunk0056.jsonl","statePath":"EXP/20260504T161429Z/servicerequest_impacted_original_chunk0056.state.json","exported":0,"completed":true,"skipped":false},{"chunkNo":57,"from":56000,"to":56999,"mapRows":1000,"outPath":"EXP/20260504T161429Z/servicerequest_impacted_original_chunk0057.jsonl","statePath":"EXP/20260504T161429Z/servicerequest_impacted_original_chunk0057.state.json","exported":0,"completed":true,"skipped":false},{"chunkNo":58,"from":57000,"to":57999,"mapRows":1000,"outPath":"EXP/20260504T161429Z/servicerequest_impacted_original_chunk0058.jsonl","statePath":"EXP/20260504T161429Z/servicerequest_impacted_original_chunk0058.state.json","exported":0,"completed":true,"skipped":false},{"chunkNo":59,"from":58000,"to":58999,"mapRows":1000,"outPath":"EXP/20260504T161429Z/servicerequest_impacted_original_chunk0059.jsonl","statePath":"EXP/20260504T161429Z/servicerequest_impacted_original_chunk0059.state.json","exported":0,"completed":true,"skipped":false},{"chunkNo":60,"from":59000,"to":59999,"mapRows":1000,"outPath":"EXP/20260504T161429Z/servicerequest_impacted_original_chunk0060.jsonl","statePath":"EXP/20260504T161429Z/servicerequest_impacted_original_chunk0060.state.json","exported":0,"completed":true,"skipped":false},{"chunkNo":61,"from":60000,"to":60999,"mapRows":1000,"outPath":"EXP/20260504T161429Z/servicerequest_impacted_original_chunk0061.jsonl","statePath":"EXP/20260504T161429Z/servicerequest_impacted_original_chunk0061.state.json","exported":0,"completed":true,"skipped":false},{"chunkNo":62,"from":61000,"to":61999,"mapRows":1000,"outPath":"EXP/20260504T161429Z/servicerequest_impacted_original_chunk0062.jsonl","statePath":"EXP/20260504T161429Z/servicerequest_impacted_original_chunk0062.state.json","exported":0,"completed":true,"skipped":false},{"chunkNo":63,"from":62000,"to":62999,"mapRows":1000,"outPath":"EXP/20260504T161429Z/servicerequest_impacted_original_chunk0063.jsonl","statePath":"EXP/20260504T161429Z/servicerequest_impacted_original_chunk0063.state.json","exported":0,"completed":true,"skipped":false},{"chunkNo":64,"from":63000,"to":63999,"mapRows":1000,"outPath":"EXP/20260504T161429Z/servicerequest_impacted_original_chunk0064.jsonl","statePath":"EXP/20260504T161429Z/servicerequest_impacted_original_chunk0064.state.json","exported":0,"completed":true,"skipped":false},{"chunkNo":65,"from":64000,"to":64999,"mapRows":1000,"outPath":"EXP/20260504T161429Z/servicerequest_impacted_original_chunk0065.jsonl","statePath":"EXP/20260504T161429Z/servicerequest_impacted_original_chunk0065.state.json","exported":0,"completed":true,"skipped":false},{"chunkNo":66,"from":65000,"to":65999,"mapRows":1000,"outPath":"EXP/20260504T161429Z/servicerequest_impacted_original_chunk0066.jsonl","statePath":"EXP/20260504T161429Z/servicerequest_impacted_original_chunk0066.state.json","exported":0,"completed":true,"skipped":false},{"chunkNo":67,"from":66000,"to":66999,"mapRows":1000,"outPath":"EXP/20260504T161429Z/servicerequest_impacted_original_chunk0067.jsonl","statePath":"EXP/20260504T161429Z/servicerequest_impacted_original_chunk0067.state.json","exported":0,"completed":true,"skipped":false},{"chunkNo":68,"from":67000,"to":67999,"mapRows":1000,"outPath":"EXP/20260504T161429Z/servicerequest_impacted_original_chunk0068.jsonl","statePath":"EXP/20260504T161429Z/servicerequest_impacted_original_chunk0068.state.json","exported":0,"completed":true,"skipped":false},{"chunkNo":69,"from":68000,"to":68999,"mapRows":1000,"outPath":"EXP/20260504T161429Z/servicerequest_impacted_original_chunk0069.jsonl","statePath":"EXP/20260504T161429Z/servicerequest_impacted_original_chunk0069.state.json","exported":0,"completed":true,"skipped":false},{"chunkNo":70,"from":69000,"to":69999,"mapRows":1000,"outPath":"EXP/20260504T161429Z/servicerequest_impacted_original_chunk0070.jsonl","statePath":"EXP/20260504T161429Z/servicerequest_impacted_original_chunk0070.state.json","exported":0,"completed":true,"skipped":false},{"chunkNo":71,"from":70000,"to":70999,"mapRows":1000,"outPath":"EXP/20260504T161429Z/servicerequest_impacted_original_chunk0071.jsonl","statePath":"EXP/20260504T161429Z/servicerequest_impacted_original_chunk0071.state.json","exported":0,"completed":true,"skipped":false},{"chunkNo":72,"from":71000,"to":71999,"mapRows":1000,"outPath":"EXP/20260504T161429Z/servicerequest_impacted_original_chunk0072.jsonl","statePath":"EXP/20260504T161429Z/servicerequest_impacted_original_chunk0072.state.json","exported":0,"completed":true,"skipped":false},{"chunkNo":73,"from":72000,"to":72999,"mapRows":1000,"outPath":"EXP/20260504T161429Z/servicerequest_impacted_original_chunk0073.jsonl","statePath":"EXP/20260504T161429Z/servicerequest_impacted_original_chunk0073.state.json","exported":0,"completed":true,"skipped":false},{"chunkNo":74,"from":73000,"to":73999,"mapRows":1000,"outPath":"EXP/20260504T161429Z/servicerequest_impacted_original_chunk0074.jsonl","statePath":"EXP/20260504T161429Z/servicerequest_impacted_original_chunk0074.state.json","exported":0,"completed":true,"skipped":false},{"chunkNo":75,"from":74000,"to":74999,"mapRows":1000,"outPath":"EXP/20260504T161429Z/servicerequest_impacted_original_chunk0075.jsonl","statePath":"EXP/20260504T161429Z/servicerequest_impacted_original_chunk0075.state.json","exported":0,"completed":true,"skipped":false},{"chunkNo":76,"from":75000,"to":75999,"mapRows":1000,"outPath":"EXP/20260504T161429Z/servicerequest_impacted_original_chunk0076.jsonl","statePath":"EXP/20260504T161429Z/servicerequest_impacted_original_chunk0076.state.json","exported":0,"completed":true,"skipped":false},{"chunkNo":77,"from":76000,"to":76999,"mapRows":1000,"outPath":"EXP/20260504T161429Z/servicerequest_impacted_original_chunk0077.jsonl","statePath":"EXP/20260504T161429Z/servicerequest_impacted_original_chunk0077.state.json","exported":0,"completed":true,"skipped":false},{"chunkNo":78,"from":77000,"to":77969,"mapRows":970,"outPath":"EXP/20260504T161429Z/servicerequest_impacted_original_chunk0078.jsonl","statePath":"EXP/20260504T161429Z/servicerequest_impacted_original_chunk0078.state.json","exported":0,"completed":true,"skipped":false}]},"ts":"2026-05-04T16:18:16.502Z"}
{"type":"result","script":"016_04_importazione_prod_match_servicerequest_by_keys_replace_client_side.js","runId":"20260504T161429Z","stepId":33,"dbName":"hc40-index-bonifica","inDir":"EXP/20260504T161429Z","filePrefix":"servicerequest_impacted_chunk","fileSuffix":".jsonl","maxFiles":0,"collection":"servicerequest_impacted_modified","mode":"insert","batch":1000,"dropBefore":true,"totals":{"files":78,"totalLines":2252,"emptyLines":0,"parsedDocs":2252,"bulks":3,"opsExecuted":2252,"inserted":2252,"upserted":0,"modified":0},"finalCollCount":2252,"ts":"2026-05-04T16:18:27.615Z"}
{"type":"result","script":"016_04B_importazione_prod_match_servicerequest_by_keys_original.js","runId":"20260504T161429Z","stepId":34,"dbName":"hc40-index-bonifica","inDir":"EXP/20260504T161429Z","filePrefix":"servicerequest_impacted_original_chunk","fileSuffix":".jsonl","maxFiles":0,"collection":"servicerequest_impacted_original","mode":"insert","batch":1000,"dropBefore":true,"totals":{"files":78,"totalLines":2252,"emptyLines":0,"parsedDocs":2252,"bulks":3,"opsExecuted":2252,"inserted":2252,"upserted":0,"modified":0},"finalCollCount":2252,"ts":"2026-05-04T16:18:38.243Z"}
{"type":"result","script":"026_03_esportazione_su_file_prod_match_observation_by_keys_replace.js","runId":"20260504T161429Z","stepId":40,"dbName":"hc40-index-bonifica","expDir":"./EXP","outDir":"EXP/20260504T161429Z","outBase":"observation_impacted","outExt":".jsonl","logPath":"EXP/20260504T161429Z/observation_impacted.log","mapPath":"EXP/20260504T161429Z/sio_ihub_hc40_adt_keys_map.js","mapConstName":"SIO_IHUB_HC40_ADT_KEYS","globalStatePath":"EXP/20260504T161429Z/observation_impacted.chunks.state.json","debug":false,"debugDocId":null,"debugNoWrite":false,"mapChunkSize":1000,"batchSize":2000,"logEvery":1000,"matchName":"encounter:encounter.reference","hintName":"attribute_search.name_1_attribute_search.value_1__id_1","summary":{"totalPairs":77970,"chunkSize":1000,"chunkCount":78,"completedChunksBefore":[],"completedChunksAfter":[1,2,3,4,5,6,7,8,9,10,11,12,13,14,15,16,17,18,19,20,21,22,23,24,25,26,27,28,29,30,31,32,33,34,35,36,37,38,39,40,41,42,43,44,45,46,47,48,49,50,51,52,53,54,55,56,57,58,59,60,61,62,63,64,65,66,67,68,69,70,71,72,73,74,75,76,77,78],"totalExportedDocs":5306,"totalReplDirect":66809,"totalReplPipeSuffix":31088,"chunks":[{"chunkNo":1,"from":0,"to":999,"mapRows":1000,"outPath":"EXP/20260504T161429Z/observation_impacted_chunk0001.jsonl","statePath":"EXP/20260504T161429Z/observation_impacted_chunk0001.state.json","exported":5306,"replDirect":66809,"replPipeSuffix":31088,"completed":true,"skipped":false},{"chunkNo":2,"from":1000,"to":1999,"mapRows":1000,"outPath":"EXP/20260504T161429Z/observation_impacted_chunk0002.jsonl","statePath":"EXP/20260504T161429Z/observation_impacted_chunk0002.state.json","exported":0,"replDirect":0,"replPipeSuffix":0,"completed":true,"skipped":false},{"chunkNo":3,"from":2000,"to":2999,"mapRows":1000,"outPath":"EXP/20260504T161429Z/observation_impacted_chunk0003.jsonl","statePath":"EXP/20260504T161429Z/observation_impacted_chunk0003.state.json","exported":0,"replDirect":0,"replPipeSuffix":0,"completed":true,"skipped":false},{"chunkNo":4,"from":3000,"to":3999,"mapRows":1000,"outPath":"EXP/20260504T161429Z/observation_impacted_chunk0004.jsonl","statePath":"EXP/20260504T161429Z/observation_impacted_chunk0004.state.json","exported":0,"replDirect":0,"replPipeSuffix":0,"completed":true,"skipped":false},{"chunkNo":5,"from":4000,"to":4999,"mapRows":1000,"outPath":"EXP/20260504T161429Z/observation_impacted_chunk0005.jsonl","statePath":"EXP/20260504T161429Z/observation_impacted_chunk0005.state.json","exported":0,"replDirect":0,"replPipeSuffix":0,"completed":true,"skipped":false},{"chunkNo":6,"from":5000,"to":5999,"mapRows":1000,"outPath":"EXP/20260504T161429Z/observation_impacted_chunk0006.jsonl","statePath":"EXP/20260504T161429Z/observation_impacted_chunk0006.state.json","exported":0,"replDirect":0,"replPipeSuffix":0,"completed":true,"skipped":false},{"chunkNo":7,"from":6000,"to":6999,"mapRows":1000,"outPath":"EXP/20260504T161429Z/observation_impacted_chunk0007.jsonl","statePath":"EXP/20260504T161429Z/observation_impacted_chunk0007.state.json","exported":0,"replDirect":0,"replPipeSuffix":0,"completed":true,"skipped":false},{"chunkNo":8,"from":7000,"to":7999,"mapRows":1000,"outPath":"EXP/20260504T161429Z/observation_impacted_chunk0008.jsonl","statePath":"EXP/20260504T161429Z/observation_impacted_chunk0008.state.json","exported":0,"replDirect":0,"replPipeSuffix":0,"completed":true,"skipped":false},{"chunkNo":9,"from":8000,"to":8999,"mapRows":1000,"outPath":"EXP/20260504T161429Z/observation_impacted_chunk0009.jsonl","statePath":"EXP/20260504T161429Z/observation_impacted_chunk0009.state.json","exported":0,"replDirect":0,"replPipeSuffix":0,"completed":true,"skipped":false},{"chunkNo":10,"from":9000,"to":9999,"mapRows":1000,"outPath":"EXP/20260504T161429Z/observation_impacted_chunk0010.jsonl","statePath":"EXP/20260504T161429Z/observation_impacted_chunk0010.state.json","exported":0,"replDirect":0,"replPipeSuffix":0,"completed":true,"skipped":false},{"chunkNo":11,"from":10000,"to":10999,"mapRows":1000,"outPath":"EXP/20260504T161429Z/observation_impacted_chunk0011.jsonl","statePath":"EXP/20260504T161429Z/observation_impacted_chunk0011.state.json","exported":0,"replDirect":0,"replPipeSuffix":0,"completed":true,"skipped":false},{"chunkNo":12,"from":11000,"to":11999,"mapRows":1000,"outPath":"EXP/20260504T161429Z/observation_impacted_chunk0012.jsonl","statePath":"EXP/20260504T161429Z/observation_impacted_chunk0012.state.json","exported":0,"replDirect":0,"replPipeSuffix":0,"completed":true,"skipped":false},{"chunkNo":13,"from":12000,"to":12999,"mapRows":1000,"outPath":"EXP/20260504T161429Z/observation_impacted_chunk0013.jsonl","statePath":"EXP/20260504T161429Z/observation_impacted_chunk0013.state.json","exported":0,"replDirect":0,"replPipeSuffix":0,"completed":true,"skipped":false},{"chunkNo":14,"from":13000,"to":13999,"mapRows":1000,"outPath":"EXP/20260504T161429Z/observation_impacted_chunk0014.jsonl","statePath":"EXP/20260504T161429Z/observation_impacted_chunk0014.state.json","exported":0,"replDirect":0,"replPipeSuffix":0,"completed":true,"skipped":false},{"chunkNo":15,"from":14000,"to":14999,"mapRows":1000,"outPath":"EXP/20260504T161429Z/observation_impacted_chunk0015.jsonl","statePath":"EXP/20260504T161429Z/observation_impacted_chunk0015.state.json","exported":0,"replDirect":0,"replPipeSuffix":0,"completed":true,"skipped":false},{"chunkNo":16,"from":15000,"to":15999,"mapRows":1000,"outPath":"EXP/20260504T161429Z/observation_impacted_chunk0016.jsonl","statePath":"EXP/20260504T161429Z/observation_impacted_chunk0016.state.json","exported":0,"replDirect":0,"replPipeSuffix":0,"completed":true,"skipped":false},{"chunkNo":17,"from":16000,"to":16999,"mapRows":1000,"outPath":"EXP/20260504T161429Z/observation_impacted_chunk0017.jsonl","statePath":"EXP/20260504T161429Z/observation_impacted_chunk0017.state.json","exported":0,"replDirect":0,"replPipeSuffix":0,"completed":true,"skipped":false},{"chunkNo":18,"from":17000,"to":17999,"mapRows":1000,"outPath":"EXP/20260504T161429Z/observation_impacted_chunk0018.jsonl","statePath":"EXP/20260504T161429Z/observation_impacted_chunk0018.state.json","exported":0,"replDirect":0,"replPipeSuffix":0,"completed":true,"skipped":false},{"chunkNo":19,"from":18000,"to":18999,"mapRows":1000,"outPath":"EXP/20260504T161429Z/observation_impacted_chunk0019.jsonl","statePath":"EXP/20260504T161429Z/observation_impacted_chunk0019.state.json","exported":0,"replDirect":0,"replPipeSuffix":0,"completed":true,"skipped":false},{"chunkNo":20,"from":19000,"to":19999,"mapRows":1000,"outPath":"EXP/20260504T161429Z/observation_impacted_chunk0020.jsonl","statePath":"EXP/20260504T161429Z/observation_impacted_chunk0020.state.json","exported":0,"replDirect":0,"replPipeSuffix":0,"completed":true,"skipped":false},{"chunkNo":21,"from":20000,"to":20999,"mapRows":1000,"outPath":"EXP/20260504T161429Z/observation_impacted_chunk0021.jsonl","statePath":"EXP/20260504T161429Z/observation_impacted_chunk0021.state.json","exported":0,"replDirect":0,"replPipeSuffix":0,"completed":true,"skipped":false},{"chunkNo":22,"from":21000,"to":21999,"mapRows":1000,"outPath":"EXP/20260504T161429Z/observation_impacted_chunk0022.jsonl","statePath":"EXP/20260504T161429Z/observation_impacted_chunk0022.state.json","exported":0,"replDirect":0,"replPipeSuffix":0,"completed":true,"skipped":false},{"chunkNo":23,"from":22000,"to":22999,"mapRows":1000,"outPath":"EXP/20260504T161429Z/observation_impacted_chunk0023.jsonl","statePath":"EXP/20260504T161429Z/observation_impacted_chunk0023.state.json","exported":0,"replDirect":0,"replPipeSuffix":0,"completed":true,"skipped":false},{"chunkNo":24,"from":23000,"to":23999,"mapRows":1000,"outPath":"EXP/20260504T161429Z/observation_impacted_chunk0024.jsonl","statePath":"EXP/20260504T161429Z/observation_impacted_chunk0024.state.json","exported":0,"replDirect":0,"replPipeSuffix":0,"completed":true,"skipped":false},{"chunkNo":25,"from":24000,"to":24999,"mapRows":1000,"outPath":"EXP/20260504T161429Z/observation_impacted_chunk0025.jsonl","statePath":"EXP/20260504T161429Z/observation_impacted_chunk0025.state.json","exported":0,"replDirect":0,"replPipeSuffix":0,"completed":true,"skipped":false},{"chunkNo":26,"from":25000,"to":25999,"mapRows":1000,"outPath":"EXP/20260504T161429Z/observation_impacted_chunk0026.jsonl","statePath":"EXP/20260504T161429Z/observation_impacted_chunk0026.state.json","exported":0,"replDirect":0,"replPipeSuffix":0,"completed":true,"skipped":false},{"chunkNo":27,"from":26000,"to":26999,"mapRows":1000,"outPath":"EXP/20260504T161429Z/observation_impacted_chunk0027.jsonl","statePath":"EXP/20260504T161429Z/observation_impacted_chunk0027.state.json","exported":0,"replDirect":0,"replPipeSuffix":0,"completed":true,"skipped":false},{"chunkNo":28,"from":27000,"to":27999,"mapRows":1000,"outPath":"EXP/20260504T161429Z/observation_impacted_chunk0028.jsonl","statePath":"EXP/20260504T161429Z/observation_impacted_chunk0028.state.json","exported":0,"replDirect":0,"replPipeSuffix":0,"completed":true,"skipped":false},{"chunkNo":29,"from":28000,"to":28999,"mapRows":1000,"outPath":"EXP/20260504T161429Z/observation_impacted_chunk0029.jsonl","statePath":"EXP/20260504T161429Z/observation_impacted_chunk0029.state.json","exported":0,"replDirect":0,"replPipeSuffix":0,"completed":true,"skipped":false},{"chunkNo":30,"from":29000,"to":29999,"mapRows":1000,"outPath":"EXP/20260504T161429Z/observation_impacted_chunk0030.jsonl","statePath":"EXP/20260504T161429Z/observation_impacted_chunk0030.state.json","exported":0,"replDirect":0,"replPipeSuffix":0,"completed":true,"skipped":false},{"chunkNo":31,"from":30000,"to":30999,"mapRows":1000,"outPath":"EXP/20260504T161429Z/observation_impacted_chunk0031.jsonl","statePath":"EXP/20260504T161429Z/observation_impacted_chunk0031.state.json","exported":0,"replDirect":0,"replPipeSuffix":0,"completed":true,"skipped":false},{"chunkNo":32,"from":31000,"to":31999,"mapRows":1000,"outPath":"EXP/20260504T161429Z/observation_impacted_chunk0032.jsonl","statePath":"EXP/20260504T161429Z/observation_impacted_chunk0032.state.json","exported":0,"replDirect":0,"replPipeSuffix":0,"completed":true,"skipped":false},{"chunkNo":33,"from":32000,"to":32999,"mapRows":1000,"outPath":"EXP/20260504T161429Z/observation_impacted_chunk0033.jsonl","statePath":"EXP/20260504T161429Z/observation_impacted_chunk0033.state.json","exported":0,"replDirect":0,"replPipeSuffix":0,"completed":true,"skipped":false},{"chunkNo":34,"from":33000,"to":33999,"mapRows":1000,"outPath":"EXP/20260504T161429Z/observation_impacted_chunk0034.jsonl","statePath":"EXP/20260504T161429Z/observation_impacted_chunk0034.state.json","exported":0,"replDirect":0,"replPipeSuffix":0,"completed":true,"skipped":false},{"chunkNo":35,"from":34000,"to":34999,"mapRows":1000,"outPath":"EXP/20260504T161429Z/observation_impacted_chunk0035.jsonl","statePath":"EXP/20260504T161429Z/observation_impacted_chunk0035.state.json","exported":0,"replDirect":0,"replPipeSuffix":0,"completed":true,"skipped":false},{"chunkNo":36,"from":35000,"to":35999,"mapRows":1000,"outPath":"EXP/20260504T161429Z/observation_impacted_chunk0036.jsonl","statePath":"EXP/20260504T161429Z/observation_impacted_chunk0036.state.json","exported":0,"replDirect":0,"replPipeSuffix":0,"completed":true,"skipped":false},{"chunkNo":37,"from":36000,"to":36999,"mapRows":1000,"outPath":"EXP/20260504T161429Z/observation_impacted_chunk0037.jsonl","statePath":"EXP/20260504T161429Z/observation_impacted_chunk0037.state.json","exported":0,"replDirect":0,"replPipeSuffix":0,"completed":true,"skipped":false},{"chunkNo":38,"from":37000,"to":37999,"mapRows":1000,"outPath":"EXP/20260504T161429Z/observation_impacted_chunk0038.jsonl","statePath":"EXP/20260504T161429Z/observation_impacted_chunk0038.state.json","exported":0,"replDirect":0,"replPipeSuffix":0,"completed":true,"skipped":false},{"chunkNo":39,"from":38000,"to":38999,"mapRows":1000,"outPath":"EXP/20260504T161429Z/observation_impacted_chunk0039.jsonl","statePath":"EXP/20260504T161429Z/observation_impacted_chunk0039.state.json","exported":0,"replDirect":0,"replPipeSuffix":0,"completed":true,"skipped":false},{"chunkNo":40,"from":39000,"to":39999,"mapRows":1000,"outPath":"EXP/20260504T161429Z/observation_impacted_chunk0040.jsonl","statePath":"EXP/20260504T161429Z/observation_impacted_chunk0040.state.json","exported":0,"replDirect":0,"replPipeSuffix":0,"completed":true,"skipped":false},{"chunkNo":41,"from":40000,"to":40999,"mapRows":1000,"outPath":"EXP/20260504T161429Z/observation_impacted_chunk0041.jsonl","statePath":"EXP/20260504T161429Z/observation_impacted_chunk0041.state.json","exported":0,"replDirect":0,"replPipeSuffix":0,"completed":true,"skipped":false},{"chunkNo":42,"from":41000,"to":41999,"mapRows":1000,"outPath":"EXP/20260504T161429Z/observation_impacted_chunk0042.jsonl","statePath":"EXP/20260504T161429Z/observation_impacted_chunk0042.state.json","exported":0,"replDirect":0,"replPipeSuffix":0,"completed":true,"skipped":false},{"chunkNo":43,"from":42000,"to":42999,"mapRows":1000,"outPath":"EXP/20260504T161429Z/observation_impacted_chunk0043.jsonl","statePath":"EXP/20260504T161429Z/observation_impacted_chunk0043.state.json","exported":0,"replDirect":0,"replPipeSuffix":0,"completed":true,"skipped":false},{"chunkNo":44,"from":43000,"to":43999,"mapRows":1000,"outPath":"EXP/20260504T161429Z/observation_impacted_chunk0044.jsonl","statePath":"EXP/20260504T161429Z/observation_impacted_chunk0044.state.json","exported":0,"replDirect":0,"replPipeSuffix":0,"completed":true,"skipped":false},{"chunkNo":45,"from":44000,"to":44999,"mapRows":1000,"outPath":"EXP/20260504T161429Z/observation_impacted_chunk0045.jsonl","statePath":"EXP/20260504T161429Z/observation_impacted_chunk0045.state.json","exported":0,"replDirect":0,"replPipeSuffix":0,"completed":true,"skipped":false},{"chunkNo":46,"from":45000,"to":45999,"mapRows":1000,"outPath":"EXP/20260504T161429Z/observation_impacted_chunk0046.jsonl","statePath":"EXP/20260504T161429Z/observation_impacted_chunk0046.state.json","exported":0,"replDirect":0,"replPipeSuffix":0,"completed":true,"skipped":false},{"chunkNo":47,"from":46000,"to":46999,"mapRows":1000,"outPath":"EXP/20260504T161429Z/observation_impacted_chunk0047.jsonl","statePath":"EXP/20260504T161429Z/observation_impacted_chunk0047.state.json","exported":0,"replDirect":0,"replPipeSuffix":0,"completed":true,"skipped":false},{"chunkNo":48,"from":47000,"to":47999,"mapRows":1000,"outPath":"EXP/20260504T161429Z/observation_impacted_chunk0048.jsonl","statePath":"EXP/20260504T161429Z/observation_impacted_chunk0048.state.json","exported":0,"replDirect":0,"replPipeSuffix":0,"completed":true,"skipped":false},{"chunkNo":49,"from":48000,"to":48999,"mapRows":1000,"outPath":"EXP/20260504T161429Z/observation_impacted_chunk0049.jsonl","statePath":"EXP/20260504T161429Z/observation_impacted_chunk0049.state.json","exported":0,"replDirect":0,"replPipeSuffix":0,"completed":true,"skipped":false},{"chunkNo":50,"from":49000,"to":49999,"mapRows":1000,"outPath":"EXP/20260504T161429Z/observation_impacted_chunk0050.jsonl","statePath":"EXP/20260504T161429Z/observation_impacted_chunk0050.state.json","exported":0,"replDirect":0,"replPipeSuffix":0,"completed":true,"skipped":false},{"chunkNo":51,"from":50000,"to":50999,"mapRows":1000,"outPath":"EXP/20260504T161429Z/observation_impacted_chunk0051.jsonl","statePath":"EXP/20260504T161429Z/observation_impacted_chunk0051.state.json","exported":0,"replDirect":0,"replPipeSuffix":0,"completed":true,"skipped":false},{"chunkNo":52,"from":51000,"to":51999,"mapRows":1000,"outPath":"EXP/20260504T161429Z/observation_impacted_chunk0052.jsonl","statePath":"EXP/20260504T161429Z/observation_impacted_chunk0052.state.json","exported":0,"replDirect":0,"replPipeSuffix":0,"completed":true,"skipped":false},{"chunkNo":53,"from":52000,"to":52999,"mapRows":1000,"outPath":"EXP/20260504T161429Z/observation_impacted_chunk0053.jsonl","statePath":"EXP/20260504T161429Z/observation_impacted_chunk0053.state.json","exported":0,"replDirect":0,"replPipeSuffix":0,"completed":true,"skipped":false},{"chunkNo":54,"from":53000,"to":53999,"mapRows":1000,"outPath":"EXP/20260504T161429Z/observation_impacted_chunk0054.jsonl","statePath":"EXP/20260504T161429Z/observation_impacted_chunk0054.state.json","exported":0,"replDirect":0,"replPipeSuffix":0,"completed":true,"skipped":false},{"chunkNo":55,"from":54000,"to":54999,"mapRows":1000,"outPath":"EXP/20260504T161429Z/observation_impacted_chunk0055.jsonl","statePath":"EXP/20260504T161429Z/observation_impacted_chunk0055.state.json","exported":0,"replDirect":0,"replPipeSuffix":0,"completed":true,"skipped":false},{"chunkNo":56,"from":55000,"to":55999,"mapRows":1000,"outPath":"EXP/20260504T161429Z/observation_impacted_chunk0056.jsonl","statePath":"EXP/20260504T161429Z/observation_impacted_chunk0056.state.json","exported":0,"replDirect":0,"replPipeSuffix":0,"completed":true,"skipped":false},{"chunkNo":57,"from":56000,"to":56999,"mapRows":1000,"outPath":"EXP/20260504T161429Z/observation_impacted_chunk0057.jsonl","statePath":"EXP/20260504T161429Z/observation_impacted_chunk0057.state.json","exported":0,"replDirect":0,"replPipeSuffix":0,"completed":true,"skipped":false},{"chunkNo":58,"from":57000,"to":57999,"mapRows":1000,"outPath":"EXP/20260504T161429Z/observation_impacted_chunk0058.jsonl","statePath":"EXP/20260504T161429Z/observation_impacted_chunk0058.state.json","exported":0,"replDirect":0,"replPipeSuffix":0,"completed":true,"skipped":false},{"chunkNo":59,"from":58000,"to":58999,"mapRows":1000,"outPath":"EXP/20260504T161429Z/observation_impacted_chunk0059.jsonl","statePath":"EXP/20260504T161429Z/observation_impacted_chunk0059.state.json","exported":0,"replDirect":0,"replPipeSuffix":0,"completed":true,"skipped":false},{"chunkNo":60,"from":59000,"to":59999,"mapRows":1000,"outPath":"EXP/20260504T161429Z/observation_impacted_chunk0060.jsonl","statePath":"EXP/20260504T161429Z/observation_impacted_chunk0060.state.json","exported":0,"replDirect":0,"replPipeSuffix":0,"completed":true,"skipped":false},{"chunkNo":61,"from":60000,"to":60999,"mapRows":1000,"outPath":"EXP/20260504T161429Z/observation_impacted_chunk0061.jsonl","statePath":"EXP/20260504T161429Z/observation_impacted_chunk0061.state.json","exported":0,"replDirect":0,"replPipeSuffix":0,"completed":true,"skipped":false},{"chunkNo":62,"from":61000,"to":61999,"mapRows":1000,"outPath":"EXP/20260504T161429Z/observation_impacted_chunk0062.jsonl","statePath":"EXP/20260504T161429Z/observation_impacted_chunk0062.state.json","exported":0,"replDirect":0,"replPipeSuffix":0,"completed":true,"skipped":false},{"chunkNo":63,"from":62000,"to":62999,"mapRows":1000,"outPath":"EXP/20260504T161429Z/observation_impacted_chunk0063.jsonl","statePath":"EXP/20260504T161429Z/observation_impacted_chunk0063.state.json","exported":0,"replDirect":0,"replPipeSuffix":0,"completed":true,"skipped":false},{"chunkNo":64,"from":63000,"to":63999,"mapRows":1000,"outPath":"EXP/20260504T161429Z/observation_impacted_chunk0064.jsonl","statePath":"EXP/20260504T161429Z/observation_impacted_chunk0064.state.json","exported":0,"replDirect":0,"replPipeSuffix":0,"completed":true,"skipped":false},{"chunkNo":65,"from":64000,"to":64999,"mapRows":1000,"outPath":"EXP/20260504T161429Z/observation_impacted_chunk0065.jsonl","statePath":"EXP/20260504T161429Z/observation_impacted_chunk0065.state.json","exported":0,"replDirect":0,"replPipeSuffix":0,"completed":true,"skipped":false},{"chunkNo":66,"from":65000,"to":65999,"mapRows":1000,"outPath":"EXP/20260504T161429Z/observation_impacted_chunk0066.jsonl","statePath":"EXP/20260504T161429Z/observation_impacted_chunk0066.state.json","exported":0,"replDirect":0,"replPipeSuffix":0,"completed":true,"skipped":false},{"chunkNo":67,"from":66000,"to":66999,"mapRows":1000,"outPath":"EXP/20260504T161429Z/observation_impacted_chunk0067.jsonl","statePath":"EXP/20260504T161429Z/observation_impacted_chunk0067.state.json","exported":0,"replDirect":0,"replPipeSuffix":0,"completed":true,"skipped":false},{"chunkNo":68,"from":67000,"to":67999,"mapRows":1000,"outPath":"EXP/20260504T161429Z/observation_impacted_chunk0068.jsonl","statePath":"EXP/20260504T161429Z/observation_impacted_chunk0068.state.json","exported":0,"replDirect":0,"replPipeSuffix":0,"completed":true,"skipped":false},{"chunkNo":69,"from":68000,"to":68999,"mapRows":1000,"outPath":"EXP/20260504T161429Z/observation_impacted_chunk0069.jsonl","statePath":"EXP/20260504T161429Z/observation_impacted_chunk0069.state.json","exported":0,"replDirect":0,"replPipeSuffix":0,"completed":true,"skipped":false},{"chunkNo":70,"from":69000,"to":69999,"mapRows":1000,"outPath":"EXP/20260504T161429Z/observation_impacted_chunk0070.jsonl","statePath":"EXP/20260504T161429Z/observation_impacted_chunk0070.state.json","exported":0,"replDirect":0,"replPipeSuffix":0,"completed":true,"skipped":false},{"chunkNo":71,"from":70000,"to":70999,"mapRows":1000,"outPath":"EXP/20260504T161429Z/observation_impacted_chunk0071.jsonl","statePath":"EXP/20260504T161429Z/observation_impacted_chunk0071.state.json","exported":0,"replDirect":0,"replPipeSuffix":0,"completed":true,"skipped":false},{"chunkNo":72,"from":71000,"to":71999,"mapRows":1000,"outPath":"EXP/20260504T161429Z/observation_impacted_chunk0072.jsonl","statePath":"EXP/20260504T161429Z/observation_impacted_chunk0072.state.json","exported":0,"replDirect":0,"replPipeSuffix":0,"completed":true,"skipped":false},{"chunkNo":73,"from":72000,"to":72999,"mapRows":1000,"outPath":"EXP/20260504T161429Z/observation_impacted_chunk0073.jsonl","statePath":"EXP/20260504T161429Z/observation_impacted_chunk0073.state.json","exported":0,"replDirect":0,"replPipeSuffix":0,"completed":true,"skipped":false},{"chunkNo":74,"from":73000,"to":73999,"mapRows":1000,"outPath":"EXP/20260504T161429Z/observation_impacted_chunk0074.jsonl","statePath":"EXP/20260504T161429Z/observation_impacted_chunk0074.state.json","exported":0,"replDirect":0,"replPipeSuffix":0,"completed":true,"skipped":false},{"chunkNo":75,"from":74000,"to":74999,"mapRows":1000,"outPath":"EXP/20260504T161429Z/observation_impacted_chunk0075.jsonl","statePath":"EXP/20260504T161429Z/observation_impacted_chunk0075.state.json","exported":0,"replDirect":0,"replPipeSuffix":0,"completed":true,"skipped":false},{"chunkNo":76,"from":75000,"to":75999,"mapRows":1000,"outPath":"EXP/20260504T161429Z/observation_impacted_chunk0076.jsonl","statePath":"EXP/20260504T161429Z/observation_impacted_chunk0076.state.json","exported":0,"replDirect":0,"replPipeSuffix":0,"completed":true,"skipped":false},{"chunkNo":77,"from":76000,"to":76999,"mapRows":1000,"outPath":"EXP/20260504T161429Z/observation_impacted_chunk0077.jsonl","statePath":"EXP/20260504T161429Z/observation_impacted_chunk0077.state.json","exported":0,"replDirect":0,"replPipeSuffix":0,"completed":true,"skipped":false},{"chunkNo":78,"from":77000,"to":77969,"mapRows":970,"outPath":"EXP/20260504T161429Z/observation_impacted_chunk0078.jsonl","statePath":"EXP/20260504T161429Z/observation_impacted_chunk0078.state.json","exported":0,"replDirect":0,"replPipeSuffix":0,"completed":true,"skipped":false}]},"ts":"2026-05-04T16:19:35.696Z"}
{"type":"result","script":"026_03B_esportazione_su_file_prod_match_observation_by_keys_original.js","runId":"20260504T161429Z","stepId":41,"dbName":"hc40-index-bonifica","expDir":"./EXP","outDir":"EXP/20260504T161429Z","outBase":"observation_impacted_original","outExt":".jsonl","logPath":"EXP/20260504T161429Z/observation_impacted_original.log","mapPath":"EXP/20260504T161429Z/sio_ihub_hc40_adt_keys_map.js","mapConstName":"SIO_IHUB_HC40_ADT_KEYS","globalStatePath":"EXP/20260504T161429Z/observation_impacted_original.chunks.state.json","debug":false,"debugDocId":null,"debugNoWrite":false,"mapChunkSize":1000,"batchSize":2000,"logEvery":1000,"matchName":"encounter:encounter.reference","hintName":"attribute_search.name_1_attribute_search.value_1__id_1","summary":{"totalPairs":77970,"chunkSize":1000,"chunkCount":78,"completedChunksBefore":[],"completedChunksAfter":[1,2,3,4,5,6,7,8,9,10,11,12,13,14,15,16,17,18,19,20,21,22,23,24,25,26,27,28,29,30,31,32,33,34,35,36,37,38,39,40,41,42,43,44,45,46,47,48,49,50,51,52,53,54,55,56,57,58,59,60,61,62,63,64,65,66,67,68,69,70,71,72,73,74,75,76,77,78],"totalExportedDocs":5306,"chunks":[{"chunkNo":1,"from":0,"to":999,"mapRows":1000,"outPath":"EXP/20260504T161429Z/observation_impacted_original_chunk0001.jsonl","statePath":"EXP/20260504T161429Z/observation_impacted_original_chunk0001.state.json","exported":5306,"completed":true,"skipped":false},{"chunkNo":2,"from":1000,"to":1999,"mapRows":1000,"outPath":"EXP/20260504T161429Z/observation_impacted_original_chunk0002.jsonl","statePath":"EXP/20260504T161429Z/observation_impacted_original_chunk0002.state.json","exported":0,"completed":true,"skipped":false},{"chunkNo":3,"from":2000,"to":2999,"mapRows":1000,"outPath":"EXP/20260504T161429Z/observation_impacted_original_chunk0003.jsonl","statePath":"EXP/20260504T161429Z/observation_impacted_original_chunk0003.state.json","exported":0,"completed":true,"skipped":false},{"chunkNo":4,"from":3000,"to":3999,"mapRows":1000,"outPath":"EXP/20260504T161429Z/observation_impacted_original_chunk0004.jsonl","statePath":"EXP/20260504T161429Z/observation_impacted_original_chunk0004.state.json","exported":0,"completed":true,"skipped":false},{"chunkNo":5,"from":4000,"to":4999,"mapRows":1000,"outPath":"EXP/20260504T161429Z/observation_impacted_original_chunk0005.jsonl","statePath":"EXP/20260504T161429Z/observation_impacted_original_chunk0005.state.json","exported":0,"completed":true,"skipped":false},{"chunkNo":6,"from":5000,"to":5999,"mapRows":1000,"outPath":"EXP/20260504T161429Z/observation_impacted_original_chunk0006.jsonl","statePath":"EXP/20260504T161429Z/observation_impacted_original_chunk0006.state.json","exported":0,"completed":true,"skipped":false},{"chunkNo":7,"from":6000,"to":6999,"mapRows":1000,"outPath":"EXP/20260504T161429Z/observation_impacted_original_chunk0007.jsonl","statePath":"EXP/20260504T161429Z/observation_impacted_original_chunk0007.state.json","exported":0,"completed":true,"skipped":false},{"chunkNo":8,"from":7000,"to":7999,"mapRows":1000,"outPath":"EXP/20260504T161429Z/observation_impacted_original_chunk0008.jsonl","statePath":"EXP/20260504T161429Z/observation_impacted_original_chunk0008.state.json","exported":0,"completed":true,"skipped":false},{"chunkNo":9,"from":8000,"to":8999,"mapRows":1000,"outPath":"EXP/20260504T161429Z/observation_impacted_original_chunk0009.jsonl","statePath":"EXP/20260504T161429Z/observation_impacted_original_chunk0009.state.json","exported":0,"completed":true,"skipped":false},{"chunkNo":10,"from":9000,"to":9999,"mapRows":1000,"outPath":"EXP/20260504T161429Z/observation_impacted_original_chunk0010.jsonl","statePath":"EXP/20260504T161429Z/observation_impacted_original_chunk0010.state.json","exported":0,"completed":true,"skipped":false},{"chunkNo":11,"from":10000,"to":10999,"mapRows":1000,"outPath":"EXP/20260504T161429Z/observation_impacted_original_chunk0011.jsonl","statePath":"EXP/20260504T161429Z/observation_impacted_original_chunk0011.state.json","exported":0,"completed":true,"skipped":false},{"chunkNo":12,"from":11000,"to":11999,"mapRows":1000,"outPath":"EXP/20260504T161429Z/observation_impacted_original_chunk0012.jsonl","statePath":"EXP/20260504T161429Z/observation_impacted_original_chunk0012.state.json","exported":0,"completed":true,"skipped":false},{"chunkNo":13,"from":12000,"to":12999,"mapRows":1000,"outPath":"EXP/20260504T161429Z/observation_impacted_original_chunk0013.jsonl","statePath":"EXP/20260504T161429Z/observation_impacted_original_chunk0013.state.json","exported":0,"completed":true,"skipped":false},{"chunkNo":14,"from":13000,"to":13999,"mapRows":1000,"outPath":"EXP/20260504T161429Z/observation_impacted_original_chunk0014.jsonl","statePath":"EXP/20260504T161429Z/observation_impacted_original_chunk0014.state.json","exported":0,"completed":true,"skipped":false},{"chunkNo":15,"from":14000,"to":14999,"mapRows":1000,"outPath":"EXP/20260504T161429Z/observation_impacted_original_chunk0015.jsonl","statePath":"EXP/20260504T161429Z/observation_impacted_original_chunk0015.state.json","exported":0,"completed":true,"skipped":false},{"chunkNo":16,"from":15000,"to":15999,"mapRows":1000,"outPath":"EXP/20260504T161429Z/observation_impacted_original_chunk0016.jsonl","statePath":"EXP/20260504T161429Z/observation_impacted_original_chunk0016.state.json","exported":0,"completed":true,"skipped":false},{"chunkNo":17,"from":16000,"to":16999,"mapRows":1000,"outPath":"EXP/20260504T161429Z/observation_impacted_original_chunk0017.jsonl","statePath":"EXP/20260504T161429Z/observation_impacted_original_chunk0017.state.json","exported":0,"completed":true,"skipped":false},{"chunkNo":18,"from":17000,"to":17999,"mapRows":1000,"outPath":"EXP/20260504T161429Z/observation_impacted_original_chunk0018.jsonl","statePath":"EXP/20260504T161429Z/observation_impacted_original_chunk0018.state.json","exported":0,"completed":true,"skipped":false},{"chunkNo":19,"from":18000,"to":18999,"mapRows":1000,"outPath":"EXP/20260504T161429Z/observation_impacted_original_chunk0019.jsonl","statePath":"EXP/20260504T161429Z/observation_impacted_original_chunk0019.state.json","exported":0,"completed":true,"skipped":false},{"chunkNo":20,"from":19000,"to":19999,"mapRows":1000,"outPath":"EXP/20260504T161429Z/observation_impacted_original_chunk0020.jsonl","statePath":"EXP/20260504T161429Z/observation_impacted_original_chunk0020.state.json","exported":0,"completed":true,"skipped":false},{"chunkNo":21,"from":20000,"to":20999,"mapRows":1000,"outPath":"EXP/20260504T161429Z/observation_impacted_original_chunk0021.jsonl","statePath":"EXP/20260504T161429Z/observation_impacted_original_chunk0021.state.json","exported":0,"completed":true,"skipped":false},{"chunkNo":22,"from":21000,"to":21999,"mapRows":1000,"outPath":"EXP/20260504T161429Z/observation_impacted_original_chunk0022.jsonl","statePath":"EXP/20260504T161429Z/observation_impacted_original_chunk0022.state.json","exported":0,"completed":true,"skipped":false},{"chunkNo":23,"from":22000,"to":22999,"mapRows":1000,"outPath":"EXP/20260504T161429Z/observation_impacted_original_chunk0023.jsonl","statePath":"EXP/20260504T161429Z/observation_impacted_original_chunk0023.state.json","exported":0,"completed":true,"skipped":false},{"chunkNo":24,"from":23000,"to":23999,"mapRows":1000,"outPath":"EXP/20260504T161429Z/observation_impacted_original_chunk0024.jsonl","statePath":"EXP/20260504T161429Z/observation_impacted_original_chunk0024.state.json","exported":0,"completed":true,"skipped":false},{"chunkNo":25,"from":24000,"to":24999,"mapRows":1000,"outPath":"EXP/20260504T161429Z/observation_impacted_original_chunk0025.jsonl","statePath":"EXP/20260504T161429Z/observation_impacted_original_chunk0025.state.json","exported":0,"completed":true,"skipped":false},{"chunkNo":26,"from":25000,"to":25999,"mapRows":1000,"outPath":"EXP/20260504T161429Z/observation_impacted_original_chunk0026.jsonl","statePath":"EXP/20260504T161429Z/observation_impacted_original_chunk0026.state.json","exported":0,"completed":true,"skipped":false},{"chunkNo":27,"from":26000,"to":26999,"mapRows":1000,"outPath":"EXP/20260504T161429Z/observation_impacted_original_chunk0027.jsonl","statePath":"EXP/20260504T161429Z/observation_impacted_original_chunk0027.state.json","exported":0,"completed":true,"skipped":false},{"chunkNo":28,"from":27000,"to":27999,"mapRows":1000,"outPath":"EXP/20260504T161429Z/observation_impacted_original_chunk0028.jsonl","statePath":"EXP/20260504T161429Z/observation_impacted_original_chunk0028.state.json","exported":0,"completed":true,"skipped":false},{"chunkNo":29,"from":28000,"to":28999,"mapRows":1000,"outPath":"EXP/20260504T161429Z/observation_impacted_original_chunk0029.jsonl","statePath":"EXP/20260504T161429Z/observation_impacted_original_chunk0029.state.json","exported":0,"completed":true,"skipped":false},{"chunkNo":30,"from":29000,"to":29999,"mapRows":1000,"outPath":"EXP/20260504T161429Z/observation_impacted_original_chunk0030.jsonl","statePath":"EXP/20260504T161429Z/observation_impacted_original_chunk0030.state.json","exported":0,"completed":true,"skipped":false},{"chunkNo":31,"from":30000,"to":30999,"mapRows":1000,"outPath":"EXP/20260504T161429Z/observation_impacted_original_chunk0031.jsonl","statePath":"EXP/20260504T161429Z/observation_impacted_original_chunk0031.state.json","exported":0,"completed":true,"skipped":false},{"chunkNo":32,"from":31000,"to":31999,"mapRows":1000,"outPath":"EXP/20260504T161429Z/observation_impacted_original_chunk0032.jsonl","statePath":"EXP/20260504T161429Z/observation_impacted_original_chunk0032.state.json","exported":0,"completed":true,"skipped":false},{"chunkNo":33,"from":32000,"to":32999,"mapRows":1000,"outPath":"EXP/20260504T161429Z/observation_impacted_original_chunk0033.jsonl","statePath":"EXP/20260504T161429Z/observation_impacted_original_chunk0033.state.json","exported":0,"completed":true,"skipped":false},{"chunkNo":34,"from":33000,"to":33999,"mapRows":1000,"outPath":"EXP/20260504T161429Z/observation_impacted_original_chunk0034.jsonl","statePath":"EXP/20260504T161429Z/observation_impacted_original_chunk0034.state.json","exported":0,"completed":true,"skipped":false},{"chunkNo":35,"from":34000,"to":34999,"mapRows":1000,"outPath":"EXP/20260504T161429Z/observation_impacted_original_chunk0035.jsonl","statePath":"EXP/20260504T161429Z/observation_impacted_original_chunk0035.state.json","exported":0,"completed":true,"skipped":false},{"chunkNo":36,"from":35000,"to":35999,"mapRows":1000,"outPath":"EXP/20260504T161429Z/observation_impacted_original_chunk0036.jsonl","statePath":"EXP/20260504T161429Z/observation_impacted_original_chunk0036.state.json","exported":0,"completed":true,"skipped":false},{"chunkNo":37,"from":36000,"to":36999,"mapRows":1000,"outPath":"EXP/20260504T161429Z/observation_impacted_original_chunk0037.jsonl","statePath":"EXP/20260504T161429Z/observation_impacted_original_chunk0037.state.json","exported":0,"completed":true,"skipped":false},{"chunkNo":38,"from":37000,"to":37999,"mapRows":1000,"outPath":"EXP/20260504T161429Z/observation_impacted_original_chunk0038.jsonl","statePath":"EXP/20260504T161429Z/observation_impacted_original_chunk0038.state.json","exported":0,"completed":true,"skipped":false},{"chunkNo":39,"from":38000,"to":38999,"mapRows":1000,"outPath":"EXP/20260504T161429Z/observation_impacted_original_chunk0039.jsonl","statePath":"EXP/20260504T161429Z/observation_impacted_original_chunk0039.state.json","exported":0,"completed":true,"skipped":false},{"chunkNo":40,"from":39000,"to":39999,"mapRows":1000,"outPath":"EXP/20260504T161429Z/observation_impacted_original_chunk0040.jsonl","statePath":"EXP/20260504T161429Z/observation_impacted_original_chunk0040.state.json","exported":0,"completed":true,"skipped":false},{"chunkNo":41,"from":40000,"to":40999,"mapRows":1000,"outPath":"EXP/20260504T161429Z/observation_impacted_original_chunk0041.jsonl","statePath":"EXP/20260504T161429Z/observation_impacted_original_chunk0041.state.json","exported":0,"completed":true,"skipped":false},{"chunkNo":42,"from":41000,"to":41999,"mapRows":1000,"outPath":"EXP/20260504T161429Z/observation_impacted_original_chunk0042.jsonl","statePath":"EXP/20260504T161429Z/observation_impacted_original_chunk0042.state.json","exported":0,"completed":true,"skipped":false},{"chunkNo":43,"from":42000,"to":42999,"mapRows":1000,"outPath":"EXP/20260504T161429Z/observation_impacted_original_chunk0043.jsonl","statePath":"EXP/20260504T161429Z/observation_impacted_original_chunk0043.state.json","exported":0,"completed":true,"skipped":false},{"chunkNo":44,"from":43000,"to":43999,"mapRows":1000,"outPath":"EXP/20260504T161429Z/observation_impacted_original_chunk0044.jsonl","statePath":"EXP/20260504T161429Z/observation_impacted_original_chunk0044.state.json","exported":0,"completed":true,"skipped":false},{"chunkNo":45,"from":44000,"to":44999,"mapRows":1000,"outPath":"EXP/20260504T161429Z/observation_impacted_original_chunk0045.jsonl","statePath":"EXP/20260504T161429Z/observation_impacted_original_chunk0045.state.json","exported":0,"completed":true,"skipped":false},{"chunkNo":46,"from":45000,"to":45999,"mapRows":1000,"outPath":"EXP/20260504T161429Z/observation_impacted_original_chunk0046.jsonl","statePath":"EXP/20260504T161429Z/observation_impacted_original_chunk0046.state.json","exported":0,"completed":true,"skipped":false},{"chunkNo":47,"from":46000,"to":46999,"mapRows":1000,"outPath":"EXP/20260504T161429Z/observation_impacted_original_chunk0047.jsonl","statePath":"EXP/20260504T161429Z/observation_impacted_original_chunk0047.state.json","exported":0,"completed":true,"skipped":false},{"chunkNo":48,"from":47000,"to":47999,"mapRows":1000,"outPath":"EXP/20260504T161429Z/observation_impacted_original_chunk0048.jsonl","statePath":"EXP/20260504T161429Z/observation_impacted_original_chunk0048.state.json","exported":0,"completed":true,"skipped":false},{"chunkNo":49,"from":48000,"to":48999,"mapRows":1000,"outPath":"EXP/20260504T161429Z/observation_impacted_original_chunk0049.jsonl","statePath":"EXP/20260504T161429Z/observation_impacted_original_chunk0049.state.json","exported":0,"completed":true,"skipped":false},{"chunkNo":50,"from":49000,"to":49999,"mapRows":1000,"outPath":"EXP/20260504T161429Z/observation_impacted_original_chunk0050.jsonl","statePath":"EXP/20260504T161429Z/observation_impacted_original_chunk0050.state.json","exported":0,"completed":true,"skipped":false},{"chunkNo":51,"from":50000,"to":50999,"mapRows":1000,"outPath":"EXP/20260504T161429Z/observation_impacted_original_chunk0051.jsonl","statePath":"EXP/20260504T161429Z/observation_impacted_original_chunk0051.state.json","exported":0,"completed":true,"skipped":false},{"chunkNo":52,"from":51000,"to":51999,"mapRows":1000,"outPath":"EXP/20260504T161429Z/observation_impacted_original_chunk0052.jsonl","statePath":"EXP/20260504T161429Z/observation_impacted_original_chunk0052.state.json","exported":0,"completed":true,"skipped":false},{"chunkNo":53,"from":52000,"to":52999,"mapRows":1000,"outPath":"EXP/20260504T161429Z/observation_impacted_original_chunk0053.jsonl","statePath":"EXP/20260504T161429Z/observation_impacted_original_chunk0053.state.json","exported":0,"completed":true,"skipped":false},{"chunkNo":54,"from":53000,"to":53999,"mapRows":1000,"outPath":"EXP/20260504T161429Z/observation_impacted_original_chunk0054.jsonl","statePath":"EXP/20260504T161429Z/observation_impacted_original_chunk0054.state.json","exported":0,"completed":true,"skipped":false},{"chunkNo":55,"from":54000,"to":54999,"mapRows":1000,"outPath":"EXP/20260504T161429Z/observation_impacted_original_chunk0055.jsonl","statePath":"EXP/20260504T161429Z/observation_impacted_original_chunk0055.state.json","exported":0,"completed":true,"skipped":false},{"chunkNo":56,"from":55000,"to":55999,"mapRows":1000,"outPath":"EXP/20260504T161429Z/observation_impacted_original_chunk0056.jsonl","statePath":"EXP/20260504T161429Z/observation_impacted_original_chunk0056.state.json","exported":0,"completed":true,"skipped":false},{"chunkNo":57,"from":56000,"to":56999,"mapRows":1000,"outPath":"EXP/20260504T161429Z/observation_impacted_original_chunk0057.jsonl","statePath":"EXP/20260504T161429Z/observation_impacted_original_chunk0057.state.json","exported":0,"completed":true,"skipped":false},{"chunkNo":58,"from":57000,"to":57999,"mapRows":1000,"outPath":"EXP/20260504T161429Z/observation_impacted_original_chunk0058.jsonl","statePath":"EXP/20260504T161429Z/observation_impacted_original_chunk0058.state.json","exported":0,"completed":true,"skipped":false},{"chunkNo":59,"from":58000,"to":58999,"mapRows":1000,"outPath":"EXP/20260504T161429Z/observation_impacted_original_chunk0059.jsonl","statePath":"EXP/20260504T161429Z/observation_impacted_original_chunk0059.state.json","exported":0,"completed":true,"skipped":false},{"chunkNo":60,"from":59000,"to":59999,"mapRows":1000,"outPath":"EXP/20260504T161429Z/observation_impacted_original_chunk0060.jsonl","statePath":"EXP/20260504T161429Z/observation_impacted_original_chunk0060.state.json","exported":0,"completed":true,"skipped":false},{"chunkNo":61,"from":60000,"to":60999,"mapRows":1000,"outPath":"EXP/20260504T161429Z/observation_impacted_original_chunk0061.jsonl","statePath":"EXP/20260504T161429Z/observation_impacted_original_chunk0061.state.json","exported":0,"completed":true,"skipped":false},{"chunkNo":62,"from":61000,"to":61999,"mapRows":1000,"outPath":"EXP/20260504T161429Z/observation_impacted_original_chunk0062.jsonl","statePath":"EXP/20260504T161429Z/observation_impacted_original_chunk0062.state.json","exported":0,"completed":true,"skipped":false},{"chunkNo":63,"from":62000,"to":62999,"mapRows":1000,"outPath":"EXP/20260504T161429Z/observation_impacted_original_chunk0063.jsonl","statePath":"EXP/20260504T161429Z/observation_impacted_original_chunk0063.state.json","exported":0,"completed":true,"skipped":false},{"chunkNo":64,"from":63000,"to":63999,"mapRows":1000,"outPath":"EXP/20260504T161429Z/observation_impacted_original_chunk0064.jsonl","statePath":"EXP/20260504T161429Z/observation_impacted_original_chunk0064.state.json","exported":0,"completed":true,"skipped":false},{"chunkNo":65,"from":64000,"to":64999,"mapRows":1000,"outPath":"EXP/20260504T161429Z/observation_impacted_original_chunk0065.jsonl","statePath":"EXP/20260504T161429Z/observation_impacted_original_chunk0065.state.json","exported":0,"completed":true,"skipped":false},{"chunkNo":66,"from":65000,"to":65999,"mapRows":1000,"outPath":"EXP/20260504T161429Z/observation_impacted_original_chunk0066.jsonl","statePath":"EXP/20260504T161429Z/observation_impacted_original_chunk0066.state.json","exported":0,"completed":true,"skipped":false},{"chunkNo":67,"from":66000,"to":66999,"mapRows":1000,"outPath":"EXP/20260504T161429Z/observation_impacted_original_chunk0067.jsonl","statePath":"EXP/20260504T161429Z/observation_impacted_original_chunk0067.state.json","exported":0,"completed":true,"skipped":false},{"chunkNo":68,"from":67000,"to":67999,"mapRows":1000,"outPath":"EXP/20260504T161429Z/observation_impacted_original_chunk0068.jsonl","statePath":"EXP/20260504T161429Z/observation_impacted_original_chunk0068.state.json","exported":0,"completed":true,"skipped":false},{"chunkNo":69,"from":68000,"to":68999,"mapRows":1000,"outPath":"EXP/20260504T161429Z/observation_impacted_original_chunk0069.jsonl","statePath":"EXP/20260504T161429Z/observation_impacted_original_chunk0069.state.json","exported":0,"completed":true,"skipped":false},{"chunkNo":70,"from":69000,"to":69999,"mapRows":1000,"outPath":"EXP/20260504T161429Z/observation_impacted_original_chunk0070.jsonl","statePath":"EXP/20260504T161429Z/observation_impacted_original_chunk0070.state.json","exported":0,"completed":true,"skipped":false},{"chunkNo":71,"from":70000,"to":70999,"mapRows":1000,"outPath":"EXP/20260504T161429Z/observation_impacted_original_chunk0071.jsonl","statePath":"EXP/20260504T161429Z/observation_impacted_original_chunk0071.state.json","exported":0,"completed":true,"skipped":false},{"chunkNo":72,"from":71000,"to":71999,"mapRows":1000,"outPath":"EXP/20260504T161429Z/observation_impacted_original_chunk0072.jsonl","statePath":"EXP/20260504T161429Z/observation_impacted_original_chunk0072.state.json","exported":0,"completed":true,"skipped":false},{"chunkNo":73,"from":72000,"to":72999,"mapRows":1000,"outPath":"EXP/20260504T161429Z/observation_impacted_original_chunk0073.jsonl","statePath":"EXP/20260504T161429Z/observation_impacted_original_chunk0073.state.json","exported":0,"completed":true,"skipped":false},{"chunkNo":74,"from":73000,"to":73999,"mapRows":1000,"outPath":"EXP/20260504T161429Z/observation_impacted_original_chunk0074.jsonl","statePath":"EXP/20260504T161429Z/observation_impacted_original_chunk0074.state.json","exported":0,"completed":true,"skipped":false},{"chunkNo":75,"from":74000,"to":74999,"mapRows":1000,"outPath":"EXP/20260504T161429Z/observation_impacted_original_chunk0075.jsonl","statePath":"EXP/20260504T161429Z/observation_impacted_original_chunk0075.state.json","exported":0,"completed":true,"skipped":false},{"chunkNo":76,"from":75000,"to":75999,"mapRows":1000,"outPath":"EXP/20260504T161429Z/observation_impacted_original_chunk0076.jsonl","statePath":"EXP/20260504T161429Z/observation_impacted_original_chunk0076.state.json","exported":0,"completed":true,"skipped":false},{"chunkNo":77,"from":76000,"to":76999,"mapRows":1000,"outPath":"EXP/20260504T161429Z/observation_impacted_original_chunk0077.jsonl","statePath":"EXP/20260504T161429Z/observation_impacted_original_chunk0077.state.json","exported":0,"completed":true,"skipped":false},{"chunkNo":78,"from":77000,"to":77969,"mapRows":970,"outPath":"EXP/20260504T161429Z/observation_impacted_original_chunk0078.jsonl","statePath":"EXP/20260504T161429Z/observation_impacted_original_chunk0078.state.json","exported":0,"completed":true,"skipped":false}]},"ts":"2026-05-04T16:19:59.893Z"}
{"type":"result","script":"026_04_importazione_prod_match_observation_by_keys_replace_client_side.js","runId":"20260504T161429Z","stepId":42,"dbName":"hc40-index-bonifica","inDir":"EXP/20260504T161429Z","filePrefix":"observation_impacted_chunk","fileSuffix":".jsonl","maxFiles":0,"collection":"observation_impacted_modified","mode":"insert","batch":1000,"dropBefore":true,"totals":{"files":78,"totalLines":5306,"emptyLines":0,"parsedDocs":5306,"bulks":6,"opsExecuted":5306,"inserted":5306,"upserted":0,"modified":0},"finalCollCount":5306,"ts":"2026-05-04T16:20:20.127Z"}
{"type":"result","script":"026_04B_importazione_prod_match_observation_by_keys_original.js","runId":"20260504T161429Z","stepId":43,"dbName":"hc40-index-bonifica","inDir":"EXP/20260504T161429Z","filePrefix":"observation_impacted_original_chunk","fileSuffix":".jsonl","maxFiles":0,"collection":"observation_impacted_original","mode":"insert","batch":1000,"dropBefore":true,"totals":{"files":78,"totalLines":5306,"emptyLines":0,"parsedDocs":5306,"bulks":6,"opsExecuted":5306,"inserted":5306,"upserted":0,"modified":0},"finalCollCount":5306,"ts":"2026-05-04T16:20:40.281Z"}
{"type":"result","script":"066_03_esportazione_su_file_prod_match_bundle_by_keys_replace.js","runId":"20260504T161429Z","stepId":49,"dbName":"hc40-index-bonifica","expDir":"./EXP","outDir":"EXP/20260504T161429Z","outBase":"bundle_impacted","outExt":".jsonl","logPath":"EXP/20260504T161429Z/bundle_impacted.log","mapPath":"EXP/20260504T161429Z/sio_ihub_hc40_adt_keys_map.js","mapConstName":"SIO_IHUB_HC40_ADT_KEYS","globalStatePath":"EXP/20260504T161429Z/bundle_impacted.chunks.state.json","debug":false,"debugDocId":null,"debugNoWrite":false,"mapChunkSize":1000,"batchSize":2000,"logEvery":1000,"matchName":"Encounter.id","hintName":"attribute_search.name_1_attribute_search.value_1__id_1","summary":{"totalPairs":77970,"chunkSize":1000,"chunkCount":78,"completedChunksBefore":[],"completedChunksAfter":[1,2,3,4,5,6,7,8,9,10,11,12,13,14,15,16,17,18,19,20,21,22,23,24,25,26,27,28,29,30,31,32,33,34,35,36,37,38,39,40,41,42,43,44,45,46,47,48,49,50,51,52,53,54,55,56,57,58,59,60,61,62,63,64,65,66,67,68,69,70,71,72,73,74,75,76,77,78],"totalExportedDocs":1283,"totalReplDirect":18670,"totalReplPipeSuffix":0,"chunks":[{"chunkNo":1,"from":0,"to":999,"mapRows":1000,"outPath":"EXP/20260504T161429Z/bundle_impacted_chunk0001.jsonl","statePath":"EXP/20260504T161429Z/bundle_impacted_chunk0001.state.json","exported":1283,"replDirect":18670,"replPipeSuffix":0,"completed":true,"skipped":false},{"chunkNo":2,"from":1000,"to":1999,"mapRows":1000,"outPath":"EXP/20260504T161429Z/bundle_impacted_chunk0002.jsonl","statePath":"EXP/20260504T161429Z/bundle_impacted_chunk0002.state.json","exported":0,"replDirect":0,"replPipeSuffix":0,"completed":true,"skipped":false},{"chunkNo":3,"from":2000,"to":2999,"mapRows":1000,"outPath":"EXP/20260504T161429Z/bundle_impacted_chunk0003.jsonl","statePath":"EXP/20260504T161429Z/bundle_impacted_chunk0003.state.json","exported":0,"replDirect":0,"replPipeSuffix":0,"completed":true,"skipped":false},{"chunkNo":4,"from":3000,"to":3999,"mapRows":1000,"outPath":"EXP/20260504T161429Z/bundle_impacted_chunk0004.jsonl","statePath":"EXP/20260504T161429Z/bundle_impacted_chunk0004.state.json","exported":0,"replDirect":0,"replPipeSuffix":0,"completed":true,"skipped":false},{"chunkNo":5,"from":4000,"to":4999,"mapRows":1000,"outPath":"EXP/20260504T161429Z/bundle_impacted_chunk0005.jsonl","statePath":"EXP/20260504T161429Z/bundle_impacted_chunk0005.state.json","exported":0,"replDirect":0,"replPipeSuffix":0,"completed":true,"skipped":false},{"chunkNo":6,"from":5000,"to":5999,"mapRows":1000,"outPath":"EXP/20260504T161429Z/bundle_impacted_chunk0006.jsonl","statePath":"EXP/20260504T161429Z/bundle_impacted_chunk0006.state.json","exported":0,"replDirect":0,"replPipeSuffix":0,"completed":true,"skipped":false},{"chunkNo":7,"from":6000,"to":6999,"mapRows":1000,"outPath":"EXP/20260504T161429Z/bundle_impacted_chunk0007.jsonl","statePath":"EXP/20260504T161429Z/bundle_impacted_chunk0007.state.json","exported":0,"replDirect":0,"replPipeSuffix":0,"completed":true,"skipped":false},{"chunkNo":8,"from":7000,"to":7999,"mapRows":1000,"outPath":"EXP/20260504T161429Z/bundle_impacted_chunk0008.jsonl","statePath":"EXP/20260504T161429Z/bundle_impacted_chunk0008.state.json","exported":0,"replDirect":0,"replPipeSuffix":0,"completed":true,"skipped":false},{"chunkNo":9,"from":8000,"to":8999,"mapRows":1000,"outPath":"EXP/20260504T161429Z/bundle_impacted_chunk0009.jsonl","statePath":"EXP/20260504T161429Z/bundle_impacted_chunk0009.state.json","exported":0,"replDirect":0,"replPipeSuffix":0,"completed":true,"skipped":false},{"chunkNo":10,"from":9000,"to":9999,"mapRows":1000,"outPath":"EXP/20260504T161429Z/bundle_impacted_chunk0010.jsonl","statePath":"EXP/20260504T161429Z/bundle_impacted_chunk0010.state.json","exported":0,"replDirect":0,"replPipeSuffix":0,"completed":true,"skipped":false},{"chunkNo":11,"from":10000,"to":10999,"mapRows":1000,"outPath":"EXP/20260504T161429Z/bundle_impacted_chunk0011.jsonl","statePath":"EXP/20260504T161429Z/bundle_impacted_chunk0011.state.json","exported":0,"replDirect":0,"replPipeSuffix":0,"completed":true,"skipped":false},{"chunkNo":12,"from":11000,"to":11999,"mapRows":1000,"outPath":"EXP/20260504T161429Z/bundle_impacted_chunk0012.jsonl","statePath":"EXP/20260504T161429Z/bundle_impacted_chunk0012.state.json","exported":0,"replDirect":0,"replPipeSuffix":0,"completed":true,"skipped":false},{"chunkNo":13,"from":12000,"to":12999,"mapRows":1000,"outPath":"EXP/20260504T161429Z/bundle_impacted_chunk0013.jsonl","statePath":"EXP/20260504T161429Z/bundle_impacted_chunk0013.state.json","exported":0,"replDirect":0,"replPipeSuffix":0,"completed":true,"skipped":false},{"chunkNo":14,"from":13000,"to":13999,"mapRows":1000,"outPath":"EXP/20260504T161429Z/bundle_impacted_chunk0014.jsonl","statePath":"EXP/20260504T161429Z/bundle_impacted_chunk0014.state.json","exported":0,"replDirect":0,"replPipeSuffix":0,"completed":true,"skipped":false},{"chunkNo":15,"from":14000,"to":14999,"mapRows":1000,"outPath":"EXP/20260504T161429Z/bundle_impacted_chunk0015.jsonl","statePath":"EXP/20260504T161429Z/bundle_impacted_chunk0015.state.json","exported":0,"replDirect":0,"replPipeSuffix":0,"completed":true,"skipped":false},{"chunkNo":16,"from":15000,"to":15999,"mapRows":1000,"outPath":"EXP/20260504T161429Z/bundle_impacted_chunk0016.jsonl","statePath":"EXP/20260504T161429Z/bundle_impacted_chunk0016.state.json","exported":0,"replDirect":0,"replPipeSuffix":0,"completed":true,"skipped":false},{"chunkNo":17,"from":16000,"to":16999,"mapRows":1000,"outPath":"EXP/20260504T161429Z/bundle_impacted_chunk0017.jsonl","statePath":"EXP/20260504T161429Z/bundle_impacted_chunk0017.state.json","exported":0,"replDirect":0,"replPipeSuffix":0,"completed":true,"skipped":false},{"chunkNo":18,"from":17000,"to":17999,"mapRows":1000,"outPath":"EXP/20260504T161429Z/bundle_impacted_chunk0018.jsonl","statePath":"EXP/20260504T161429Z/bundle_impacted_chunk0018.state.json","exported":0,"replDirect":0,"replPipeSuffix":0,"completed":true,"skipped":false},{"chunkNo":19,"from":18000,"to":18999,"mapRows":1000,"outPath":"EXP/20260504T161429Z/bundle_impacted_chunk0019.jsonl","statePath":"EXP/20260504T161429Z/bundle_impacted_chunk0019.state.json","exported":0,"replDirect":0,"replPipeSuffix":0,"completed":true,"skipped":false},{"chunkNo":20,"from":19000,"to":19999,"mapRows":1000,"outPath":"EXP/20260504T161429Z/bundle_impacted_chunk0020.jsonl","statePath":"EXP/20260504T161429Z/bundle_impacted_chunk0020.state.json","exported":0,"replDirect":0,"replPipeSuffix":0,"completed":true,"skipped":false},{"chunkNo":21,"from":20000,"to":20999,"mapRows":1000,"outPath":"EXP/20260504T161429Z/bundle_impacted_chunk0021.jsonl","statePath":"EXP/20260504T161429Z/bundle_impacted_chunk0021.state.json","exported":0,"replDirect":0,"replPipeSuffix":0,"completed":true,"skipped":false},{"chunkNo":22,"from":21000,"to":21999,"mapRows":1000,"outPath":"EXP/20260504T161429Z/bundle_impacted_chunk0022.jsonl","statePath":"EXP/20260504T161429Z/bundle_impacted_chunk0022.state.json","exported":0,"replDirect":0,"replPipeSuffix":0,"completed":true,"skipped":false},{"chunkNo":23,"from":22000,"to":22999,"mapRows":1000,"outPath":"EXP/20260504T161429Z/bundle_impacted_chunk0023.jsonl","statePath":"EXP/20260504T161429Z/bundle_impacted_chunk0023.state.json","exported":0,"replDirect":0,"replPipeSuffix":0,"completed":true,"skipped":false},{"chunkNo":24,"from":23000,"to":23999,"mapRows":1000,"outPath":"EXP/20260504T161429Z/bundle_impacted_chunk0024.jsonl","statePath":"EXP/20260504T161429Z/bundle_impacted_chunk0024.state.json","exported":0,"replDirect":0,"replPipeSuffix":0,"completed":true,"skipped":false},{"chunkNo":25,"from":24000,"to":24999,"mapRows":1000,"outPath":"EXP/20260504T161429Z/bundle_impacted_chunk0025.jsonl","statePath":"EXP/20260504T161429Z/bundle_impacted_chunk0025.state.json","exported":0,"replDirect":0,"replPipeSuffix":0,"completed":true,"skipped":false},{"chunkNo":26,"from":25000,"to":25999,"mapRows":1000,"outPath":"EXP/20260504T161429Z/bundle_impacted_chunk0026.jsonl","statePath":"EXP/20260504T161429Z/bundle_impacted_chunk0026.state.json","exported":0,"replDirect":0,"replPipeSuffix":0,"completed":true,"skipped":false},{"chunkNo":27,"from":26000,"to":26999,"mapRows":1000,"outPath":"EXP/20260504T161429Z/bundle_impacted_chunk0027.jsonl","statePath":"EXP/20260504T161429Z/bundle_impacted_chunk0027.state.json","exported":0,"replDirect":0,"replPipeSuffix":0,"completed":true,"skipped":false},{"chunkNo":28,"from":27000,"to":27999,"mapRows":1000,"outPath":"EXP/20260504T161429Z/bundle_impacted_chunk0028.jsonl","statePath":"EXP/20260504T161429Z/bundle_impacted_chunk0028.state.json","exported":0,"replDirect":0,"replPipeSuffix":0,"completed":true,"skipped":false},{"chunkNo":29,"from":28000,"to":28999,"mapRows":1000,"outPath":"EXP/20260504T161429Z/bundle_impacted_chunk0029.jsonl","statePath":"EXP/20260504T161429Z/bundle_impacted_chunk0029.state.json","exported":0,"replDirect":0,"replPipeSuffix":0,"completed":true,"skipped":false},{"chunkNo":30,"from":29000,"to":29999,"mapRows":1000,"outPath":"EXP/20260504T161429Z/bundle_impacted_chunk0030.jsonl","statePath":"EXP/20260504T161429Z/bundle_impacted_chunk0030.state.json","exported":0,"replDirect":0,"replPipeSuffix":0,"completed":true,"skipped":false},{"chunkNo":31,"from":30000,"to":30999,"mapRows":1000,"outPath":"EXP/20260504T161429Z/bundle_impacted_chunk0031.jsonl","statePath":"EXP/20260504T161429Z/bundle_impacted_chunk0031.state.json","exported":0,"replDirect":0,"replPipeSuffix":0,"completed":true,"skipped":false},{"chunkNo":32,"from":31000,"to":31999,"mapRows":1000,"outPath":"EXP/20260504T161429Z/bundle_impacted_chunk0032.jsonl","statePath":"EXP/20260504T161429Z/bundle_impacted_chunk0032.state.json","exported":0,"replDirect":0,"replPipeSuffix":0,"completed":true,"skipped":false},{"chunkNo":33,"from":32000,"to":32999,"mapRows":1000,"outPath":"EXP/20260504T161429Z/bundle_impacted_chunk0033.jsonl","statePath":"EXP/20260504T161429Z/bundle_impacted_chunk0033.state.json","exported":0,"replDirect":0,"replPipeSuffix":0,"completed":true,"skipped":false},{"chunkNo":34,"from":33000,"to":33999,"mapRows":1000,"outPath":"EXP/20260504T161429Z/bundle_impacted_chunk0034.jsonl","statePath":"EXP/20260504T161429Z/bundle_impacted_chunk0034.state.json","exported":0,"replDirect":0,"replPipeSuffix":0,"completed":true,"skipped":false},{"chunkNo":35,"from":34000,"to":34999,"mapRows":1000,"outPath":"EXP/20260504T161429Z/bundle_impacted_chunk0035.jsonl","statePath":"EXP/20260504T161429Z/bundle_impacted_chunk0035.state.json","exported":0,"replDirect":0,"replPipeSuffix":0,"completed":true,"skipped":false},{"chunkNo":36,"from":35000,"to":35999,"mapRows":1000,"outPath":"EXP/20260504T161429Z/bundle_impacted_chunk0036.jsonl","statePath":"EXP/20260504T161429Z/bundle_impacted_chunk0036.state.json","exported":0,"replDirect":0,"replPipeSuffix":0,"completed":true,"skipped":false},{"chunkNo":37,"from":36000,"to":36999,"mapRows":1000,"outPath":"EXP/20260504T161429Z/bundle_impacted_chunk0037.jsonl","statePath":"EXP/20260504T161429Z/bundle_impacted_chunk0037.state.json","exported":0,"replDirect":0,"replPipeSuffix":0,"completed":true,"skipped":false},{"chunkNo":38,"from":37000,"to":37999,"mapRows":1000,"outPath":"EXP/20260504T161429Z/bundle_impacted_chunk0038.jsonl","statePath":"EXP/20260504T161429Z/bundle_impacted_chunk0038.state.json","exported":0,"replDirect":0,"replPipeSuffix":0,"completed":true,"skipped":false},{"chunkNo":39,"from":38000,"to":38999,"mapRows":1000,"outPath":"EXP/20260504T161429Z/bundle_impacted_chunk0039.jsonl","statePath":"EXP/20260504T161429Z/bundle_impacted_chunk0039.state.json","exported":0,"replDirect":0,"replPipeSuffix":0,"completed":true,"skipped":false},{"chunkNo":40,"from":39000,"to":39999,"mapRows":1000,"outPath":"EXP/20260504T161429Z/bundle_impacted_chunk0040.jsonl","statePath":"EXP/20260504T161429Z/bundle_impacted_chunk0040.state.json","exported":0,"replDirect":0,"replPipeSuffix":0,"completed":true,"skipped":false},{"chunkNo":41,"from":40000,"to":40999,"mapRows":1000,"outPath":"EXP/20260504T161429Z/bundle_impacted_chunk0041.jsonl","statePath":"EXP/20260504T161429Z/bundle_impacted_chunk0041.state.json","exported":0,"replDirect":0,"replPipeSuffix":0,"completed":true,"skipped":false},{"chunkNo":42,"from":41000,"to":41999,"mapRows":1000,"outPath":"EXP/20260504T161429Z/bundle_impacted_chunk0042.jsonl","statePath":"EXP/20260504T161429Z/bundle_impacted_chunk0042.state.json","exported":0,"replDirect":0,"replPipeSuffix":0,"completed":true,"skipped":false},{"chunkNo":43,"from":42000,"to":42999,"mapRows":1000,"outPath":"EXP/20260504T161429Z/bundle_impacted_chunk0043.jsonl","statePath":"EXP/20260504T161429Z/bundle_impacted_chunk0043.state.json","exported":0,"replDirect":0,"replPipeSuffix":0,"completed":true,"skipped":false},{"chunkNo":44,"from":43000,"to":43999,"mapRows":1000,"outPath":"EXP/20260504T161429Z/bundle_impacted_chunk0044.jsonl","statePath":"EXP/20260504T161429Z/bundle_impacted_chunk0044.state.json","exported":0,"replDirect":0,"replPipeSuffix":0,"completed":true,"skipped":false},{"chunkNo":45,"from":44000,"to":44999,"mapRows":1000,"outPath":"EXP/20260504T161429Z/bundle_impacted_chunk0045.jsonl","statePath":"EXP/20260504T161429Z/bundle_impacted_chunk0045.state.json","exported":0,"replDirect":0,"replPipeSuffix":0,"completed":true,"skipped":false},{"chunkNo":46,"from":45000,"to":45999,"mapRows":1000,"outPath":"EXP/20260504T161429Z/bundle_impacted_chunk0046.jsonl","statePath":"EXP/20260504T161429Z/bundle_impacted_chunk0046.state.json","exported":0,"replDirect":0,"replPipeSuffix":0,"completed":true,"skipped":false},{"chunkNo":47,"from":46000,"to":46999,"mapRows":1000,"outPath":"EXP/20260504T161429Z/bundle_impacted_chunk0047.jsonl","statePath":"EXP/20260504T161429Z/bundle_impacted_chunk0047.state.json","exported":0,"replDirect":0,"replPipeSuffix":0,"completed":true,"skipped":false},{"chunkNo":48,"from":47000,"to":47999,"mapRows":1000,"outPath":"EXP/20260504T161429Z/bundle_impacted_chunk0048.jsonl","statePath":"EXP/20260504T161429Z/bundle_impacted_chunk0048.state.json","exported":0,"replDirect":0,"replPipeSuffix":0,"completed":true,"skipped":false},{"chunkNo":49,"from":48000,"to":48999,"mapRows":1000,"outPath":"EXP/20260504T161429Z/bundle_impacted_chunk0049.jsonl","statePath":"EXP/20260504T161429Z/bundle_impacted_chunk0049.state.json","exported":0,"replDirect":0,"replPipeSuffix":0,"completed":true,"skipped":false},{"chunkNo":50,"from":49000,"to":49999,"mapRows":1000,"outPath":"EXP/20260504T161429Z/bundle_impacted_chunk0050.jsonl","statePath":"EXP/20260504T161429Z/bundle_impacted_chunk0050.state.json","exported":0,"replDirect":0,"replPipeSuffix":0,"completed":true,"skipped":false},{"chunkNo":51,"from":50000,"to":50999,"mapRows":1000,"outPath":"EXP/20260504T161429Z/bundle_impacted_chunk0051.jsonl","statePath":"EXP/20260504T161429Z/bundle_impacted_chunk0051.state.json","exported":0,"replDirect":0,"replPipeSuffix":0,"completed":true,"skipped":false},{"chunkNo":52,"from":51000,"to":51999,"mapRows":1000,"outPath":"EXP/20260504T161429Z/bundle_impacted_chunk0052.jsonl","statePath":"EXP/20260504T161429Z/bundle_impacted_chunk0052.state.json","exported":0,"replDirect":0,"replPipeSuffix":0,"completed":true,"skipped":false},{"chunkNo":53,"from":52000,"to":52999,"mapRows":1000,"outPath":"EXP/20260504T161429Z/bundle_impacted_chunk0053.jsonl","statePath":"EXP/20260504T161429Z/bundle_impacted_chunk0053.state.json","exported":0,"replDirect":0,"replPipeSuffix":0,"completed":true,"skipped":false},{"chunkNo":54,"from":53000,"to":53999,"mapRows":1000,"outPath":"EXP/20260504T161429Z/bundle_impacted_chunk0054.jsonl","statePath":"EXP/20260504T161429Z/bundle_impacted_chunk0054.state.json","exported":0,"replDirect":0,"replPipeSuffix":0,"completed":true,"skipped":false},{"chunkNo":55,"from":54000,"to":54999,"mapRows":1000,"outPath":"EXP/20260504T161429Z/bundle_impacted_chunk0055.jsonl","statePath":"EXP/20260504T161429Z/bundle_impacted_chunk0055.state.json","exported":0,"replDirect":0,"replPipeSuffix":0,"completed":true,"skipped":false},{"chunkNo":56,"from":55000,"to":55999,"mapRows":1000,"outPath":"EXP/20260504T161429Z/bundle_impacted_chunk0056.jsonl","statePath":"EXP/20260504T161429Z/bundle_impacted_chunk0056.state.json","exported":0,"replDirect":0,"replPipeSuffix":0,"completed":true,"skipped":false},{"chunkNo":57,"from":56000,"to":56999,"mapRows":1000,"outPath":"EXP/20260504T161429Z/bundle_impacted_chunk0057.jsonl","statePath":"EXP/20260504T161429Z/bundle_impacted_chunk0057.state.json","exported":0,"replDirect":0,"replPipeSuffix":0,"completed":true,"skipped":false},{"chunkNo":58,"from":57000,"to":57999,"mapRows":1000,"outPath":"EXP/20260504T161429Z/bundle_impacted_chunk0058.jsonl","statePath":"EXP/20260504T161429Z/bundle_impacted_chunk0058.state.json","exported":0,"replDirect":0,"replPipeSuffix":0,"completed":true,"skipped":false},{"chunkNo":59,"from":58000,"to":58999,"mapRows":1000,"outPath":"EXP/20260504T161429Z/bundle_impacted_chunk0059.jsonl","statePath":"EXP/20260504T161429Z/bundle_impacted_chunk0059.state.json","exported":0,"replDirect":0,"replPipeSuffix":0,"completed":true,"skipped":false},{"chunkNo":60,"from":59000,"to":59999,"mapRows":1000,"outPath":"EXP/20260504T161429Z/bundle_impacted_chunk0060.jsonl","statePath":"EXP/20260504T161429Z/bundle_impacted_chunk0060.state.json","exported":0,"replDirect":0,"replPipeSuffix":0,"completed":true,"skipped":false},{"chunkNo":61,"from":60000,"to":60999,"mapRows":1000,"outPath":"EXP/20260504T161429Z/bundle_impacted_chunk0061.jsonl","statePath":"EXP/20260504T161429Z/bundle_impacted_chunk0061.state.json","exported":0,"replDirect":0,"replPipeSuffix":0,"completed":true,"skipped":false},{"chunkNo":62,"from":61000,"to":61999,"mapRows":1000,"outPath":"EXP/20260504T161429Z/bundle_impacted_chunk0062.jsonl","statePath":"EXP/20260504T161429Z/bundle_impacted_chunk0062.state.json","exported":0,"replDirect":0,"replPipeSuffix":0,"completed":true,"skipped":false},{"chunkNo":63,"from":62000,"to":62999,"mapRows":1000,"outPath":"EXP/20260504T161429Z/bundle_impacted_chunk0063.jsonl","statePath":"EXP/20260504T161429Z/bundle_impacted_chunk0063.state.json","exported":0,"replDirect":0,"replPipeSuffix":0,"completed":true,"skipped":false},{"chunkNo":64,"from":63000,"to":63999,"mapRows":1000,"outPath":"EXP/20260504T161429Z/bundle_impacted_chunk0064.jsonl","statePath":"EXP/20260504T161429Z/bundle_impacted_chunk0064.state.json","exported":0,"replDirect":0,"replPipeSuffix":0,"completed":true,"skipped":false},{"chunkNo":65,"from":64000,"to":64999,"mapRows":1000,"outPath":"EXP/20260504T161429Z/bundle_impacted_chunk0065.jsonl","statePath":"EXP/20260504T161429Z/bundle_impacted_chunk0065.state.json","exported":0,"replDirect":0,"replPipeSuffix":0,"completed":true,"skipped":false},{"chunkNo":66,"from":65000,"to":65999,"mapRows":1000,"outPath":"EXP/20260504T161429Z/bundle_impacted_chunk0066.jsonl","statePath":"EXP/20260504T161429Z/bundle_impacted_chunk0066.state.json","exported":0,"replDirect":0,"replPipeSuffix":0,"completed":true,"skipped":false},{"chunkNo":67,"from":66000,"to":66999,"mapRows":1000,"outPath":"EXP/20260504T161429Z/bundle_impacted_chunk0067.jsonl","statePath":"EXP/20260504T161429Z/bundle_impacted_chunk0067.state.json","exported":0,"replDirect":0,"replPipeSuffix":0,"completed":true,"skipped":false},{"chunkNo":68,"from":67000,"to":67999,"mapRows":1000,"outPath":"EXP/20260504T161429Z/bundle_impacted_chunk0068.jsonl","statePath":"EXP/20260504T161429Z/bundle_impacted_chunk0068.state.json","exported":0,"replDirect":0,"replPipeSuffix":0,"completed":true,"skipped":false},{"chunkNo":69,"from":68000,"to":68999,"mapRows":1000,"outPath":"EXP/20260504T161429Z/bundle_impacted_chunk0069.jsonl","statePath":"EXP/20260504T161429Z/bundle_impacted_chunk0069.state.json","exported":0,"replDirect":0,"replPipeSuffix":0,"completed":true,"skipped":false},{"chunkNo":70,"from":69000,"to":69999,"mapRows":1000,"outPath":"EXP/20260504T161429Z/bundle_impacted_chunk0070.jsonl","statePath":"EXP/20260504T161429Z/bundle_impacted_chunk0070.state.json","exported":0,"replDirect":0,"replPipeSuffix":0,"completed":true,"skipped":false},{"chunkNo":71,"from":70000,"to":70999,"mapRows":1000,"outPath":"EXP/20260504T161429Z/bundle_impacted_chunk0071.jsonl","statePath":"EXP/20260504T161429Z/bundle_impacted_chunk0071.state.json","exported":0,"replDirect":0,"replPipeSuffix":0,"completed":true,"skipped":false},{"chunkNo":72,"from":71000,"to":71999,"mapRows":1000,"outPath":"EXP/20260504T161429Z/bundle_impacted_chunk0072.jsonl","statePath":"EXP/20260504T161429Z/bundle_impacted_chunk0072.state.json","exported":0,"replDirect":0,"replPipeSuffix":0,"completed":true,"skipped":false},{"chunkNo":73,"from":72000,"to":72999,"mapRows":1000,"outPath":"EXP/20260504T161429Z/bundle_impacted_chunk0073.jsonl","statePath":"EXP/20260504T161429Z/bundle_impacted_chunk0073.state.json","exported":0,"replDirect":0,"replPipeSuffix":0,"completed":true,"skipped":false},{"chunkNo":74,"from":73000,"to":73999,"mapRows":1000,"outPath":"EXP/20260504T161429Z/bundle_impacted_chunk0074.jsonl","statePath":"EXP/20260504T161429Z/bundle_impacted_chunk0074.state.json","exported":0,"replDirect":0,"replPipeSuffix":0,"completed":true,"skipped":false},{"chunkNo":75,"from":74000,"to":74999,"mapRows":1000,"outPath":"EXP/20260504T161429Z/bundle_impacted_chunk0075.jsonl","statePath":"EXP/20260504T161429Z/bundle_impacted_chunk0075.state.json","exported":0,"replDirect":0,"replPipeSuffix":0,"completed":true,"skipped":false},{"chunkNo":76,"from":75000,"to":75999,"mapRows":1000,"outPath":"EXP/20260504T161429Z/bundle_impacted_chunk0076.jsonl","statePath":"EXP/20260504T161429Z/bundle_impacted_chunk0076.state.json","exported":0,"replDirect":0,"replPipeSuffix":0,"completed":true,"skipped":false},{"chunkNo":77,"from":76000,"to":76999,"mapRows":1000,"outPath":"EXP/20260504T161429Z/bundle_impacted_chunk0077.jsonl","statePath":"EXP/20260504T161429Z/bundle_impacted_chunk0077.state.json","exported":0,"replDirect":0,"replPipeSuffix":0,"completed":true,"skipped":false},{"chunkNo":78,"from":77000,"to":77969,"mapRows":970,"outPath":"EXP/20260504T161429Z/bundle_impacted_chunk0078.jsonl","statePath":"EXP/20260504T161429Z/bundle_impacted_chunk0078.state.json","exported":0,"replDirect":0,"replPipeSuffix":0,"completed":true,"skipped":false}]},"ts":"2026-05-04T16:20:59.011Z"}
{"type":"result","script":"066_03B_esportazione_su_file_prod_match_bundle_by_keys_original.js","runId":"20260504T161429Z","stepId":50,"dbName":"hc40-index-bonifica","expDir":"./EXP","outDir":"EXP/20260504T161429Z","outBase":"bundle_impacted_original","outExt":".jsonl","logPath":"EXP/20260504T161429Z/bundle_impacted_original.log","mapPath":"EXP/20260504T161429Z/sio_ihub_hc40_adt_keys_map.js","mapConstName":"SIO_IHUB_HC40_ADT_KEYS","globalStatePath":"EXP/20260504T161429Z/bundle_impacted_original.chunks.state.json","debug":false,"debugDocId":null,"debugNoWrite":false,"mapChunkSize":1000,"batchSize":2000,"logEvery":1000,"matchName":"Encounter.id","hintName":"attribute_search.name_1_attribute_search.value_1__id_1","summary":{"totalPairs":77970,"chunkSize":1000,"chunkCount":78,"completedChunksBefore":[],"completedChunksAfter":[1,2,3,4,5,6,7,8,9,10,11,12,13,14,15,16,17,18,19,20,21,22,23,24,25,26,27,28,29,30,31,32,33,34,35,36,37,38,39,40,41,42,43,44,45,46,47,48,49,50,51,52,53,54,55,56,57,58,59,60,61,62,63,64,65,66,67,68,69,70,71,72,73,74,75,76,77,78],"totalExportedDocs":1283,"chunks":[{"chunkNo":1,"from":0,"to":999,"mapRows":1000,"outPath":"EXP/20260504T161429Z/bundle_impacted_original_chunk0001.jsonl","statePath":"EXP/20260504T161429Z/bundle_impacted_original_chunk0001.state.json","exported":1283,"completed":true,"skipped":false},{"chunkNo":2,"from":1000,"to":1999,"mapRows":1000,"outPath":"EXP/20260504T161429Z/bundle_impacted_original_chunk0002.jsonl","statePath":"EXP/20260504T161429Z/bundle_impacted_original_chunk0002.state.json","exported":0,"completed":true,"skipped":false},{"chunkNo":3,"from":2000,"to":2999,"mapRows":1000,"outPath":"EXP/20260504T161429Z/bundle_impacted_original_chunk0003.jsonl","statePath":"EXP/20260504T161429Z/bundle_impacted_original_chunk0003.state.json","exported":0,"completed":true,"skipped":false},{"chunkNo":4,"from":3000,"to":3999,"mapRows":1000,"outPath":"EXP/20260504T161429Z/bundle_impacted_original_chunk0004.jsonl","statePath":"EXP/20260504T161429Z/bundle_impacted_original_chunk0004.state.json","exported":0,"completed":true,"skipped":false},{"chunkNo":5,"from":4000,"to":4999,"mapRows":1000,"outPath":"EXP/20260504T161429Z/bundle_impacted_original_chunk0005.jsonl","statePath":"EXP/20260504T161429Z/bundle_impacted_original_chunk0005.state.json","exported":0,"completed":true,"skipped":false},{"chunkNo":6,"from":5000,"to":5999,"mapRows":1000,"outPath":"EXP/20260504T161429Z/bundle_impacted_original_chunk0006.jsonl","statePath":"EXP/20260504T161429Z/bundle_impacted_original_chunk0006.state.json","exported":0,"completed":true,"skipped":false},{"chunkNo":7,"from":6000,"to":6999,"mapRows":1000,"outPath":"EXP/20260504T161429Z/bundle_impacted_original_chunk0007.jsonl","statePath":"EXP/20260504T161429Z/bundle_impacted_original_chunk0007.state.json","exported":0,"completed":true,"skipped":false},{"chunkNo":8,"from":7000,"to":7999,"mapRows":1000,"outPath":"EXP/20260504T161429Z/bundle_impacted_original_chunk0008.jsonl","statePath":"EXP/20260504T161429Z/bundle_impacted_original_chunk0008.state.json","exported":0,"completed":true,"skipped":false},{"chunkNo":9,"from":8000,"to":8999,"mapRows":1000,"outPath":"EXP/20260504T161429Z/bundle_impacted_original_chunk0009.jsonl","statePath":"EXP/20260504T161429Z/bundle_impacted_original_chunk0009.state.json","exported":0,"completed":true,"skipped":false},{"chunkNo":10,"from":9000,"to":9999,"mapRows":1000,"outPath":"EXP/20260504T161429Z/bundle_impacted_original_chunk0010.jsonl","statePath":"EXP/20260504T161429Z/bundle_impacted_original_chunk0010.state.json","exported":0,"completed":true,"skipped":false},{"chunkNo":11,"from":10000,"to":10999,"mapRows":1000,"outPath":"EXP/20260504T161429Z/bundle_impacted_original_chunk0011.jsonl","statePath":"EXP/20260504T161429Z/bundle_impacted_original_chunk0011.state.json","exported":0,"completed":true,"skipped":false},{"chunkNo":12,"from":11000,"to":11999,"mapRows":1000,"outPath":"EXP/20260504T161429Z/bundle_impacted_original_chunk0012.jsonl","statePath":"EXP/20260504T161429Z/bundle_impacted_original_chunk0012.state.json","exported":0,"completed":true,"skipped":false},{"chunkNo":13,"from":12000,"to":12999,"mapRows":1000,"outPath":"EXP/20260504T161429Z/bundle_impacted_original_chunk0013.jsonl","statePath":"EXP/20260504T161429Z/bundle_impacted_original_chunk0013.state.json","exported":0,"completed":true,"skipped":false},{"chunkNo":14,"from":13000,"to":13999,"mapRows":1000,"outPath":"EXP/20260504T161429Z/bundle_impacted_original_chunk0014.jsonl","statePath":"EXP/20260504T161429Z/bundle_impacted_original_chunk0014.state.json","exported":0,"completed":true,"skipped":false},{"chunkNo":15,"from":14000,"to":14999,"mapRows":1000,"outPath":"EXP/20260504T161429Z/bundle_impacted_original_chunk0015.jsonl","statePath":"EXP/20260504T161429Z/bundle_impacted_original_chunk0015.state.json","exported":0,"completed":true,"skipped":false},{"chunkNo":16,"from":15000,"to":15999,"mapRows":1000,"outPath":"EXP/20260504T161429Z/bundle_impacted_original_chunk0016.jsonl","statePath":"EXP/20260504T161429Z/bundle_impacted_original_chunk0016.state.json","exported":0,"completed":true,"skipped":false},{"chunkNo":17,"from":16000,"to":16999,"mapRows":1000,"outPath":"EXP/20260504T161429Z/bundle_impacted_original_chunk0017.jsonl","statePath":"EXP/20260504T161429Z/bundle_impacted_original_chunk0017.state.json","exported":0,"completed":true,"skipped":false},{"chunkNo":18,"from":17000,"to":17999,"mapRows":1000,"outPath":"EXP/20260504T161429Z/bundle_impacted_original_chunk0018.jsonl","statePath":"EXP/20260504T161429Z/bundle_impacted_original_chunk0018.state.json","exported":0,"completed":true,"skipped":false},{"chunkNo":19,"from":18000,"to":18999,"mapRows":1000,"outPath":"EXP/20260504T161429Z/bundle_impacted_original_chunk0019.jsonl","statePath":"EXP/20260504T161429Z/bundle_impacted_original_chunk0019.state.json","exported":0,"completed":true,"skipped":false},{"chunkNo":20,"from":19000,"to":19999,"mapRows":1000,"outPath":"EXP/20260504T161429Z/bundle_impacted_original_chunk0020.jsonl","statePath":"EXP/20260504T161429Z/bundle_impacted_original_chunk0020.state.json","exported":0,"completed":true,"skipped":false},{"chunkNo":21,"from":20000,"to":20999,"mapRows":1000,"outPath":"EXP/20260504T161429Z/bundle_impacted_original_chunk0021.jsonl","statePath":"EXP/20260504T161429Z/bundle_impacted_original_chunk0021.state.json","exported":0,"completed":true,"skipped":false},{"chunkNo":22,"from":21000,"to":21999,"mapRows":1000,"outPath":"EXP/20260504T161429Z/bundle_impacted_original_chunk0022.jsonl","statePath":"EXP/20260504T161429Z/bundle_impacted_original_chunk0022.state.json","exported":0,"completed":true,"skipped":false},{"chunkNo":23,"from":22000,"to":22999,"mapRows":1000,"outPath":"EXP/20260504T161429Z/bundle_impacted_original_chunk0023.jsonl","statePath":"EXP/20260504T161429Z/bundle_impacted_original_chunk0023.state.json","exported":0,"completed":true,"skipped":false},{"chunkNo":24,"from":23000,"to":23999,"mapRows":1000,"outPath":"EXP/20260504T161429Z/bundle_impacted_original_chunk0024.jsonl","statePath":"EXP/20260504T161429Z/bundle_impacted_original_chunk0024.state.json","exported":0,"completed":true,"skipped":false},{"chunkNo":25,"from":24000,"to":24999,"mapRows":1000,"outPath":"EXP/20260504T161429Z/bundle_impacted_original_chunk0025.jsonl","statePath":"EXP/20260504T161429Z/bundle_impacted_original_chunk0025.state.json","exported":0,"completed":true,"skipped":false},{"chunkNo":26,"from":25000,"to":25999,"mapRows":1000,"outPath":"EXP/20260504T161429Z/bundle_impacted_original_chunk0026.jsonl","statePath":"EXP/20260504T161429Z/bundle_impacted_original_chunk0026.state.json","exported":0,"completed":true,"skipped":false},{"chunkNo":27,"from":26000,"to":26999,"mapRows":1000,"outPath":"EXP/20260504T161429Z/bundle_impacted_original_chunk0027.jsonl","statePath":"EXP/20260504T161429Z/bundle_impacted_original_chunk0027.state.json","exported":0,"completed":true,"skipped":false},{"chunkNo":28,"from":27000,"to":27999,"mapRows":1000,"outPath":"EXP/20260504T161429Z/bundle_impacted_original_chunk0028.jsonl","statePath":"EXP/20260504T161429Z/bundle_impacted_original_chunk0028.state.json","exported":0,"completed":true,"skipped":false},{"chunkNo":29,"from":28000,"to":28999,"mapRows":1000,"outPath":"EXP/20260504T161429Z/bundle_impacted_original_chunk0029.jsonl","statePath":"EXP/20260504T161429Z/bundle_impacted_original_chunk0029.state.json","exported":0,"completed":true,"skipped":false},{"chunkNo":30,"from":29000,"to":29999,"mapRows":1000,"outPath":"EXP/20260504T161429Z/bundle_impacted_original_chunk0030.jsonl","statePath":"EXP/20260504T161429Z/bundle_impacted_original_chunk0030.state.json","exported":0,"completed":true,"skipped":false},{"chunkNo":31,"from":30000,"to":30999,"mapRows":1000,"outPath":"EXP/20260504T161429Z/bundle_impacted_original_chunk0031.jsonl","statePath":"EXP/20260504T161429Z/bundle_impacted_original_chunk0031.state.json","exported":0,"completed":true,"skipped":false},{"chunkNo":32,"from":31000,"to":31999,"mapRows":1000,"outPath":"EXP/20260504T161429Z/bundle_impacted_original_chunk0032.jsonl","statePath":"EXP/20260504T161429Z/bundle_impacted_original_chunk0032.state.json","exported":0,"completed":true,"skipped":false},{"chunkNo":33,"from":32000,"to":32999,"mapRows":1000,"outPath":"EXP/20260504T161429Z/bundle_impacted_original_chunk0033.jsonl","statePath":"EXP/20260504T161429Z/bundle_impacted_original_chunk0033.state.json","exported":0,"completed":true,"skipped":false},{"chunkNo":34,"from":33000,"to":33999,"mapRows":1000,"outPath":"EXP/20260504T161429Z/bundle_impacted_original_chunk0034.jsonl","statePath":"EXP/20260504T161429Z/bundle_impacted_original_chunk0034.state.json","exported":0,"completed":true,"skipped":false},{"chunkNo":35,"from":34000,"to":34999,"mapRows":1000,"outPath":"EXP/20260504T161429Z/bundle_impacted_original_chunk0035.jsonl","statePath":"EXP/20260504T161429Z/bundle_impacted_original_chunk0035.state.json","exported":0,"completed":true,"skipped":false},{"chunkNo":36,"from":35000,"to":35999,"mapRows":1000,"outPath":"EXP/20260504T161429Z/bundle_impacted_original_chunk0036.jsonl","statePath":"EXP/20260504T161429Z/bundle_impacted_original_chunk0036.state.json","exported":0,"completed":true,"skipped":false},{"chunkNo":37,"from":36000,"to":36999,"mapRows":1000,"outPath":"EXP/20260504T161429Z/bundle_impacted_original_chunk0037.jsonl","statePath":"EXP/20260504T161429Z/bundle_impacted_original_chunk0037.state.json","exported":0,"completed":true,"skipped":false},{"chunkNo":38,"from":37000,"to":37999,"mapRows":1000,"outPath":"EXP/20260504T161429Z/bundle_impacted_original_chunk0038.jsonl","statePath":"EXP/20260504T161429Z/bundle_impacted_original_chunk0038.state.json","exported":0,"completed":true,"skipped":false},{"chunkNo":39,"from":38000,"to":38999,"mapRows":1000,"outPath":"EXP/20260504T161429Z/bundle_impacted_original_chunk0039.jsonl","statePath":"EXP/20260504T161429Z/bundle_impacted_original_chunk0039.state.json","exported":0,"completed":true,"skipped":false},{"chunkNo":40,"from":39000,"to":39999,"mapRows":1000,"outPath":"EXP/20260504T161429Z/bundle_impacted_original_chunk0040.jsonl","statePath":"EXP/20260504T161429Z/bundle_impacted_original_chunk0040.state.json","exported":0,"completed":true,"skipped":false},{"chunkNo":41,"from":40000,"to":40999,"mapRows":1000,"outPath":"EXP/20260504T161429Z/bundle_impacted_original_chunk0041.jsonl","statePath":"EXP/20260504T161429Z/bundle_impacted_original_chunk0041.state.json","exported":0,"completed":true,"skipped":false},{"chunkNo":42,"from":41000,"to":41999,"mapRows":1000,"outPath":"EXP/20260504T161429Z/bundle_impacted_original_chunk0042.jsonl","statePath":"EXP/20260504T161429Z/bundle_impacted_original_chunk0042.state.json","exported":0,"completed":true,"skipped":false},{"chunkNo":43,"from":42000,"to":42999,"mapRows":1000,"outPath":"EXP/20260504T161429Z/bundle_impacted_original_chunk0043.jsonl","statePath":"EXP/20260504T161429Z/bundle_impacted_original_chunk0043.state.json","exported":0,"completed":true,"skipped":false},{"chunkNo":44,"from":43000,"to":43999,"mapRows":1000,"outPath":"EXP/20260504T161429Z/bundle_impacted_original_chunk0044.jsonl","statePath":"EXP/20260504T161429Z/bundle_impacted_original_chunk0044.state.json","exported":0,"completed":true,"skipped":false},{"chunkNo":45,"from":44000,"to":44999,"mapRows":1000,"outPath":"EXP/20260504T161429Z/bundle_impacted_original_chunk0045.jsonl","statePath":"EXP/20260504T161429Z/bundle_impacted_original_chunk0045.state.json","exported":0,"completed":true,"skipped":false},{"chunkNo":46,"from":45000,"to":45999,"mapRows":1000,"outPath":"EXP/20260504T161429Z/bundle_impacted_original_chunk0046.jsonl","statePath":"EXP/20260504T161429Z/bundle_impacted_original_chunk0046.state.json","exported":0,"completed":true,"skipped":false},{"chunkNo":47,"from":46000,"to":46999,"mapRows":1000,"outPath":"EXP/20260504T161429Z/bundle_impacted_original_chunk0047.jsonl","statePath":"EXP/20260504T161429Z/bundle_impacted_original_chunk0047.state.json","exported":0,"completed":true,"skipped":false},{"chunkNo":48,"from":47000,"to":47999,"mapRows":1000,"outPath":"EXP/20260504T161429Z/bundle_impacted_original_chunk0048.jsonl","statePath":"EXP/20260504T161429Z/bundle_impacted_original_chunk0048.state.json","exported":0,"completed":true,"skipped":false},{"chunkNo":49,"from":48000,"to":48999,"mapRows":1000,"outPath":"EXP/20260504T161429Z/bundle_impacted_original_chunk0049.jsonl","statePath":"EXP/20260504T161429Z/bundle_impacted_original_chunk0049.state.json","exported":0,"completed":true,"skipped":false},{"chunkNo":50,"from":49000,"to":49999,"mapRows":1000,"outPath":"EXP/20260504T161429Z/bundle_impacted_original_chunk0050.jsonl","statePath":"EXP/20260504T161429Z/bundle_impacted_original_chunk0050.state.json","exported":0,"completed":true,"skipped":false},{"chunkNo":51,"from":50000,"to":50999,"mapRows":1000,"outPath":"EXP/20260504T161429Z/bundle_impacted_original_chunk0051.jsonl","statePath":"EXP/20260504T161429Z/bundle_impacted_original_chunk0051.state.json","exported":0,"completed":true,"skipped":false},{"chunkNo":52,"from":51000,"to":51999,"mapRows":1000,"outPath":"EXP/20260504T161429Z/bundle_impacted_original_chunk0052.jsonl","statePath":"EXP/20260504T161429Z/bundle_impacted_original_chunk0052.state.json","exported":0,"completed":true,"skipped":false},{"chunkNo":53,"from":52000,"to":52999,"mapRows":1000,"outPath":"EXP/20260504T161429Z/bundle_impacted_original_chunk0053.jsonl","statePath":"EXP/20260504T161429Z/bundle_impacted_original_chunk0053.state.json","exported":0,"completed":true,"skipped":false},{"chunkNo":54,"from":53000,"to":53999,"mapRows":1000,"outPath":"EXP/20260504T161429Z/bundle_impacted_original_chunk0054.jsonl","statePath":"EXP/20260504T161429Z/bundle_impacted_original_chunk0054.state.json","exported":0,"completed":true,"skipped":false},{"chunkNo":55,"from":54000,"to":54999,"mapRows":1000,"outPath":"EXP/20260504T161429Z/bundle_impacted_original_chunk0055.jsonl","statePath":"EXP/20260504T161429Z/bundle_impacted_original_chunk0055.state.json","exported":0,"completed":true,"skipped":false},{"chunkNo":56,"from":55000,"to":55999,"mapRows":1000,"outPath":"EXP/20260504T161429Z/bundle_impacted_original_chunk0056.jsonl","statePath":"EXP/20260504T161429Z/bundle_impacted_original_chunk0056.state.json","exported":0,"completed":true,"skipped":false},{"chunkNo":57,"from":56000,"to":56999,"mapRows":1000,"outPath":"EXP/20260504T161429Z/bundle_impacted_original_chunk0057.jsonl","statePath":"EXP/20260504T161429Z/bundle_impacted_original_chunk0057.state.json","exported":0,"completed":true,"skipped":false},{"chunkNo":58,"from":57000,"to":57999,"mapRows":1000,"outPath":"EXP/20260504T161429Z/bundle_impacted_original_chunk0058.jsonl","statePath":"EXP/20260504T161429Z/bundle_impacted_original_chunk0058.state.json","exported":0,"completed":true,"skipped":false},{"chunkNo":59,"from":58000,"to":58999,"mapRows":1000,"outPath":"EXP/20260504T161429Z/bundle_impacted_original_chunk0059.jsonl","statePath":"EXP/20260504T161429Z/bundle_impacted_original_chunk0059.state.json","exported":0,"completed":true,"skipped":false},{"chunkNo":60,"from":59000,"to":59999,"mapRows":1000,"outPath":"EXP/20260504T161429Z/bundle_impacted_original_chunk0060.jsonl","statePath":"EXP/20260504T161429Z/bundle_impacted_original_chunk0060.state.json","exported":0,"completed":true,"skipped":false},{"chunkNo":61,"from":60000,"to":60999,"mapRows":1000,"outPath":"EXP/20260504T161429Z/bundle_impacted_original_chunk0061.jsonl","statePath":"EXP/20260504T161429Z/bundle_impacted_original_chunk0061.state.json","exported":0,"completed":true,"skipped":false},{"chunkNo":62,"from":61000,"to":61999,"mapRows":1000,"outPath":"EXP/20260504T161429Z/bundle_impacted_original_chunk0062.jsonl","statePath":"EXP/20260504T161429Z/bundle_impacted_original_chunk0062.state.json","exported":0,"completed":true,"skipped":false},{"chunkNo":63,"from":62000,"to":62999,"mapRows":1000,"outPath":"EXP/20260504T161429Z/bundle_impacted_original_chunk0063.jsonl","statePath":"EXP/20260504T161429Z/bundle_impacted_original_chunk0063.state.json","exported":0,"completed":true,"skipped":false},{"chunkNo":64,"from":63000,"to":63999,"mapRows":1000,"outPath":"EXP/20260504T161429Z/bundle_impacted_original_chunk0064.jsonl","statePath":"EXP/20260504T161429Z/bundle_impacted_original_chunk0064.state.json","exported":0,"completed":true,"skipped":false},{"chunkNo":65,"from":64000,"to":64999,"mapRows":1000,"outPath":"EXP/20260504T161429Z/bundle_impacted_original_chunk0065.jsonl","statePath":"EXP/20260504T161429Z/bundle_impacted_original_chunk0065.state.json","exported":0,"completed":true,"skipped":false},{"chunkNo":66,"from":65000,"to":65999,"mapRows":1000,"outPath":"EXP/20260504T161429Z/bundle_impacted_original_chunk0066.jsonl","statePath":"EXP/20260504T161429Z/bundle_impacted_original_chunk0066.state.json","exported":0,"completed":true,"skipped":false},{"chunkNo":67,"from":66000,"to":66999,"mapRows":1000,"outPath":"EXP/20260504T161429Z/bundle_impacted_original_chunk0067.jsonl","statePath":"EXP/20260504T161429Z/bundle_impacted_original_chunk0067.state.json","exported":0,"completed":true,"skipped":false},{"chunkNo":68,"from":67000,"to":67999,"mapRows":1000,"outPath":"EXP/20260504T161429Z/bundle_impacted_original_chunk0068.jsonl","statePath":"EXP/20260504T161429Z/bundle_impacted_original_chunk0068.state.json","exported":0,"completed":true,"skipped":false},{"chunkNo":69,"from":68000,"to":68999,"mapRows":1000,"outPath":"EXP/20260504T161429Z/bundle_impacted_original_chunk0069.jsonl","statePath":"EXP/20260504T161429Z/bundle_impacted_original_chunk0069.state.json","exported":0,"completed":true,"skipped":false},{"chunkNo":70,"from":69000,"to":69999,"mapRows":1000,"outPath":"EXP/20260504T161429Z/bundle_impacted_original_chunk0070.jsonl","statePath":"EXP/20260504T161429Z/bundle_impacted_original_chunk0070.state.json","exported":0,"completed":true,"skipped":false},{"chunkNo":71,"from":70000,"to":70999,"mapRows":1000,"outPath":"EXP/20260504T161429Z/bundle_impacted_original_chunk0071.jsonl","statePath":"EXP/20260504T161429Z/bundle_impacted_original_chunk0071.state.json","exported":0,"completed":true,"skipped":false},{"chunkNo":72,"from":71000,"to":71999,"mapRows":1000,"outPath":"EXP/20260504T161429Z/bundle_impacted_original_chunk0072.jsonl","statePath":"EXP/20260504T161429Z/bundle_impacted_original_chunk0072.state.json","exported":0,"completed":true,"skipped":false},{"chunkNo":73,"from":72000,"to":72999,"mapRows":1000,"outPath":"EXP/20260504T161429Z/bundle_impacted_original_chunk0073.jsonl","statePath":"EXP/20260504T161429Z/bundle_impacted_original_chunk0073.state.json","exported":0,"completed":true,"skipped":false},{"chunkNo":74,"from":73000,"to":73999,"mapRows":1000,"outPath":"EXP/20260504T161429Z/bundle_impacted_original_chunk0074.jsonl","statePath":"EXP/20260504T161429Z/bundle_impacted_original_chunk0074.state.json","exported":0,"completed":true,"skipped":false},{"chunkNo":75,"from":74000,"to":74999,"mapRows":1000,"outPath":"EXP/20260504T161429Z/bundle_impacted_original_chunk0075.jsonl","statePath":"EXP/20260504T161429Z/bundle_impacted_original_chunk0075.state.json","exported":0,"completed":true,"skipped":false},{"chunkNo":76,"from":75000,"to":75999,"mapRows":1000,"outPath":"EXP/20260504T161429Z/bundle_impacted_original_chunk0076.jsonl","statePath":"EXP/20260504T161429Z/bundle_impacted_original_chunk0076.state.json","exported":0,"completed":true,"skipped":false},{"chunkNo":77,"from":76000,"to":76999,"mapRows":1000,"outPath":"EXP/20260504T161429Z/bundle_impacted_original_chunk0077.jsonl","statePath":"EXP/20260504T161429Z/bundle_impacted_original_chunk0077.state.json","exported":0,"completed":true,"skipped":false},{"chunkNo":78,"from":77000,"to":77969,"mapRows":970,"outPath":"EXP/20260504T161429Z/bundle_impacted_original_chunk0078.jsonl","statePath":"EXP/20260504T161429Z/bundle_impacted_original_chunk0078.state.json","exported":0,"completed":true,"skipped":false}]},"ts":"2026-05-04T16:21:11.114Z"}
{"type":"result","script":"066_04_importazione_prod_match_bundle_by_keys_replace_client_side.js","runId":"20260504T161429Z","stepId":51,"dbName":"hc40-index-bonifica","inDir":"EXP/20260504T161429Z","filePrefix":"bundle_impacted_chunk","fileSuffix":".jsonl","maxFiles":0,"collection":"bundle_impacted_modified","mode":"insert","batch":1000,"dropBefore":true,"totals":{"files":78,"totalLines":1283,"emptyLines":0,"parsedDocs":1283,"bulks":2,"opsExecuted":1283,"inserted":1283,"upserted":0,"modified":0},"finalCollCount":1283,"ts":"2026-05-04T16:21:18.886Z"}
{"type":"result","script":"066_04B_importazione_prod_match_bundle_by_keys_original.js","runId":"20260504T161429Z","stepId":52,"dbName":"hc40-index-bonifica","inDir":"EXP/20260504T161429Z","filePrefix":"bundle_impacted_original_chunk","fileSuffix":".jsonl","maxFiles":0,"collection":"bundle_impacted_original","mode":"insert","batch":1000,"dropBefore":true,"totals":{"files":78,"totalLines":1283,"emptyLines":0,"parsedDocs":1283,"bulks":2,"opsExecuted":1283,"inserted":1283,"upserted":0,"modified":0},"finalCollCount":1283,"ts":"2026-05-04T16:21:26.463Z"}
{"type":"result","script":"001_mongosh_count_IHUB_records.js","runId":"20260504T161429Z","stepId":1,"dbName":"hc40-index-bonifica","collection":"encounter","filter":{"_id":{"$gte":"Encounter/IHUB.","$lt":"Encounter/IHUB/"}},"count":61496,"ts":"2026-05-04T16:14:33.937Z"}
{"type":"result","script":"001b_mongosh_count_hc40_adt_records.js","runId":"20260504T161429Z","stepId":2,"dbName":"hc40-index-bonifica","collection":"encounter","filter":{"_id":{"$gte":"Encounter/HC40-ADT.","$lt":"Encounter/HC40-ADT/"}},"count":16474,"ts":"2026-05-04T16:14:35.317Z"}
{"type":"result","script":"002_0_export_ihub_latest_all.js","runId":"20260504T161429Z","stepId":3,"dbName":"hc40-index-bonifica","collection":"encounter","idPrefixStart":"Encounter/IHUB.","idPrefixEnd":"Encounter/IHUB/","outPath":"EXP/20260504T161429Z/002_encounter_IHUB_latest_all.jsonl","exported":61496,"ts":"2026-05-04T16:15:00.884Z"}
{"type":"result","script":"002_0b_export_hc40_adt_latest_all.js","runId":"20260504T161429Z","stepId":4,"dbName":"hc40-index-bonifica","collection":"encounter","idPrefixStart":"Encounter/HC40-ADT.","idPrefixEnd":"Encounter/HC40-ADT/","outPath":"EXP/20260504T161429Z/002_encounter_HC40_ADT_latest_all.jsonl","exported":16474,"ts":"2026-05-04T16:15:07.625Z"}
{"type":"result","script":"002_1_creazione_ihub_latest_all.js","runId":"20260504T161429Z","stepId":5,"dbName":"hc40-index-bonifica","collection":"encounter_IHUB_latest_all","filePath":"EXP/20260504T161429Z/002_encounter_IHUB_latest_all.jsonl","mode":"upsert","batch":1000,"imported":61496,"linesRead":61496,"skippedEmpty":0,"ts":"2026-05-04T16:15:18.178Z"}
{"type":"result","script":"002_1b_creazione_hc40_adt_latest_all.js","runId":"20260504T161429Z","stepId":6,"dbName":"hc40-index-bonifica","collection":"encounter_HC40_ADT_latest_all","filePath":"EXP/20260504T161429Z/002_encounter_HC40_ADT_latest_all.jsonl","mode":"upsert","batch":1000,"imported":16474,"linesRead":16474,"skippedEmpty":0,"ts":"2026-05-04T16:15:21.989Z"}
{"type":"result","script":"002_2_conteggio_ihub_latest_all.js","runId":"20260504T161429Z","stepId":7,"dbName":"hc40-index-bonifica","collection":"encounter_IHUB_latest_all","filter":{},"count":61496,"ts":"2026-05-04T16:15:23.126Z"}
{"type":"result","script":"002_2b_conteggio_hc40_adt_latest_all.js","runId":"20260504T161429Z","stepId":8,"dbName":"hc40-index-bonifica","collection":"encounter_HC40_ADT_latest_all","filter":{},"count":16474,"ts":"2026-05-04T16:15:24.204Z"}
{"type":"result","script":"003_mongosh_count_SIO_records.js","runId":"20260504T161429Z","stepId":9,"dbName":"hc40-index-bonifica","collection":"encounter","filter":{"_id":{"$gte":"Encounter/SIO.","$lt":"Encounter/SIO/"}},"count":77970,"ts":"2026-05-04T16:15:25.372Z"}
{"type":"result","script":"004_0_export_encounter_sio_all.js","runId":"20260504T161429Z","stepId":10,"dbName":"hc40-index-bonifica","collection":"encounter","idPrefixStart":"Encounter/SIO.","idPrefixEnd":"Encounter/SIO/","outDir":"EXP/20260504T161429Z","baseName":"encounter_SIO","chunkSize":500000,"pageSize":50000,"logEvery":100000,"statePath":"EXP/20260504T161429Z/encounter_SIO_state.json","exported":77970,"pages":3,"ts":"2026-05-04T16:15:41.557Z"}
{"type":"result","script":"004_1_import_encounter_sio_all.js","runId":"20260504T161429Z","stepId":11,"dbName":"hc40-index-bonifica","collection":"encounter_SIO_all","runDir":"EXP/20260504T161429Z","filesFound":1,"imported":77970,"ts":"2026-05-04T16:15:55.419Z"}
{"type":"result","script":"004_2_conteggio_encounter_sio_all.js","runId":"20260504T161429Z","stepId":12,"dbName":"hc40-index-bonifica","collection":"encounter_SIO_all","filter":{},"count":77970,"ts":"2026-05-04T16:15:56.546Z"}
{"type":"result","script":"005_create_sio_encounter_duplicate.js","runId":"20260504T161429Z","stepId":13,"dbName":"hc40-index-bonifica","srcIhubLatestAll":"encounter_IHUB_latest_all","srcSioAll":"encounter_SIO_all","ihubFlat":"encounter_IHUB_latest_flat","out":"sio_encounter_duplicate","dropBefore":true,"ihubFlatCount":61575,"outCount":61497,"ts":"2026-05-04T16:16:07.994Z"}
{"type":"result","script":"005b_create_sio_encounter_duplicate_hc40_adt.js","runId":"20260504T161429Z","stepId":14,"dbName":"hc40-index-bonifica","srcHc40AdtLatestAll":"encounter_HC40_ADT_latest_all","srcSioAll":"encounter_SIO_all","hc40AdtFlat":"encounter_HC40_ADT_latest_flat","out":"sio_encounter_duplicate_hc40_adt","dropBefore":true,"flatCount":19530,"outCount":16474,"ts":"2026-05-04T16:16:14.605Z"}
{"type":"result","script":"006_01_creazione_sio_to_ihub_map.js","runId":"20260504T161429Z","stepId":15,"dbName":"hc40-index-bonifica","srcColl":"sio_encounter_duplicate","mapColl":"sio_to_ihub_map","dryRun":false,"limitMap":0,"mapCount":61496,"ts":"2026-05-04T16:16:17.373Z"}
{"type":"result","script":"006_01b_creazione_sio_to_hc40_adt_map.js","runId":"20260504T161429Z","stepId":16,"dbName":"hc40-index-bonifica","srcColl":"sio_encounter_duplicate_hc40_adt","mapColl":"sio_to_hc40_adt_map","dryRun":false,"limitMap":0,"mapCount":16474,"ts":"2026-05-04T16:16:18.976Z"}
{"type":"result","script":"006_02_esportazione_su_file_sio_to_ihub_map.js","runId":"20260504T161429Z","stepId":17,"dbName":"hc40-index-bonifica","srcColl":"sio_to_ihub_map","limit":0,"outPath":"EXP/20260504T161429Z/sio_ihub_keys.js","constName":"SIO_IHUB_KEYS","exported":61496,"ts":"2026-05-04T16:16:24.885Z"}
{"type":"result","script":"006_02b1_esportazione_su_file_sio_to_hc40_adt_map.js","runId":"20260504T161429Z","stepId":18,"dbName":"hc40-index-bonifica","srcColl":"sio_to_hc40_adt_map","limit":0,"outPath":"EXP/20260504T161429Z/sio_hc40_adt_keys.js","constName":"SIO_HC40_ADT_KEYS","exported":16474,"ts":"2026-05-04T16:16:27.516Z"}
{"type":"result","script":"006_02b2_esportazione_su_file_sio_modified_id_hc40_adt_map.js","runId":"20260504T161429Z","stepId":19,"dbName":"hc40-index-bonifica","srcColl":"sio_to_hc40_adt_map","limit":0,"outPath":"EXP/20260504T161429Z/sio_modified_id_hc40_adt.js","constName":"SIO_MODIFIED_ID_HC40_ADT","exported":16474,"ts":"2026-05-04T16:16:30.316Z"}
{"type":"result","script":"006_02b_esportazione_su_file_sio_modified_id.js","runId":"20260504T161429Z","stepId":20,"dbName":"hc40-index-bonifica","srcColl":"sio_to_ihub_map","limit":0,"outPath":"EXP/20260504T161429Z/sio_modified_id.js","constName":"SIO_MODIFIED_ID","exported":61496,"ts":"2026-05-04T16:16:36.254Z"}
{"type":"result","script":"006_02b3_creazione_file_sio_ihub_hc40_adt_keys_map.js","runId":"20260504T161429Z","stepId":21,"dbName":"hc40-index-bonifica","ihubColl":"sio_to_ihub_map","hc40AdtColl":"sio_to_hc40_adt_map","limitIhub":0,"limitHc40Adt":0,"outPath":"EXP/20260504T161429Z/sio_ihub_hc40_adt_keys_map.js","constName":"SIO_IHUB_HC40_ADT_KEYS","stats":{"TOTAL_IHUB_ROWS_READ":61496,"TOTAL_HC40_ADT_ROWS_READ":16474,"TOTAL_VALID_IHUB_PAIRS":61496,"TOTAL_VALID_HC40_ADT_PAIRS":16474,"SKIPPED_NOT_STRING":0,"COLLISIONS_FOUND":0,"COLLISIONS_RESOLVED_TO_HC40":0,"COLLISIONS_RESOLVED_TO_IHUB":0},"exported":77970,"finalTargets":{"hc40Adt":16474,"ihub":61496},"ts":"2026-05-04T16:16:54.204Z"}
{"type":"result","script":"006_03_esportazione_su_file_prod_match_documentreference_by_keys_replace.js","runId":"20260504T161429Z","stepId":22,"dbName":"hc40-index-bonifica","expDir":"./EXP","outDir":"EXP/20260504T161429Z","outBase":"documentreference_impacted","outExt":".jsonl","logPath":"EXP/20260504T161429Z/documentreference_impacted.log","mapPath":"EXP/20260504T161429Z/sio_ihub_hc40_adt_keys_map.js","mapConstName":"SIO_IHUB_HC40_ADT_KEYS","globalStatePath":"EXP/20260504T161429Z/documentreference_impacted.chunks.state.json","debug":false,"debugDocId":null,"debugNoWrite":false,"mapChunkSize":1000,"batchSize":2000,"logEvery":1000,"matchName":"encounter:context.encounter.reference","hintName":"attribute_search.name_1_attribute_search.value_1__id_1","summary":{"totalPairs":77970,"chunkSize":1000,"chunkCount":78,"completedChunksBefore":[],"completedChunksAfter":[1,2,3,4,5,6,7,8,9,10,11,12,13,14,15,16,17,18,19,20,21,22,23,24,25,26,27,28,29,30,31,32,33,34,35,36,37,38,39,40,41,42,43,44,45,46,47,48,49,50,51,52,53,54,55,56,57,58,59,60,61,62,63,64,65,66,67,68,69,70,71,72,73,74,75,76,77,78],"totalExportedDocs":1283,"totalReplDirect":14764,"totalReplPipeSuffix":5792,"chunks":[{"chunkNo":1,"from":0,"to":999,"mapRows":1000,"outPath":"EXP/20260504T161429Z/documentreference_impacted_chunk0001.jsonl","statePath":"EXP/20260504T161429Z/documentreference_impacted_chunk0001.state.json","exported":1283,"replDirect":14764,"replPipeSuffix":5792,"completed":true,"skipped":false},{"chunkNo":2,"from":1000,"to":1999,"mapRows":1000,"outPath":"EXP/20260504T161429Z/documentreference_impacted_chunk0002.jsonl","statePath":"EXP/20260504T161429Z/documentreference_impacted_chunk0002.state.json","exported":0,"replDirect":0,"replPipeSuffix":0,"completed":true,"skipped":false},{"chunkNo":3,"from":2000,"to":2999,"mapRows":1000,"outPath":"EXP/20260504T161429Z/documentreference_impacted_chunk0003.jsonl","statePath":"EXP/20260504T161429Z/documentreference_impacted_chunk0003.state.json","exported":0,"replDirect":0,"replPipeSuffix":0,"completed":true,"skipped":false},{"chunkNo":4,"from":3000,"to":3999,"mapRows":1000,"outPath":"EXP/20260504T161429Z/documentreference_impacted_chunk0004.jsonl","statePath":"EXP/20260504T161429Z/documentreference_impacted_chunk0004.state.json","exported":0,"replDirect":0,"replPipeSuffix":0,"completed":true,"skipped":false},{"chunkNo":5,"from":4000,"to":4999,"mapRows":1000,"outPath":"EXP/20260504T161429Z/documentreference_impacted_chunk0005.jsonl","statePath":"EXP/20260504T161429Z/documentreference_impacted_chunk0005.state.json","exported":0,"replDirect":0,"replPipeSuffix":0,"completed":true,"skipped":false},{"chunkNo":6,"from":5000,"to":5999,"mapRows":1000,"outPath":"EXP/20260504T161429Z/documentreference_impacted_chunk0006.jsonl","statePath":"EXP/20260504T161429Z/documentreference_impacted_chunk0006.state.json","exported":0,"replDirect":0,"replPipeSuffix":0,"completed":true,"skipped":false},{"chunkNo":7,"from":6000,"to":6999,"mapRows":1000,"outPath":"EXP/20260504T161429Z/documentreference_impacted_chunk0007.jsonl","statePath":"EXP/20260504T161429Z/documentreference_impacted_chunk0007.state.json","exported":0,"replDirect":0,"replPipeSuffix":0,"completed":true,"skipped":false},{"chunkNo":8,"from":7000,"to":7999,"mapRows":1000,"outPath":"EXP/20260504T161429Z/documentreference_impacted_chunk0008.jsonl","statePath":"EXP/20260504T161429Z/documentreference_impacted_chunk0008.state.json","exported":0,"replDirect":0,"replPipeSuffix":0,"completed":true,"skipped":false},{"chunkNo":9,"from":8000,"to":8999,"mapRows":1000,"outPath":"EXP/20260504T161429Z/documentreference_impacted_chunk0009.jsonl","statePath":"EXP/20260504T161429Z/documentreference_impacted_chunk0009.state.json","exported":0,"replDirect":0,"replPipeSuffix":0,"completed":true,"skipped":false},{"chunkNo":10,"from":9000,"to":9999,"mapRows":1000,"outPath":"EXP/20260504T161429Z/documentreference_impacted_chunk0010.jsonl","statePath":"EXP/20260504T161429Z/documentreference_impacted_chunk0010.state.json","exported":0,"replDirect":0,"replPipeSuffix":0,"completed":true,"skipped":false},{"chunkNo":11,"from":10000,"to":10999,"mapRows":1000,"outPath":"EXP/20260504T161429Z/documentreference_impacted_chunk0011.jsonl","statePath":"EXP/20260504T161429Z/documentreference_impacted_chunk0011.state.json","exported":0,"replDirect":0,"replPipeSuffix":0,"completed":true,"skipped":false},{"chunkNo":12,"from":11000,"to":11999,"mapRows":1000,"outPath":"EXP/20260504T161429Z/documentreference_impacted_chunk0012.jsonl","statePath":"EXP/20260504T161429Z/documentreference_impacted_chunk0012.state.json","exported":0,"replDirect":0,"replPipeSuffix":0,"completed":true,"skipped":false},{"chunkNo":13,"from":12000,"to":12999,"mapRows":1000,"outPath":"EXP/20260504T161429Z/documentreference_impacted_chunk0013.jsonl","statePath":"EXP/20260504T161429Z/documentreference_impacted_chunk0013.state.json","exported":0,"replDirect":0,"replPipeSuffix":0,"completed":true,"skipped":false},{"chunkNo":14,"from":13000,"to":13999,"mapRows":1000,"outPath":"EXP/20260504T161429Z/documentreference_impacted_chunk0014.jsonl","statePath":"EXP/20260504T161429Z/documentreference_impacted_chunk0014.state.json","exported":0,"replDirect":0,"replPipeSuffix":0,"completed":true,"skipped":false},{"chunkNo":15,"from":14000,"to":14999,"mapRows":1000,"outPath":"EXP/20260504T161429Z/documentreference_impacted_chunk0015.jsonl","statePath":"EXP/20260504T161429Z/documentreference_impacted_chunk0015.state.json","exported":0,"replDirect":0,"replPipeSuffix":0,"completed":true,"skipped":false},{"chunkNo":16,"from":15000,"to":15999,"mapRows":1000,"outPath":"EXP/20260504T161429Z/documentreference_impacted_chunk0016.jsonl","statePath":"EXP/20260504T161429Z/documentreference_impacted_chunk0016.state.json","exported":0,"replDirect":0,"replPipeSuffix":0,"completed":true,"skipped":false},{"chunkNo":17,"from":16000,"to":16999,"mapRows":1000,"outPath":"EXP/20260504T161429Z/documentreference_impacted_chunk0017.jsonl","statePath":"EXP/20260504T161429Z/documentreference_impacted_chunk0017.state.json","exported":0,"replDirect":0,"replPipeSuffix":0,"completed":true,"skipped":false},{"chunkNo":18,"from":17000,"to":17999,"mapRows":1000,"outPath":"EXP/20260504T161429Z/documentreference_impacted_chunk0018.jsonl","statePath":"EXP/20260504T161429Z/documentreference_impacted_chunk0018.state.json","exported":0,"replDirect":0,"replPipeSuffix":0,"completed":true,"skipped":false},{"chunkNo":19,"from":18000,"to":18999,"mapRows":1000,"outPath":"EXP/20260504T161429Z/documentreference_impacted_chunk0019.jsonl","statePath":"EXP/20260504T161429Z/documentreference_impacted_chunk0019.state.json","exported":0,"replDirect":0,"replPipeSuffix":0,"completed":true,"skipped":false},{"chunkNo":20,"from":19000,"to":19999,"mapRows":1000,"outPath":"EXP/20260504T161429Z/documentreference_impacted_chunk0020.jsonl","statePath":"EXP/20260504T161429Z/documentreference_impacted_chunk0020.state.json","exported":0,"replDirect":0,"replPipeSuffix":0,"completed":true,"skipped":false},{"chunkNo":21,"from":20000,"to":20999,"mapRows":1000,"outPath":"EXP/20260504T161429Z/documentreference_impacted_chunk0021.jsonl","statePath":"EXP/20260504T161429Z/documentreference_impacted_chunk0021.state.json","exported":0,"replDirect":0,"replPipeSuffix":0,"completed":true,"skipped":false},{"chunkNo":22,"from":21000,"to":21999,"mapRows":1000,"outPath":"EXP/20260504T161429Z/documentreference_impacted_chunk0022.jsonl","statePath":"EXP/20260504T161429Z/documentreference_impacted_chunk0022.state.json","exported":0,"replDirect":0,"replPipeSuffix":0,"completed":true,"skipped":false},{"chunkNo":23,"from":22000,"to":22999,"mapRows":1000,"outPath":"EXP/20260504T161429Z/documentreference_impacted_chunk0023.jsonl","statePath":"EXP/20260504T161429Z/documentreference_impacted_chunk0023.state.json","exported":0,"replDirect":0,"replPipeSuffix":0,"completed":true,"skipped":false},{"chunkNo":24,"from":23000,"to":23999,"mapRows":1000,"outPath":"EXP/20260504T161429Z/documentreference_impacted_chunk0024.jsonl","statePath":"EXP/20260504T161429Z/documentreference_impacted_chunk0024.state.json","exported":0,"replDirect":0,"replPipeSuffix":0,"completed":true,"skipped":false},{"chunkNo":25,"from":24000,"to":24999,"mapRows":1000,"outPath":"EXP/20260504T161429Z/documentreference_impacted_chunk0025.jsonl","statePath":"EXP/20260504T161429Z/documentreference_impacted_chunk0025.state.json","exported":0,"replDirect":0,"replPipeSuffix":0,"completed":true,"skipped":false},{"chunkNo":26,"from":25000,"to":25999,"mapRows":1000,"outPath":"EXP/20260504T161429Z/documentreference_impacted_chunk0026.jsonl","statePath":"EXP/20260504T161429Z/documentreference_impacted_chunk0026.state.json","exported":0,"replDirect":0,"replPipeSuffix":0,"completed":true,"skipped":false},{"chunkNo":27,"from":26000,"to":26999,"mapRows":1000,"outPath":"EXP/20260504T161429Z/documentreference_impacted_chunk0027.jsonl","statePath":"EXP/20260504T161429Z/documentreference_impacted_chunk0027.state.json","exported":0,"replDirect":0,"replPipeSuffix":0,"completed":true,"skipped":false},{"chunkNo":28,"from":27000,"to":27999,"mapRows":1000,"outPath":"EXP/20260504T161429Z/documentreference_impacted_chunk0028.jsonl","statePath":"EXP/20260504T161429Z/documentreference_impacted_chunk0028.state.json","exported":0,"replDirect":0,"replPipeSuffix":0,"completed":true,"skipped":false},{"chunkNo":29,"from":28000,"to":28999,"mapRows":1000,"outPath":"EXP/20260504T161429Z/documentreference_impacted_chunk0029.jsonl","statePath":"EXP/20260504T161429Z/documentreference_impacted_chunk0029.state.json","exported":0,"replDirect":0,"replPipeSuffix":0,"completed":true,"skipped":false},{"chunkNo":30,"from":29000,"to":29999,"mapRows":1000,"outPath":"EXP/20260504T161429Z/documentreference_impacted_chunk0030.jsonl","statePath":"EXP/20260504T161429Z/documentreference_impacted_chunk0030.state.json","exported":0,"replDirect":0,"replPipeSuffix":0,"completed":true,"skipped":false},{"chunkNo":31,"from":30000,"to":30999,"mapRows":1000,"outPath":"EXP/20260504T161429Z/documentreference_impacted_chunk0031.jsonl","statePath":"EXP/20260504T161429Z/documentreference_impacted_chunk0031.state.json","exported":0,"replDirect":0,"replPipeSuffix":0,"completed":true,"skipped":false},{"chunkNo":32,"from":31000,"to":31999,"mapRows":1000,"outPath":"EXP/20260504T161429Z/documentreference_impacted_chunk0032.jsonl","statePath":"EXP/20260504T161429Z/documentreference_impacted_chunk0032.state.json","exported":0,"replDirect":0,"replPipeSuffix":0,"completed":true,"skipped":false},{"chunkNo":33,"from":32000,"to":32999,"mapRows":1000,"outPath":"EXP/20260504T161429Z/documentreference_impacted_chunk0033.jsonl","statePath":"EXP/20260504T161429Z/documentreference_impacted_chunk0033.state.json","exported":0,"replDirect":0,"replPipeSuffix":0,"completed":true,"skipped":false},{"chunkNo":34,"from":33000,"to":33999,"mapRows":1000,"outPath":"EXP/20260504T161429Z/documentreference_impacted_chunk0034.jsonl","statePath":"EXP/20260504T161429Z/documentreference_impacted_chunk0034.state.json","exported":0,"replDirect":0,"replPipeSuffix":0,"completed":true,"skipped":false},{"chunkNo":35,"from":34000,"to":34999,"mapRows":1000,"outPath":"EXP/20260504T161429Z/documentreference_impacted_chunk0035.jsonl","statePath":"EXP/20260504T161429Z/documentreference_impacted_chunk0035.state.json","exported":0,"replDirect":0,"replPipeSuffix":0,"completed":true,"skipped":false},{"chunkNo":36,"from":35000,"to":35999,"mapRows":1000,"outPath":"EXP/20260504T161429Z/documentreference_impacted_chunk0036.jsonl","statePath":"EXP/20260504T161429Z/documentreference_impacted_chunk0036.state.json","exported":0,"replDirect":0,"replPipeSuffix":0,"completed":true,"skipped":false},{"chunkNo":37,"from":36000,"to":36999,"mapRows":1000,"outPath":"EXP/20260504T161429Z/documentreference_impacted_chunk0037.jsonl","statePath":"EXP/20260504T161429Z/documentreference_impacted_chunk0037.state.json","exported":0,"replDirect":0,"replPipeSuffix":0,"completed":true,"skipped":false},{"chunkNo":38,"from":37000,"to":37999,"mapRows":1000,"outPath":"EXP/20260504T161429Z/documentreference_impacted_chunk0038.jsonl","statePath":"EXP/20260504T161429Z/documentreference_impacted_chunk0038.state.json","exported":0,"replDirect":0,"replPipeSuffix":0,"completed":true,"skipped":false},{"chunkNo":39,"from":38000,"to":38999,"mapRows":1000,"outPath":"EXP/20260504T161429Z/documentreference_impacted_chunk0039.jsonl","statePath":"EXP/20260504T161429Z/documentreference_impacted_chunk0039.state.json","exported":0,"replDirect":0,"replPipeSuffix":0,"completed":true,"skipped":false},{"chunkNo":40,"from":39000,"to":39999,"mapRows":1000,"outPath":"EXP/20260504T161429Z/documentreference_impacted_chunk0040.jsonl","statePath":"EXP/20260504T161429Z/documentreference_impacted_chunk0040.state.json","exported":0,"replDirect":0,"replPipeSuffix":0,"completed":true,"skipped":false},{"chunkNo":41,"from":40000,"to":40999,"mapRows":1000,"outPath":"EXP/20260504T161429Z/documentreference_impacted_chunk0041.jsonl","statePath":"EXP/20260504T161429Z/documentreference_impacted_chunk0041.state.json","exported":0,"replDirect":0,"replPipeSuffix":0,"completed":true,"skipped":false},{"chunkNo":42,"from":41000,"to":41999,"mapRows":1000,"outPath":"EXP/20260504T161429Z/documentreference_impacted_chunk0042.jsonl","statePath":"EXP/20260504T161429Z/documentreference_impacted_chunk0042.state.json","exported":0,"replDirect":0,"replPipeSuffix":0,"completed":true,"skipped":false},{"chunkNo":43,"from":42000,"to":42999,"mapRows":1000,"outPath":"EXP/20260504T161429Z/documentreference_impacted_chunk0043.jsonl","statePath":"EXP/20260504T161429Z/documentreference_impacted_chunk0043.state.json","exported":0,"replDirect":0,"replPipeSuffix":0,"completed":true,"skipped":false},{"chunkNo":44,"from":43000,"to":43999,"mapRows":1000,"outPath":"EXP/20260504T161429Z/documentreference_impacted_chunk0044.jsonl","statePath":"EXP/20260504T161429Z/documentreference_impacted_chunk0044.state.json","exported":0,"replDirect":0,"replPipeSuffix":0,"completed":true,"skipped":false},{"chunkNo":45,"from":44000,"to":44999,"mapRows":1000,"outPath":"EXP/20260504T161429Z/documentreference_impacted_chunk0045.jsonl","statePath":"EXP/20260504T161429Z/documentreference_impacted_chunk0045.state.json","exported":0,"replDirect":0,"replPipeSuffix":0,"completed":true,"skipped":false},{"chunkNo":46,"from":45000,"to":45999,"mapRows":1000,"outPath":"EXP/20260504T161429Z/documentreference_impacted_chunk0046.jsonl","statePath":"EXP/20260504T161429Z/documentreference_impacted_chunk0046.state.json","exported":0,"replDirect":0,"replPipeSuffix":0,"completed":true,"skipped":false},{"chunkNo":47,"from":46000,"to":46999,"mapRows":1000,"outPath":"EXP/20260504T161429Z/documentreference_impacted_chunk0047.jsonl","statePath":"EXP/20260504T161429Z/documentreference_impacted_chunk0047.state.json","exported":0,"replDirect":0,"replPipeSuffix":0,"completed":true,"skipped":false},{"chunkNo":48,"from":47000,"to":47999,"mapRows":1000,"outPath":"EXP/20260504T161429Z/documentreference_impacted_chunk0048.jsonl","statePath":"EXP/20260504T161429Z/documentreference_impacted_chunk0048.state.json","exported":0,"replDirect":0,"replPipeSuffix":0,"completed":true,"skipped":false},{"chunkNo":49,"from":48000,"to":48999,"mapRows":1000,"outPath":"EXP/20260504T161429Z/documentreference_impacted_chunk0049.jsonl","statePath":"EXP/20260504T161429Z/documentreference_impacted_chunk0049.state.json","exported":0,"replDirect":0,"replPipeSuffix":0,"completed":true,"skipped":false},{"chunkNo":50,"from":49000,"to":49999,"mapRows":1000,"outPath":"EXP/20260504T161429Z/documentreference_impacted_chunk0050.jsonl","statePath":"EXP/20260504T161429Z/documentreference_impacted_chunk0050.state.json","exported":0,"replDirect":0,"replPipeSuffix":0,"completed":true,"skipped":false},{"chunkNo":51,"from":50000,"to":50999,"mapRows":1000,"outPath":"EXP/20260504T161429Z/documentreference_impacted_chunk0051.jsonl","statePath":"EXP/20260504T161429Z/documentreference_impacted_chunk0051.state.json","exported":0,"replDirect":0,"replPipeSuffix":0,"completed":true,"skipped":false},{"chunkNo":52,"from":51000,"to":51999,"mapRows":1000,"outPath":"EXP/20260504T161429Z/documentreference_impacted_chunk0052.jsonl","statePath":"EXP/20260504T161429Z/documentreference_impacted_chunk0052.state.json","exported":0,"replDirect":0,"replPipeSuffix":0,"completed":true,"skipped":false},{"chunkNo":53,"from":52000,"to":52999,"mapRows":1000,"outPath":"EXP/20260504T161429Z/documentreference_impacted_chunk0053.jsonl","statePath":"EXP/20260504T161429Z/documentreference_impacted_chunk0053.state.json","exported":0,"replDirect":0,"replPipeSuffix":0,"completed":true,"skipped":false},{"chunkNo":54,"from":53000,"to":53999,"mapRows":1000,"outPath":"EXP/20260504T161429Z/documentreference_impacted_chunk0054.jsonl","statePath":"EXP/20260504T161429Z/documentreference_impacted_chunk0054.state.json","exported":0,"replDirect":0,"replPipeSuffix":0,"completed":true,"skipped":false},{"chunkNo":55,"from":54000,"to":54999,"mapRows":1000,"outPath":"EXP/20260504T161429Z/documentreference_impacted_chunk0055.jsonl","statePath":"EXP/20260504T161429Z/documentreference_impacted_chunk0055.state.json","exported":0,"replDirect":0,"replPipeSuffix":0,"completed":true,"skipped":false},{"chunkNo":56,"from":55000,"to":55999,"mapRows":1000,"outPath":"EXP/20260504T161429Z/documentreference_impacted_chunk0056.jsonl","statePath":"EXP/20260504T161429Z/documentreference_impacted_chunk0056.state.json","exported":0,"replDirect":0,"replPipeSuffix":0,"completed":true,"skipped":false},{"chunkNo":57,"from":56000,"to":56999,"mapRows":1000,"outPath":"EXP/20260504T161429Z/documentreference_impacted_chunk0057.jsonl","statePath":"EXP/20260504T161429Z/documentreference_impacted_chunk0057.state.json","exported":0,"replDirect":0,"replPipeSuffix":0,"completed":true,"skipped":false},{"chunkNo":58,"from":57000,"to":57999,"mapRows":1000,"outPath":"EXP/20260504T161429Z/documentreference_impacted_chunk0058.jsonl","statePath":"EXP/20260504T161429Z/documentreference_impacted_chunk0058.state.json","exported":0,"replDirect":0,"replPipeSuffix":0,"completed":true,"skipped":false},{"chunkNo":59,"from":58000,"to":58999,"mapRows":1000,"outPath":"EXP/20260504T161429Z/documentreference_impacted_chunk0059.jsonl","statePath":"EXP/20260504T161429Z/documentreference_impacted_chunk0059.state.json","exported":0,"replDirect":0,"replPipeSuffix":0,"completed":true,"skipped":false},{"chunkNo":60,"from":59000,"to":59999,"mapRows":1000,"outPath":"EXP/20260504T161429Z/documentreference_impacted_chunk0060.jsonl","statePath":"EXP/20260504T161429Z/documentreference_impacted_chunk0060.state.json","exported":0,"replDirect":0,"replPipeSuffix":0,"completed":true,"skipped":false},{"chunkNo":61,"from":60000,"to":60999,"mapRows":1000,"outPath":"EXP/20260504T161429Z/documentreference_impacted_chunk0061.jsonl","statePath":"EXP/20260504T161429Z/documentreference_impacted_chunk0061.state.json","exported":0,"replDirect":0,"replPipeSuffix":0,"completed":true,"skipped":false},{"chunkNo":62,"from":61000,"to":61999,"mapRows":1000,"outPath":"EXP/20260504T161429Z/documentreference_impacted_chunk0062.jsonl","statePath":"EXP/20260504T161429Z/documentreference_impacted_chunk0062.state.json","exported":0,"replDirect":0,"replPipeSuffix":0,"completed":true,"skipped":false},{"chunkNo":63,"from":62000,"to":62999,"mapRows":1000,"outPath":"EXP/20260504T161429Z/documentreference_impacted_chunk0063.jsonl","statePath":"EXP/20260504T161429Z/documentreference_impacted_chunk0063.state.json","exported":0,"replDirect":0,"replPipeSuffix":0,"completed":true,"skipped":false},{"chunkNo":64,"from":63000,"to":63999,"mapRows":1000,"outPath":"EXP/20260504T161429Z/documentreference_impacted_chunk0064.jsonl","statePath":"EXP/20260504T161429Z/documentreference_impacted_chunk0064.state.json","exported":0,"replDirect":0,"replPipeSuffix":0,"completed":true,"skipped":false},{"chunkNo":65,"from":64000,"to":64999,"mapRows":1000,"outPath":"EXP/20260504T161429Z/documentreference_impacted_chunk0065.jsonl","statePath":"EXP/20260504T161429Z/documentreference_impacted_chunk0065.state.json","exported":0,"replDirect":0,"replPipeSuffix":0,"completed":true,"skipped":false},{"chunkNo":66,"from":65000,"to":65999,"mapRows":1000,"outPath":"EXP/20260504T161429Z/documentreference_impacted_chunk0066.jsonl","statePath":"EXP/20260504T161429Z/documentreference_impacted_chunk0066.state.json","exported":0,"replDirect":0,"replPipeSuffix":0,"completed":true,"skipped":false},{"chunkNo":67,"from":66000,"to":66999,"mapRows":1000,"outPath":"EXP/20260504T161429Z/documentreference_impacted_chunk0067.jsonl","statePath":"EXP/20260504T161429Z/documentreference_impacted_chunk0067.state.json","exported":0,"replDirect":0,"replPipeSuffix":0,"completed":true,"skipped":false},{"chunkNo":68,"from":67000,"to":67999,"mapRows":1000,"outPath":"EXP/20260504T161429Z/documentreference_impacted_chunk0068.jsonl","statePath":"EXP/20260504T161429Z/documentreference_impacted_chunk0068.state.json","exported":0,"replDirect":0,"replPipeSuffix":0,"completed":true,"skipped":false},{"chunkNo":69,"from":68000,"to":68999,"mapRows":1000,"outPath":"EXP/20260504T161429Z/documentreference_impacted_chunk0069.jsonl","statePath":"EXP/20260504T161429Z/documentreference_impacted_chunk0069.state.json","exported":0,"replDirect":0,"replPipeSuffix":0,"completed":true,"skipped":false},{"chunkNo":70,"from":69000,"to":69999,"mapRows":1000,"outPath":"EXP/20260504T161429Z/documentreference_impacted_chunk0070.jsonl","statePath":"EXP/20260504T161429Z/documentreference_impacted_chunk0070.state.json","exported":0,"replDirect":0,"replPipeSuffix":0,"completed":true,"skipped":false},{"chunkNo":71,"from":70000,"to":70999,"mapRows":1000,"outPath":"EXP/20260504T161429Z/documentreference_impacted_chunk0071.jsonl","statePath":"EXP/20260504T161429Z/documentreference_impacted_chunk0071.state.json","exported":0,"replDirect":0,"replPipeSuffix":0,"completed":true,"skipped":false},{"chunkNo":72,"from":71000,"to":71999,"mapRows":1000,"outPath":"EXP/20260504T161429Z/documentreference_impacted_chunk0072.jsonl","statePath":"EXP/20260504T161429Z/documentreference_impacted_chunk0072.state.json","exported":0,"replDirect":0,"replPipeSuffix":0,"completed":true,"skipped":false},{"chunkNo":73,"from":72000,"to":72999,"mapRows":1000,"outPath":"EXP/20260504T161429Z/documentreference_impacted_chunk0073.jsonl","statePath":"EXP/20260504T161429Z/documentreference_impacted_chunk0073.state.json","exported":0,"replDirect":0,"replPipeSuffix":0,"completed":true,"skipped":false},{"chunkNo":74,"from":73000,"to":73999,"mapRows":1000,"outPath":"EXP/20260504T161429Z/documentreference_impacted_chunk0074.jsonl","statePath":"EXP/20260504T161429Z/documentreference_impacted_chunk0074.state.json","exported":0,"replDirect":0,"replPipeSuffix":0,"completed":true,"skipped":false},{"chunkNo":75,"from":74000,"to":74999,"mapRows":1000,"outPath":"EXP/20260504T161429Z/documentreference_impacted_chunk0075.jsonl","statePath":"EXP/20260504T161429Z/documentreference_impacted_chunk0075.state.json","exported":0,"replDirect":0,"replPipeSuffix":0,"completed":true,"skipped":false},{"chunkNo":76,"from":75000,"to":75999,"mapRows":1000,"outPath":"EXP/20260504T161429Z/documentreference_impacted_chunk0076.jsonl","statePath":"EXP/20260504T161429Z/documentreference_impacted_chunk0076.state.json","exported":0,"replDirect":0,"replPipeSuffix":0,"completed":true,"skipped":false},{"chunkNo":77,"from":76000,"to":76999,"mapRows":1000,"outPath":"EXP/20260504T161429Z/documentreference_impacted_chunk0077.jsonl","statePath":"EXP/20260504T161429Z/documentreference_impacted_chunk0077.state.json","exported":0,"replDirect":0,"replPipeSuffix":0,"completed":true,"skipped":false},{"chunkNo":78,"from":77000,"to":77969,"mapRows":970,"outPath":"EXP/20260504T161429Z/documentreference_impacted_chunk0078.jsonl","statePath":"EXP/20260504T161429Z/documentreference_impacted_chunk0078.state.json","exported":0,"replDirect":0,"replPipeSuffix":0,"completed":true,"skipped":false}]},"ts":"2026-05-04T16:17:10.353Z"}
{"type":"result","script":"006_03B_esportazione_su_file_prod_match_documentreference_by_keys_original.js","runId":"20260504T161429Z","stepId":23,"dbName":"hc40-index-bonifica","expDir":"./EXP","outDir":"EXP/20260504T161429Z","outBase":"documentreference_impacted_original","outExt":".jsonl","logPath":"EXP/20260504T161429Z/documentreference_impacted_original.log","mapPath":"EXP/20260504T161429Z/sio_ihub_hc40_adt_keys_map.js","mapConstName":"SIO_IHUB_HC40_ADT_KEYS","globalStatePath":"EXP/20260504T161429Z/documentreference_impacted_original.chunks.state.json","debug":false,"debugDocId":null,"debugNoWrite":false,"mapChunkSize":1000,"batchSize":2000,"logEvery":1000,"matchName":"encounter:context.encounter.reference","hintName":"attribute_search.name_1_attribute_search.value_1__id_1","summary":{"totalPairs":77970,"chunkSize":1000,"chunkCount":78,"completedChunksBefore":[],"completedChunksAfter":[1,2,3,4,5,6,7,8,9,10,11,12,13,14,15,16,17,18,19,20,21,22,23,24,25,26,27,28,29,30,31,32,33,34,35,36,37,38,39,40,41,42,43,44,45,46,47,48,49,50,51,52,53,54,55,56,57,58,59,60,61,62,63,64,65,66,67,68,69,70,71,72,73,74,75,76,77,78],"totalExportedDocs":1283,"chunks":[{"chunkNo":1,"from":0,"to":999,"mapRows":1000,"keys":1000,"badRows":0,"outPath":"EXP/20260504T161429Z/documentreference_impacted_original_chunk0001.jsonl","statePath":"EXP/20260504T161429Z/documentreference_impacted_original_chunk0001.state.json","exported":1283,"completed":true,"skipped":false},{"chunkNo":2,"from":1000,"to":1999,"mapRows":1000,"keys":1000,"badRows":0,"outPath":"EXP/20260504T161429Z/documentreference_impacted_original_chunk0002.jsonl","statePath":"EXP/20260504T161429Z/documentreference_impacted_original_chunk0002.state.json","exported":0,"completed":true,"skipped":false},{"chunkNo":3,"from":2000,"to":2999,"mapRows":1000,"keys":1000,"badRows":0,"outPath":"EXP/20260504T161429Z/documentreference_impacted_original_chunk0003.jsonl","statePath":"EXP/20260504T161429Z/documentreference_impacted_original_chunk0003.state.json","exported":0,"completed":true,"skipped":false},{"chunkNo":4,"from":3000,"to":3999,"mapRows":1000,"keys":1000,"badRows":0,"outPath":"EXP/20260504T161429Z/documentreference_impacted_original_chunk0004.jsonl","statePath":"EXP/20260504T161429Z/documentreference_impacted_original_chunk0004.state.json","exported":0,"completed":true,"skipped":false},{"chunkNo":5,"from":4000,"to":4999,"mapRows":1000,"keys":1000,"badRows":0,"outPath":"EXP/20260504T161429Z/documentreference_impacted_original_chunk0005.jsonl","statePath":"EXP/20260504T161429Z/documentreference_impacted_original_chunk0005.state.json","exported":0,"completed":true,"skipped":false},{"chunkNo":6,"from":5000,"to":5999,"mapRows":1000,"keys":1000,"badRows":0,"outPath":"EXP/20260504T161429Z/documentreference_impacted_original_chunk0006.jsonl","statePath":"EXP/20260504T161429Z/documentreference_impacted_original_chunk0006.state.json","exported":0,"completed":true,"skipped":false},{"chunkNo":7,"from":6000,"to":6999,"mapRows":1000,"keys":1000,"badRows":0,"outPath":"EXP/20260504T161429Z/documentreference_impacted_original_chunk0007.jsonl","statePath":"EXP/20260504T161429Z/documentreference_impacted_original_chunk0007.state.json","exported":0,"completed":true,"skipped":false},{"chunkNo":8,"from":7000,"to":7999,"mapRows":1000,"keys":1000,"badRows":0,"outPath":"EXP/20260504T161429Z/documentreference_impacted_original_chunk0008.jsonl","statePath":"EXP/20260504T161429Z/documentreference_impacted_original_chunk0008.state.json","exported":0,"completed":true,"skipped":false},{"chunkNo":9,"from":8000,"to":8999,"mapRows":1000,"keys":1000,"badRows":0,"outPath":"EXP/20260504T161429Z/documentreference_impacted_original_chunk0009.jsonl","statePath":"EXP/20260504T161429Z/documentreference_impacted_original_chunk0009.state.json","exported":0,"completed":true,"skipped":false},{"chunkNo":10,"from":9000,"to":9999,"mapRows":1000,"keys":1000,"badRows":0,"outPath":"EXP/20260504T161429Z/documentreference_impacted_original_chunk0010.jsonl","statePath":"EXP/20260504T161429Z/documentreference_impacted_original_chunk0010.state.json","exported":0,"completed":true,"skipped":false},{"chunkNo":11,"from":10000,"to":10999,"mapRows":1000,"keys":1000,"badRows":0,"outPath":"EXP/20260504T161429Z/documentreference_impacted_original_chunk0011.jsonl","statePath":"EXP/20260504T161429Z/documentreference_impacted_original_chunk0011.state.json","exported":0,"completed":true,"skipped":false},{"chunkNo":12,"from":11000,"to":11999,"mapRows":1000,"keys":1000,"badRows":0,"outPath":"EXP/20260504T161429Z/documentreference_impacted_original_chunk0012.jsonl","statePath":"EXP/20260504T161429Z/documentreference_impacted_original_chunk0012.state.json","exported":0,"completed":true,"skipped":false},{"chunkNo":13,"from":12000,"to":12999,"mapRows":1000,"keys":1000,"badRows":0,"outPath":"EXP/20260504T161429Z/documentreference_impacted_original_chunk0013.jsonl","statePath":"EXP/20260504T161429Z/documentreference_impacted_original_chunk0013.state.json","exported":0,"completed":true,"skipped":false},{"chunkNo":14,"from":13000,"to":13999,"mapRows":1000,"keys":1000,"badRows":0,"outPath":"EXP/20260504T161429Z/documentreference_impacted_original_chunk0014.jsonl","statePath":"EXP/20260504T161429Z/documentreference_impacted_original_chunk0014.state.json","exported":0,"completed":true,"skipped":false},{"chunkNo":15,"from":14000,"to":14999,"mapRows":1000,"keys":1000,"badRows":0,"outPath":"EXP/20260504T161429Z/documentreference_impacted_original_chunk0015.jsonl","statePath":"EXP/20260504T161429Z/documentreference_impacted_original_chunk0015.state.json","exported":0,"completed":true,"skipped":false},{"chunkNo":16,"from":15000,"to":15999,"mapRows":1000,"keys":1000,"badRows":0,"outPath":"EXP/20260504T161429Z/documentreference_impacted_original_chunk0016.jsonl","statePath":"EXP/20260504T161429Z/documentreference_impacted_original_chunk0016.state.json","exported":0,"completed":true,"skipped":false},{"chunkNo":17,"from":16000,"to":16999,"mapRows":1000,"keys":1000,"badRows":0,"outPath":"EXP/20260504T161429Z/documentreference_impacted_original_chunk0017.jsonl","statePath":"EXP/20260504T161429Z/documentreference_impacted_original_chunk0017.state.json","exported":0,"completed":true,"skipped":false},{"chunkNo":18,"from":17000,"to":17999,"mapRows":1000,"keys":1000,"badRows":0,"outPath":"EXP/20260504T161429Z/documentreference_impacted_original_chunk0018.jsonl","statePath":"EXP/20260504T161429Z/documentreference_impacted_original_chunk0018.state.json","exported":0,"completed":true,"skipped":false},{"chunkNo":19,"from":18000,"to":18999,"mapRows":1000,"keys":1000,"badRows":0,"outPath":"EXP/20260504T161429Z/documentreference_impacted_original_chunk0019.jsonl","statePath":"EXP/20260504T161429Z/documentreference_impacted_original_chunk0019.state.json","exported":0,"completed":true,"skipped":false},{"chunkNo":20,"from":19000,"to":19999,"mapRows":1000,"keys":1000,"badRows":0,"outPath":"EXP/20260504T161429Z/documentreference_impacted_original_chunk0020.jsonl","statePath":"EXP/20260504T161429Z/documentreference_impacted_original_chunk0020.state.json","exported":0,"completed":true,"skipped":false},{"chunkNo":21,"from":20000,"to":20999,"mapRows":1000,"keys":1000,"badRows":0,"outPath":"EXP/20260504T161429Z/documentreference_impacted_original_chunk0021.jsonl","statePath":"EXP/20260504T161429Z/documentreference_impacted_original_chunk0021.state.json","exported":0,"completed":true,"skipped":false},{"chunkNo":22,"from":21000,"to":21999,"mapRows":1000,"keys":1000,"badRows":0,"outPath":"EXP/20260504T161429Z/documentreference_impacted_original_chunk0022.jsonl","statePath":"EXP/20260504T161429Z/documentreference_impacted_original_chunk0022.state.json","exported":0,"completed":true,"skipped":false},{"chunkNo":23,"from":22000,"to":22999,"mapRows":1000,"keys":1000,"badRows":0,"outPath":"EXP/20260504T161429Z/documentreference_impacted_original_chunk0023.jsonl","statePath":"EXP/20260504T161429Z/documentreference_impacted_original_chunk0023.state.json","exported":0,"completed":true,"skipped":false},{"chunkNo":24,"from":23000,"to":23999,"mapRows":1000,"keys":1000,"badRows":0,"outPath":"EXP/20260504T161429Z/documentreference_impacted_original_chunk0024.jsonl","statePath":"EXP/20260504T161429Z/documentreference_impacted_original_chunk0024.state.json","exported":0,"completed":true,"skipped":false},{"chunkNo":25,"from":24000,"to":24999,"mapRows":1000,"keys":1000,"badRows":0,"outPath":"EXP/20260504T161429Z/documentreference_impacted_original_chunk0025.jsonl","statePath":"EXP/20260504T161429Z/documentreference_impacted_original_chunk0025.state.json","exported":0,"completed":true,"skipped":false},{"chunkNo":26,"from":25000,"to":25999,"mapRows":1000,"keys":1000,"badRows":0,"outPath":"EXP/20260504T161429Z/documentreference_impacted_original_chunk0026.jsonl","statePath":"EXP/20260504T161429Z/documentreference_impacted_original_chunk0026.state.json","exported":0,"completed":true,"skipped":false},{"chunkNo":27,"from":26000,"to":26999,"mapRows":1000,"keys":1000,"badRows":0,"outPath":"EXP/20260504T161429Z/documentreference_impacted_original_chunk0027.jsonl","statePath":"EXP/20260504T161429Z/documentreference_impacted_original_chunk0027.state.json","exported":0,"completed":true,"skipped":false},{"chunkNo":28,"from":27000,"to":27999,"mapRows":1000,"keys":1000,"badRows":0,"outPath":"EXP/20260504T161429Z/documentreference_impacted_original_chunk0028.jsonl","statePath":"EXP/20260504T161429Z/documentreference_impacted_original_chunk0028.state.json","exported":0,"completed":true,"skipped":false},{"chunkNo":29,"from":28000,"to":28999,"mapRows":1000,"keys":1000,"badRows":0,"outPath":"EXP/20260504T161429Z/documentreference_impacted_original_chunk0029.jsonl","statePath":"EXP/20260504T161429Z/documentreference_impacted_original_chunk0029.state.json","exported":0,"completed":true,"skipped":false},{"chunkNo":30,"from":29000,"to":29999,"mapRows":1000,"keys":1000,"badRows":0,"outPath":"EXP/20260504T161429Z/documentreference_impacted_original_chunk0030.jsonl","statePath":"EXP/20260504T161429Z/documentreference_impacted_original_chunk0030.state.json","exported":0,"completed":true,"skipped":false},{"chunkNo":31,"from":30000,"to":30999,"mapRows":1000,"keys":1000,"badRows":0,"outPath":"EXP/20260504T161429Z/documentreference_impacted_original_chunk0031.jsonl","statePath":"EXP/20260504T161429Z/documentreference_impacted_original_chunk0031.state.json","exported":0,"completed":true,"skipped":false},{"chunkNo":32,"from":31000,"to":31999,"mapRows":1000,"keys":1000,"badRows":0,"outPath":"EXP/20260504T161429Z/documentreference_impacted_original_chunk0032.jsonl","statePath":"EXP/20260504T161429Z/documentreference_impacted_original_chunk0032.state.json","exported":0,"completed":true,"skipped":false},{"chunkNo":33,"from":32000,"to":32999,"mapRows":1000,"keys":1000,"badRows":0,"outPath":"EXP/20260504T161429Z/documentreference_impacted_original_chunk0033.jsonl","statePath":"EXP/20260504T161429Z/documentreference_impacted_original_chunk0033.state.json","exported":0,"completed":true,"skipped":false},{"chunkNo":34,"from":33000,"to":33999,"mapRows":1000,"keys":1000,"badRows":0,"outPath":"EXP/20260504T161429Z/documentreference_impacted_original_chunk0034.jsonl","statePath":"EXP/20260504T161429Z/documentreference_impacted_original_chunk0034.state.json","exported":0,"completed":true,"skipped":false},{"chunkNo":35,"from":34000,"to":34999,"mapRows":1000,"keys":1000,"badRows":0,"outPath":"EXP/20260504T161429Z/documentreference_impacted_original_chunk0035.jsonl","statePath":"EXP/20260504T161429Z/documentreference_impacted_original_chunk0035.state.json","exported":0,"completed":true,"skipped":false},{"chunkNo":36,"from":35000,"to":35999,"mapRows":1000,"keys":1000,"badRows":0,"outPath":"EXP/20260504T161429Z/documentreference_impacted_original_chunk0036.jsonl","statePath":"EXP/20260504T161429Z/documentreference_impacted_original_chunk0036.state.json","exported":0,"completed":true,"skipped":false},{"chunkNo":37,"from":36000,"to":36999,"mapRows":1000,"keys":1000,"badRows":0,"outPath":"EXP/20260504T161429Z/documentreference_impacted_original_chunk0037.jsonl","statePath":"EXP/20260504T161429Z/documentreference_impacted_original_chunk0037.state.json","exported":0,"completed":true,"skipped":false},{"chunkNo":38,"from":37000,"to":37999,"mapRows":1000,"keys":1000,"badRows":0,"outPath":"EXP/20260504T161429Z/documentreference_impacted_original_chunk0038.jsonl","statePath":"EXP/20260504T161429Z/documentreference_impacted_original_chunk0038.state.json","exported":0,"completed":true,"skipped":false},{"chunkNo":39,"from":38000,"to":38999,"mapRows":1000,"keys":1000,"badRows":0,"outPath":"EXP/20260504T161429Z/documentreference_impacted_original_chunk0039.jsonl","statePath":"EXP/20260504T161429Z/documentreference_impacted_original_chunk0039.state.json","exported":0,"completed":true,"skipped":false},{"chunkNo":40,"from":39000,"to":39999,"mapRows":1000,"keys":1000,"badRows":0,"outPath":"EXP/20260504T161429Z/documentreference_impacted_original_chunk0040.jsonl","statePath":"EXP/20260504T161429Z/documentreference_impacted_original_chunk0040.state.json","exported":0,"completed":true,"skipped":false},{"chunkNo":41,"from":40000,"to":40999,"mapRows":1000,"keys":1000,"badRows":0,"outPath":"EXP/20260504T161429Z/documentreference_impacted_original_chunk0041.jsonl","statePath":"EXP/20260504T161429Z/documentreference_impacted_original_chunk0041.state.json","exported":0,"completed":true,"skipped":false},{"chunkNo":42,"from":41000,"to":41999,"mapRows":1000,"keys":1000,"badRows":0,"outPath":"EXP/20260504T161429Z/documentreference_impacted_original_chunk0042.jsonl","statePath":"EXP/20260504T161429Z/documentreference_impacted_original_chunk0042.state.json","exported":0,"completed":true,"skipped":false},{"chunkNo":43,"from":42000,"to":42999,"mapRows":1000,"keys":1000,"badRows":0,"outPath":"EXP/20260504T161429Z/documentreference_impacted_original_chunk0043.jsonl","statePath":"EXP/20260504T161429Z/documentreference_impacted_original_chunk0043.state.json","exported":0,"completed":true,"skipped":false},{"chunkNo":44,"from":43000,"to":43999,"mapRows":1000,"keys":1000,"badRows":0,"outPath":"EXP/20260504T161429Z/documentreference_impacted_original_chunk0044.jsonl","statePath":"EXP/20260504T161429Z/documentreference_impacted_original_chunk0044.state.json","exported":0,"completed":true,"skipped":false},{"chunkNo":45,"from":44000,"to":44999,"mapRows":1000,"keys":1000,"badRows":0,"outPath":"EXP/20260504T161429Z/documentreference_impacted_original_chunk0045.jsonl","statePath":"EXP/20260504T161429Z/documentreference_impacted_original_chunk0045.state.json","exported":0,"completed":true,"skipped":false},{"chunkNo":46,"from":45000,"to":45999,"mapRows":1000,"keys":1000,"badRows":0,"outPath":"EXP/20260504T161429Z/documentreference_impacted_original_chunk0046.jsonl","statePath":"EXP/20260504T161429Z/documentreference_impacted_original_chunk0046.state.json","exported":0,"completed":true,"skipped":false},{"chunkNo":47,"from":46000,"to":46999,"mapRows":1000,"keys":1000,"badRows":0,"outPath":"EXP/20260504T161429Z/documentreference_impacted_original_chunk0047.jsonl","statePath":"EXP/20260504T161429Z/documentreference_impacted_original_chunk0047.state.json","exported":0,"completed":true,"skipped":false},{"chunkNo":48,"from":47000,"to":47999,"mapRows":1000,"keys":1000,"badRows":0,"outPath":"EXP/20260504T161429Z/documentreference_impacted_original_chunk0048.jsonl","statePath":"EXP/20260504T161429Z/documentreference_impacted_original_chunk0048.state.json","exported":0,"completed":true,"skipped":false},{"chunkNo":49,"from":48000,"to":48999,"mapRows":1000,"keys":1000,"badRows":0,"outPath":"EXP/20260504T161429Z/documentreference_impacted_original_chunk0049.jsonl","statePath":"EXP/20260504T161429Z/documentreference_impacted_original_chunk0049.state.json","exported":0,"completed":true,"skipped":false},{"chunkNo":50,"from":49000,"to":49999,"mapRows":1000,"keys":1000,"badRows":0,"outPath":"EXP/20260504T161429Z/documentreference_impacted_original_chunk0050.jsonl","statePath":"EXP/20260504T161429Z/documentreference_impacted_original_chunk0050.state.json","exported":0,"completed":true,"skipped":false},{"chunkNo":51,"from":50000,"to":50999,"mapRows":1000,"keys":1000,"badRows":0,"outPath":"EXP/20260504T161429Z/documentreference_impacted_original_chunk0051.jsonl","statePath":"EXP/20260504T161429Z/documentreference_impacted_original_chunk0051.state.json","exported":0,"completed":true,"skipped":false},{"chunkNo":52,"from":51000,"to":51999,"mapRows":1000,"keys":1000,"badRows":0,"outPath":"EXP/20260504T161429Z/documentreference_impacted_original_chunk0052.jsonl","statePath":"EXP/20260504T161429Z/documentreference_impacted_original_chunk0052.state.json","exported":0,"completed":true,"skipped":false},{"chunkNo":53,"from":52000,"to":52999,"mapRows":1000,"keys":1000,"badRows":0,"outPath":"EXP/20260504T161429Z/documentreference_impacted_original_chunk0053.jsonl","statePath":"EXP/20260504T161429Z/documentreference_impacted_original_chunk0053.state.json","exported":0,"completed":true,"skipped":false},{"chunkNo":54,"from":53000,"to":53999,"mapRows":1000,"keys":1000,"badRows":0,"outPath":"EXP/20260504T161429Z/documentreference_impacted_original_chunk0054.jsonl","statePath":"EXP/20260504T161429Z/documentreference_impacted_original_chunk0054.state.json","exported":0,"completed":true,"skipped":false},{"chunkNo":55,"from":54000,"to":54999,"mapRows":1000,"keys":1000,"badRows":0,"outPath":"EXP/20260504T161429Z/documentreference_impacted_original_chunk0055.jsonl","statePath":"EXP/20260504T161429Z/documentreference_impacted_original_chunk0055.state.json","exported":0,"completed":true,"skipped":false},{"chunkNo":56,"from":55000,"to":55999,"mapRows":1000,"keys":1000,"badRows":0,"outPath":"EXP/20260504T161429Z/documentreference_impacted_original_chunk0056.jsonl","statePath":"EXP/20260504T161429Z/documentreference_impacted_original_chunk0056.state.json","exported":0,"completed":true,"skipped":false},{"chunkNo":57,"from":56000,"to":56999,"mapRows":1000,"keys":1000,"badRows":0,"outPath":"EXP/20260504T161429Z/documentreference_impacted_original_chunk0057.jsonl","statePath":"EXP/20260504T161429Z/documentreference_impacted_original_chunk0057.state.json","exported":0,"completed":true,"skipped":false},{"chunkNo":58,"from":57000,"to":57999,"mapRows":1000,"keys":1000,"badRows":0,"outPath":"EXP/20260504T161429Z/documentreference_impacted_original_chunk0058.jsonl","statePath":"EXP/20260504T161429Z/documentreference_impacted_original_chunk0058.state.json","exported":0,"completed":true,"skipped":false},{"chunkNo":59,"from":58000,"to":58999,"mapRows":1000,"keys":1000,"badRows":0,"outPath":"EXP/20260504T161429Z/documentreference_impacted_original_chunk0059.jsonl","statePath":"EXP/20260504T161429Z/documentreference_impacted_original_chunk0059.state.json","exported":0,"completed":true,"skipped":false},{"chunkNo":60,"from":59000,"to":59999,"mapRows":1000,"keys":1000,"badRows":0,"outPath":"EXP/20260504T161429Z/documentreference_impacted_original_chunk0060.jsonl","statePath":"EXP/20260504T161429Z/documentreference_impacted_original_chunk0060.state.json","exported":0,"completed":true,"skipped":false},{"chunkNo":61,"from":60000,"to":60999,"mapRows":1000,"keys":1000,"badRows":0,"outPath":"EXP/20260504T161429Z/documentreference_impacted_original_chunk0061.jsonl","statePath":"EXP/20260504T161429Z/documentreference_impacted_original_chunk0061.state.json","exported":0,"completed":true,"skipped":false},{"chunkNo":62,"from":61000,"to":61999,"mapRows":1000,"keys":1000,"badRows":0,"outPath":"EXP/20260504T161429Z/documentreference_impacted_original_chunk0062.jsonl","statePath":"EXP/20260504T161429Z/documentreference_impacted_original_chunk0062.state.json","exported":0,"completed":true,"skipped":false},{"chunkNo":63,"from":62000,"to":62999,"mapRows":1000,"keys":1000,"badRows":0,"outPath":"EXP/20260504T161429Z/documentreference_impacted_original_chunk0063.jsonl","statePath":"EXP/20260504T161429Z/documentreference_impacted_original_chunk0063.state.json","exported":0,"completed":true,"skipped":false},{"chunkNo":64,"from":63000,"to":63999,"mapRows":1000,"keys":1000,"badRows":0,"outPath":"EXP/20260504T161429Z/documentreference_impacted_original_chunk0064.jsonl","statePath":"EXP/20260504T161429Z/documentreference_impacted_original_chunk0064.state.json","exported":0,"completed":true,"skipped":false},{"chunkNo":65,"from":64000,"to":64999,"mapRows":1000,"keys":1000,"badRows":0,"outPath":"EXP/20260504T161429Z/documentreference_impacted_original_chunk0065.jsonl","statePath":"EXP/20260504T161429Z/documentreference_impacted_original_chunk0065.state.json","exported":0,"completed":true,"skipped":false},{"chunkNo":66,"from":65000,"to":65999,"mapRows":1000,"keys":1000,"badRows":0,"outPath":"EXP/20260504T161429Z/documentreference_impacted_original_chunk0066.jsonl","statePath":"EXP/20260504T161429Z/documentreference_impacted_original_chunk0066.state.json","exported":0,"completed":true,"skipped":false},{"chunkNo":67,"from":66000,"to":66999,"mapRows":1000,"keys":1000,"badRows":0,"outPath":"EXP/20260504T161429Z/documentreference_impacted_original_chunk0067.jsonl","statePath":"EXP/20260504T161429Z/documentreference_impacted_original_chunk0067.state.json","exported":0,"completed":true,"skipped":false},{"chunkNo":68,"from":67000,"to":67999,"mapRows":1000,"keys":1000,"badRows":0,"outPath":"EXP/20260504T161429Z/documentreference_impacted_original_chunk0068.jsonl","statePath":"EXP/20260504T161429Z/documentreference_impacted_original_chunk0068.state.json","exported":0,"completed":true,"skipped":false},{"chunkNo":69,"from":68000,"to":68999,"mapRows":1000,"keys":1000,"badRows":0,"outPath":"EXP/20260504T161429Z/documentreference_impacted_original_chunk0069.jsonl","statePath":"EXP/20260504T161429Z/documentreference_impacted_original_chunk0069.state.json","exported":0,"completed":true,"skipped":false},{"chunkNo":70,"from":69000,"to":69999,"mapRows":1000,"keys":1000,"badRows":0,"outPath":"EXP/20260504T161429Z/documentreference_impacted_original_chunk0070.jsonl","statePath":"EXP/20260504T161429Z/documentreference_impacted_original_chunk0070.state.json","exported":0,"completed":true,"skipped":false},{"chunkNo":71,"from":70000,"to":70999,"mapRows":1000,"keys":1000,"badRows":0,"outPath":"EXP/20260504T161429Z/documentreference_impacted_original_chunk0071.jsonl","statePath":"EXP/20260504T161429Z/documentreference_impacted_original_chunk0071.state.json","exported":0,"completed":true,"skipped":false},{"chunkNo":72,"from":71000,"to":71999,"mapRows":1000,"keys":1000,"badRows":0,"outPath":"EXP/20260504T161429Z/documentreference_impacted_original_chunk0072.jsonl","statePath":"EXP/20260504T161429Z/documentreference_impacted_original_chunk0072.state.json","exported":0,"completed":true,"skipped":false},{"chunkNo":73,"from":72000,"to":72999,"mapRows":1000,"keys":1000,"badRows":0,"outPath":"EXP/20260504T161429Z/documentreference_impacted_original_chunk0073.jsonl","statePath":"EXP/20260504T161429Z/documentreference_impacted_original_chunk0073.state.json","exported":0,"completed":true,"skipped":false},{"chunkNo":74,"from":73000,"to":73999,"mapRows":1000,"keys":1000,"badRows":0,"outPath":"EXP/20260504T161429Z/documentreference_impacted_original_chunk0074.jsonl","statePath":"EXP/20260504T161429Z/documentreference_impacted_original_chunk0074.state.json","exported":0,"completed":true,"skipped":false},{"chunkNo":75,"from":74000,"to":74999,"mapRows":1000,"keys":1000,"badRows":0,"outPath":"EXP/20260504T161429Z/documentreference_impacted_original_chunk0075.jsonl","statePath":"EXP/20260504T161429Z/documentreference_impacted_original_chunk0075.state.json","exported":0,"completed":true,"skipped":false},{"chunkNo":76,"from":75000,"to":75999,"mapRows":1000,"keys":1000,"badRows":0,"outPath":"EXP/20260504T161429Z/documentreference_impacted_original_chunk0076.jsonl","statePath":"EXP/20260504T161429Z/documentreference_impacted_original_chunk0076.state.json","exported":0,"completed":true,"skipped":false},{"chunkNo":77,"from":76000,"to":76999,"mapRows":1000,"keys":1000,"badRows":0,"outPath":"EXP/20260504T161429Z/documentreference_impacted_original_chunk0077.jsonl","statePath":"EXP/20260504T161429Z/documentreference_impacted_original_chunk0077.state.json","exported":0,"completed":true,"skipped":false},{"chunkNo":78,"from":77000,"to":77969,"mapRows":970,"keys":970,"badRows":0,"outPath":"EXP/20260504T161429Z/documentreference_impacted_original_chunk0078.jsonl","statePath":"EXP/20260504T161429Z/documentreference_impacted_original_chunk0078.state.json","exported":0,"completed":true,"skipped":false}]},"ts":"2026-05-04T16:17:19.850Z"}
{"type":"result","script":"006_04_importazione_prod_match_documentreference_by_keys_replace_client_side.js","runId":"20260504T161429Z","stepId":24,"dbName":"hc40-index-bonifica","inDir":"EXP/20260504T161429Z","filePrefix":"documentreference_impacted_chunk","fileSuffix":".jsonl","maxFiles":0,"collection":"documentreference_impacted_modified","mode":"insert","batch":1000,"dropBefore":true,"totals":{"files":78,"totalLines":1283,"emptyLines":0,"parsedDocs":1283,"bulks":2,"opsExecuted":1283,"inserted":1283,"upserted":0,"modified":0},"finalCollCount":1283,"ts":"2026-05-04T16:17:25.167Z"}
{"type":"result","script":"006_04B_importazione_prod_match_documentreference_by_keys_original.js","runId":"20260504T161429Z","stepId":25,"dbName":"hc40-index-bonifica","inDir":"EXP/20260504T161429Z","filePrefix":"documentreference_impacted_original_chunk","fileSuffix":".jsonl","maxFiles":0,"collection":"documentreference_impacted_original","mode":"insert","batch":1000,"dropBefore":true,"totals":{"files":78,"totalLines":1283,"emptyLines":0,"parsedDocs":1283,"bulks":2,"opsExecuted":1283,"inserted":1283,"upserted":0,"modified":0},"finalCollCount":1283,"ts":"2026-05-04T16:17:30.980Z"}
{"type":"result","script":"016_03_esportazione_su_file_prod_match_servicerequest_by_keys_replace.js","runId":"20260504T161429Z","stepId":31,"dbName":"hc40-index-bonifica","expDir":"./EXP","outDir":"EXP/20260504T161429Z","outBase":"servicerequest_impacted","outExt":".jsonl","logPath":"EXP/20260504T161429Z/servicerequest_impacted.log","mapPath":"EXP/20260504T161429Z/sio_ihub_hc40_adt_keys_map.js","mapConstName":"SIO_IHUB_HC40_ADT_KEYS","globalStatePath":"EXP/20260504T161429Z/servicerequest_impacted.chunks.state.json","debug":false,"debugDocId":null,"debugNoWrite":false,"mapChunkSize":1000,"batchSize":2000,"logEvery":1000,"matchName":"encounter:encounter.reference","hintName":"attribute_search.name_1_attribute_search.value_1__id_1","summary":{"totalPairs":77970,"chunkSize":1000,"chunkCount":78,"completedChunksBefore":[],"completedChunksAfter":[1,2,3,4,5,6,7,8,9,10,11,12,13,14,15,16,17,18,19,20,21,22,23,24,25,26,27,28,29,30,31,32,33,34,35,36,37,38,39,40,41,42,43,44,45,46,47,48,49,50,51,52,53,54,55,56,57,58,59,60,61,62,63,64,65,66,67,68,69,70,71,72,73,74,75,76,77,78],"totalExportedDocs":2252,"totalReplDirect":29353,"totalReplPipeSuffix":15310,"chunks":[{"chunkNo":1,"from":0,"to":999,"mapRows":1000,"outPath":"EXP/20260504T161429Z/servicerequest_impacted_chunk0001.jsonl","statePath":"EXP/20260504T161429Z/servicerequest_impacted_chunk0001.state.json","exported":2252,"replDirect":29353,"replPipeSuffix":15310,"completed":true,"skipped":false},{"chunkNo":2,"from":1000,"to":1999,"mapRows":1000,"outPath":"EXP/20260504T161429Z/servicerequest_impacted_chunk0002.jsonl","statePath":"EXP/20260504T161429Z/servicerequest_impacted_chunk0002.state.json","exported":0,"replDirect":0,"replPipeSuffix":0,"completed":true,"skipped":false},{"chunkNo":3,"from":2000,"to":2999,"mapRows":1000,"outPath":"EXP/20260504T161429Z/servicerequest_impacted_chunk0003.jsonl","statePath":"EXP/20260504T161429Z/servicerequest_impacted_chunk0003.state.json","exported":0,"replDirect":0,"replPipeSuffix":0,"completed":true,"skipped":false},{"chunkNo":4,"from":3000,"to":3999,"mapRows":1000,"outPath":"EXP/20260504T161429Z/servicerequest_impacted_chunk0004.jsonl","statePath":"EXP/20260504T161429Z/servicerequest_impacted_chunk0004.state.json","exported":0,"replDirect":0,"replPipeSuffix":0,"completed":true,"skipped":false},{"chunkNo":5,"from":4000,"to":4999,"mapRows":1000,"outPath":"EXP/20260504T161429Z/servicerequest_impacted_chunk0005.jsonl","statePath":"EXP/20260504T161429Z/servicerequest_impacted_chunk0005.state.json","exported":0,"replDirect":0,"replPipeSuffix":0,"completed":true,"skipped":false},{"chunkNo":6,"from":5000,"to":5999,"mapRows":1000,"outPath":"EXP/20260504T161429Z/servicerequest_impacted_chunk0006.jsonl","statePath":"EXP/20260504T161429Z/servicerequest_impacted_chunk0006.state.json","exported":0,"replDirect":0,"replPipeSuffix":0,"completed":true,"skipped":false},{"chunkNo":7,"from":6000,"to":6999,"mapRows":1000,"outPath":"EXP/20260504T161429Z/servicerequest_impacted_chunk0007.jsonl","statePath":"EXP/20260504T161429Z/servicerequest_impacted_chunk0007.state.json","exported":0,"replDirect":0,"replPipeSuffix":0,"completed":true,"skipped":false},{"chunkNo":8,"from":7000,"to":7999,"mapRows":1000,"outPath":"EXP/20260504T161429Z/servicerequest_impacted_chunk0008.jsonl","statePath":"EXP/20260504T161429Z/servicerequest_impacted_chunk0008.state.json","exported":0,"replDirect":0,"replPipeSuffix":0,"completed":true,"skipped":false},{"chunkNo":9,"from":8000,"to":8999,"mapRows":1000,"outPath":"EXP/20260504T161429Z/servicerequest_impacted_chunk0009.jsonl","statePath":"EXP/20260504T161429Z/servicerequest_impacted_chunk0009.state.json","exported":0,"replDirect":0,"replPipeSuffix":0,"completed":true,"skipped":false},{"chunkNo":10,"from":9000,"to":9999,"mapRows":1000,"outPath":"EXP/20260504T161429Z/servicerequest_impacted_chunk0010.jsonl","statePath":"EXP/20260504T161429Z/servicerequest_impacted_chunk0010.state.json","exported":0,"replDirect":0,"replPipeSuffix":0,"completed":true,"skipped":false},{"chunkNo":11,"from":10000,"to":10999,"mapRows":1000,"outPath":"EXP/20260504T161429Z/servicerequest_impacted_chunk0011.jsonl","statePath":"EXP/20260504T161429Z/servicerequest_impacted_chunk0011.state.json","exported":0,"replDirect":0,"replPipeSuffix":0,"completed":true,"skipped":false},{"chunkNo":12,"from":11000,"to":11999,"mapRows":1000,"outPath":"EXP/20260504T161429Z/servicerequest_impacted_chunk0012.jsonl","statePath":"EXP/20260504T161429Z/servicerequest_impacted_chunk0012.state.json","exported":0,"replDirect":0,"replPipeSuffix":0,"completed":true,"skipped":false},{"chunkNo":13,"from":12000,"to":12999,"mapRows":1000,"outPath":"EXP/20260504T161429Z/servicerequest_impacted_chunk0013.jsonl","statePath":"EXP/20260504T161429Z/servicerequest_impacted_chunk0013.state.json","exported":0,"replDirect":0,"replPipeSuffix":0,"completed":true,"skipped":false},{"chunkNo":14,"from":13000,"to":13999,"mapRows":1000,"outPath":"EXP/20260504T161429Z/servicerequest_impacted_chunk0014.jsonl","statePath":"EXP/20260504T161429Z/servicerequest_impacted_chunk0014.state.json","exported":0,"replDirect":0,"replPipeSuffix":0,"completed":true,"skipped":false},{"chunkNo":15,"from":14000,"to":14999,"mapRows":1000,"outPath":"EXP/20260504T161429Z/servicerequest_impacted_chunk0015.jsonl","statePath":"EXP/20260504T161429Z/servicerequest_impacted_chunk0015.state.json","exported":0,"replDirect":0,"replPipeSuffix":0,"completed":true,"skipped":false},{"chunkNo":16,"from":15000,"to":15999,"mapRows":1000,"outPath":"EXP/20260504T161429Z/servicerequest_impacted_chunk0016.jsonl","statePath":"EXP/20260504T161429Z/servicerequest_impacted_chunk0016.state.json","exported":0,"replDirect":0,"replPipeSuffix":0,"completed":true,"skipped":false},{"chunkNo":17,"from":16000,"to":16999,"mapRows":1000,"outPath":"EXP/20260504T161429Z/servicerequest_impacted_chunk0017.jsonl","statePath":"EXP/20260504T161429Z/servicerequest_impacted_chunk0017.state.json","exported":0,"replDirect":0,"replPipeSuffix":0,"completed":true,"skipped":false},{"chunkNo":18,"from":17000,"to":17999,"mapRows":1000,"outPath":"EXP/20260504T161429Z/servicerequest_impacted_chunk0018.jsonl","statePath":"EXP/20260504T161429Z/servicerequest_impacted_chunk0018.state.json","exported":0,"replDirect":0,"replPipeSuffix":0,"completed":true,"skipped":false},{"chunkNo":19,"from":18000,"to":18999,"mapRows":1000,"outPath":"EXP/20260504T161429Z/servicerequest_impacted_chunk0019.jsonl","statePath":"EXP/20260504T161429Z/servicerequest_impacted_chunk0019.state.json","exported":0,"replDirect":0,"replPipeSuffix":0,"completed":true,"skipped":false},{"chunkNo":20,"from":19000,"to":19999,"mapRows":1000,"outPath":"EXP/20260504T161429Z/servicerequest_impacted_chunk0020.jsonl","statePath":"EXP/20260504T161429Z/servicerequest_impacted_chunk0020.state.json","exported":0,"replDirect":0,"replPipeSuffix":0,"completed":true,"skipped":false},{"chunkNo":21,"from":20000,"to":20999,"mapRows":1000,"outPath":"EXP/20260504T161429Z/servicerequest_impacted_chunk0021.jsonl","statePath":"EXP/20260504T161429Z/servicerequest_impacted_chunk0021.state.json","exported":0,"replDirect":0,"replPipeSuffix":0,"completed":true,"skipped":false},{"chunkNo":22,"from":21000,"to":21999,"mapRows":1000,"outPath":"EXP/20260504T161429Z/servicerequest_impacted_chunk0022.jsonl","statePath":"EXP/20260504T161429Z/servicerequest_impacted_chunk0022.state.json","exported":0,"replDirect":0,"replPipeSuffix":0,"completed":true,"skipped":false},{"chunkNo":23,"from":22000,"to":22999,"mapRows":1000,"outPath":"EXP/20260504T161429Z/servicerequest_impacted_chunk0023.jsonl","statePath":"EXP/20260504T161429Z/servicerequest_impacted_chunk0023.state.json","exported":0,"replDirect":0,"replPipeSuffix":0,"completed":true,"skipped":false},{"chunkNo":24,"from":23000,"to":23999,"mapRows":1000,"outPath":"EXP/20260504T161429Z/servicerequest_impacted_chunk0024.jsonl","statePath":"EXP/20260504T161429Z/servicerequest_impacted_chunk0024.state.json","exported":0,"replDirect":0,"replPipeSuffix":0,"completed":true,"skipped":false},{"chunkNo":25,"from":24000,"to":24999,"mapRows":1000,"outPath":"EXP/20260504T161429Z/servicerequest_impacted_chunk0025.jsonl","statePath":"EXP/20260504T161429Z/servicerequest_impacted_chunk0025.state.json","exported":0,"replDirect":0,"replPipeSuffix":0,"completed":true,"skipped":false},{"chunkNo":26,"from":25000,"to":25999,"mapRows":1000,"outPath":"EXP/20260504T161429Z/servicerequest_impacted_chunk0026.jsonl","statePath":"EXP/20260504T161429Z/servicerequest_impacted_chunk0026.state.json","exported":0,"replDirect":0,"replPipeSuffix":0,"completed":true,"skipped":false},{"chunkNo":27,"from":26000,"to":26999,"mapRows":1000,"outPath":"EXP/20260504T161429Z/servicerequest_impacted_chunk0027.jsonl","statePath":"EXP/20260504T161429Z/servicerequest_impacted_chunk0027.state.json","exported":0,"replDirect":0,"replPipeSuffix":0,"completed":true,"skipped":false},{"chunkNo":28,"from":27000,"to":27999,"mapRows":1000,"outPath":"EXP/20260504T161429Z/servicerequest_impacted_chunk0028.jsonl","statePath":"EXP/20260504T161429Z/servicerequest_impacted_chunk0028.state.json","exported":0,"replDirect":0,"replPipeSuffix":0,"completed":true,"skipped":false},{"chunkNo":29,"from":28000,"to":28999,"mapRows":1000,"outPath":"EXP/20260504T161429Z/servicerequest_impacted_chunk0029.jsonl","statePath":"EXP/20260504T161429Z/servicerequest_impacted_chunk0029.state.json","exported":0,"replDirect":0,"replPipeSuffix":0,"completed":true,"skipped":false},{"chunkNo":30,"from":29000,"to":29999,"mapRows":1000,"outPath":"EXP/20260504T161429Z/servicerequest_impacted_chunk0030.jsonl","statePath":"EXP/20260504T161429Z/servicerequest_impacted_chunk0030.state.json","exported":0,"replDirect":0,"replPipeSuffix":0,"completed":true,"skipped":false},{"chunkNo":31,"from":30000,"to":30999,"mapRows":1000,"outPath":"EXP/20260504T161429Z/servicerequest_impacted_chunk0031.jsonl","statePath":"EXP/20260504T161429Z/servicerequest_impacted_chunk0031.state.json","exported":0,"replDirect":0,"replPipeSuffix":0,"completed":true,"skipped":false},{"chunkNo":32,"from":31000,"to":31999,"mapRows":1000,"outPath":"EXP/20260504T161429Z/servicerequest_impacted_chunk0032.jsonl","statePath":"EXP/20260504T161429Z/servicerequest_impacted_chunk0032.state.json","exported":0,"replDirect":0,"replPipeSuffix":0,"completed":true,"skipped":false},{"chunkNo":33,"from":32000,"to":32999,"mapRows":1000,"outPath":"EXP/20260504T161429Z/servicerequest_impacted_chunk0033.jsonl","statePath":"EXP/20260504T161429Z/servicerequest_impacted_chunk0033.state.json","exported":0,"replDirect":0,"replPipeSuffix":0,"completed":true,"skipped":false},{"chunkNo":34,"from":33000,"to":33999,"mapRows":1000,"outPath":"EXP/20260504T161429Z/servicerequest_impacted_chunk0034.jsonl","statePath":"EXP/20260504T161429Z/servicerequest_impacted_chunk0034.state.json","exported":0,"replDirect":0,"replPipeSuffix":0,"completed":true,"skipped":false},{"chunkNo":35,"from":34000,"to":34999,"mapRows":1000,"outPath":"EXP/20260504T161429Z/servicerequest_impacted_chunk0035.jsonl","statePath":"EXP/20260504T161429Z/servicerequest_impacted_chunk0035.state.json","exported":0,"replDirect":0,"replPipeSuffix":0,"completed":true,"skipped":false},{"chunkNo":36,"from":35000,"to":35999,"mapRows":1000,"outPath":"EXP/20260504T161429Z/servicerequest_impacted_chunk0036.jsonl","statePath":"EXP/20260504T161429Z/servicerequest_impacted_chunk0036.state.json","exported":0,"replDirect":0,"replPipeSuffix":0,"completed":true,"skipped":false},{"chunkNo":37,"from":36000,"to":36999,"mapRows":1000,"outPath":"EXP/20260504T161429Z/servicerequest_impacted_chunk0037.jsonl","statePath":"EXP/20260504T161429Z/servicerequest_impacted_chunk0037.state.json","exported":0,"replDirect":0,"replPipeSuffix":0,"completed":true,"skipped":false},{"chunkNo":38,"from":37000,"to":37999,"mapRows":1000,"outPath":"EXP/20260504T161429Z/servicerequest_impacted_chunk0038.jsonl","statePath":"EXP/20260504T161429Z/servicerequest_impacted_chunk0038.state.json","exported":0,"replDirect":0,"replPipeSuffix":0,"completed":true,"skipped":false},{"chunkNo":39,"from":38000,"to":38999,"mapRows":1000,"outPath":"EXP/20260504T161429Z/servicerequest_impacted_chunk0039.jsonl","statePath":"EXP/20260504T161429Z/servicerequest_impacted_chunk0039.state.json","exported":0,"replDirect":0,"replPipeSuffix":0,"completed":true,"skipped":false},{"chunkNo":40,"from":39000,"to":39999,"mapRows":1000,"outPath":"EXP/20260504T161429Z/servicerequest_impacted_chunk0040.jsonl","statePath":"EXP/20260504T161429Z/servicerequest_impacted_chunk0040.state.json","exported":0,"replDirect":0,"replPipeSuffix":0,"completed":true,"skipped":false},{"chunkNo":41,"from":40000,"to":40999,"mapRows":1000,"outPath":"EXP/20260504T161429Z/servicerequest_impacted_chunk0041.jsonl","statePath":"EXP/20260504T161429Z/servicerequest_impacted_chunk0041.state.json","exported":0,"replDirect":0,"replPipeSuffix":0,"completed":true,"skipped":false},{"chunkNo":42,"from":41000,"to":41999,"mapRows":1000,"outPath":"EXP/20260504T161429Z/servicerequest_impacted_chunk0042.jsonl","statePath":"EXP/20260504T161429Z/servicerequest_impacted_chunk0042.state.json","exported":0,"replDirect":0,"replPipeSuffix":0,"completed":true,"skipped":false},{"chunkNo":43,"from":42000,"to":42999,"mapRows":1000,"outPath":"EXP/20260504T161429Z/servicerequest_impacted_chunk0043.jsonl","statePath":"EXP/20260504T161429Z/servicerequest_impacted_chunk0043.state.json","exported":0,"replDirect":0,"replPipeSuffix":0,"completed":true,"skipped":false},{"chunkNo":44,"from":43000,"to":43999,"mapRows":1000,"outPath":"EXP/20260504T161429Z/servicerequest_impacted_chunk0044.jsonl","statePath":"EXP/20260504T161429Z/servicerequest_impacted_chunk0044.state.json","exported":0,"replDirect":0,"replPipeSuffix":0,"completed":true,"skipped":false},{"chunkNo":45,"from":44000,"to":44999,"mapRows":1000,"outPath":"EXP/20260504T161429Z/servicerequest_impacted_chunk0045.jsonl","statePath":"EXP/20260504T161429Z/servicerequest_impacted_chunk0045.state.json","exported":0,"replDirect":0,"replPipeSuffix":0,"completed":true,"skipped":false},{"chunkNo":46,"from":45000,"to":45999,"mapRows":1000,"outPath":"EXP/20260504T161429Z/servicerequest_impacted_chunk0046.jsonl","statePath":"EXP/20260504T161429Z/servicerequest_impacted_chunk0046.state.json","exported":0,"replDirect":0,"replPipeSuffix":0,"completed":true,"skipped":false},{"chunkNo":47,"from":46000,"to":46999,"mapRows":1000,"outPath":"EXP/20260504T161429Z/servicerequest_impacted_chunk0047.jsonl","statePath":"EXP/20260504T161429Z/servicerequest_impacted_chunk0047.state.json","exported":0,"replDirect":0,"replPipeSuffix":0,"completed":true,"skipped":false},{"chunkNo":48,"from":47000,"to":47999,"mapRows":1000,"outPath":"EXP/20260504T161429Z/servicerequest_impacted_chunk0048.jsonl","statePath":"EXP/20260504T161429Z/servicerequest_impacted_chunk0048.state.json","exported":0,"replDirect":0,"replPipeSuffix":0,"completed":true,"skipped":false},{"chunkNo":49,"from":48000,"to":48999,"mapRows":1000,"outPath":"EXP/20260504T161429Z/servicerequest_impacted_chunk0049.jsonl","statePath":"EXP/20260504T161429Z/servicerequest_impacted_chunk0049.state.json","exported":0,"replDirect":0,"replPipeSuffix":0,"completed":true,"skipped":false},{"chunkNo":50,"from":49000,"to":49999,"mapRows":1000,"outPath":"EXP/20260504T161429Z/servicerequest_impacted_chunk0050.jsonl","statePath":"EXP/20260504T161429Z/servicerequest_impacted_chunk0050.state.json","exported":0,"replDirect":0,"replPipeSuffix":0,"completed":true,"skipped":false},{"chunkNo":51,"from":50000,"to":50999,"mapRows":1000,"outPath":"EXP/20260504T161429Z/servicerequest_impacted_chunk0051.jsonl","statePath":"EXP/20260504T161429Z/servicerequest_impacted_chunk0051.state.json","exported":0,"replDirect":0,"replPipeSuffix":0,"completed":true,"skipped":false},{"chunkNo":52,"from":51000,"to":51999,"mapRows":1000,"outPath":"EXP/20260504T161429Z/servicerequest_impacted_chunk0052.jsonl","statePath":"EXP/20260504T161429Z/servicerequest_impacted_chunk0052.state.json","exported":0,"replDirect":0,"replPipeSuffix":0,"completed":true,"skipped":false},{"chunkNo":53,"from":52000,"to":52999,"mapRows":1000,"outPath":"EXP/20260504T161429Z/servicerequest_impacted_chunk0053.jsonl","statePath":"EXP/20260504T161429Z/servicerequest_impacted_chunk0053.state.json","exported":0,"replDirect":0,"replPipeSuffix":0,"completed":true,"skipped":false},{"chunkNo":54,"from":53000,"to":53999,"mapRows":1000,"outPath":"EXP/20260504T161429Z/servicerequest_impacted_chunk0054.jsonl","statePath":"EXP/20260504T161429Z/servicerequest_impacted_chunk0054.state.json","exported":0,"replDirect":0,"replPipeSuffix":0,"completed":true,"skipped":false},{"chunkNo":55,"from":54000,"to":54999,"mapRows":1000,"outPath":"EXP/20260504T161429Z/servicerequest_impacted_chunk0055.jsonl","statePath":"EXP/20260504T161429Z/servicerequest_impacted_chunk0055.state.json","exported":0,"replDirect":0,"replPipeSuffix":0,"completed":true,"skipped":false},{"chunkNo":56,"from":55000,"to":55999,"mapRows":1000,"outPath":"EXP/20260504T161429Z/servicerequest_impacted_chunk0056.jsonl","statePath":"EXP/20260504T161429Z/servicerequest_impacted_chunk0056.state.json","exported":0,"replDirect":0,"replPipeSuffix":0,"completed":true,"skipped":false},{"chunkNo":57,"from":56000,"to":56999,"mapRows":1000,"outPath":"EXP/20260504T161429Z/servicerequest_impacted_chunk0057.jsonl","statePath":"EXP/20260504T161429Z/servicerequest_impacted_chunk0057.state.json","exported":0,"replDirect":0,"replPipeSuffix":0,"completed":true,"skipped":false},{"chunkNo":58,"from":57000,"to":57999,"mapRows":1000,"outPath":"EXP/20260504T161429Z/servicerequest_impacted_chunk0058.jsonl","statePath":"EXP/20260504T161429Z/servicerequest_impacted_chunk0058.state.json","exported":0,"replDirect":0,"replPipeSuffix":0,"completed":true,"skipped":false},{"chunkNo":59,"from":58000,"to":58999,"mapRows":1000,"outPath":"EXP/20260504T161429Z/servicerequest_impacted_chunk0059.jsonl","statePath":"EXP/20260504T161429Z/servicerequest_impacted_chunk0059.state.json","exported":0,"replDirect":0,"replPipeSuffix":0,"completed":true,"skipped":false},{"chunkNo":60,"from":59000,"to":59999,"mapRows":1000,"outPath":"EXP/20260504T161429Z/servicerequest_impacted_chunk0060.jsonl","statePath":"EXP/20260504T161429Z/servicerequest_impacted_chunk0060.state.json","exported":0,"replDirect":0,"replPipeSuffix":0,"completed":true,"skipped":false},{"chunkNo":61,"from":60000,"to":60999,"mapRows":1000,"outPath":"EXP/20260504T161429Z/servicerequest_impacted_chunk0061.jsonl","statePath":"EXP/20260504T161429Z/servicerequest_impacted_chunk0061.state.json","exported":0,"replDirect":0,"replPipeSuffix":0,"completed":true,"skipped":false},{"chunkNo":62,"from":61000,"to":61999,"mapRows":1000,"outPath":"EXP/20260504T161429Z/servicerequest_impacted_chunk0062.jsonl","statePath":"EXP/20260504T161429Z/servicerequest_impacted_chunk0062.state.json","exported":0,"replDirect":0,"replPipeSuffix":0,"completed":true,"skipped":false},{"chunkNo":63,"from":62000,"to":62999,"mapRows":1000,"outPath":"EXP/20260504T161429Z/servicerequest_impacted_chunk0063.jsonl","statePath":"EXP/20260504T161429Z/servicerequest_impacted_chunk0063.state.json","exported":0,"replDirect":0,"replPipeSuffix":0,"completed":true,"skipped":false},{"chunkNo":64,"from":63000,"to":63999,"mapRows":1000,"outPath":"EXP/20260504T161429Z/servicerequest_impacted_chunk0064.jsonl","statePath":"EXP/20260504T161429Z/servicerequest_impacted_chunk0064.state.json","exported":0,"replDirect":0,"replPipeSuffix":0,"completed":true,"skipped":false},{"chunkNo":65,"from":64000,"to":64999,"mapRows":1000,"outPath":"EXP/20260504T161429Z/servicerequest_impacted_chunk0065.jsonl","statePath":"EXP/20260504T161429Z/servicerequest_impacted_chunk0065.state.json","exported":0,"replDirect":0,"replPipeSuffix":0,"completed":true,"skipped":false},{"chunkNo":66,"from":65000,"to":65999,"mapRows":1000,"outPath":"EXP/20260504T161429Z/servicerequest_impacted_chunk0066.jsonl","statePath":"EXP/20260504T161429Z/servicerequest_impacted_chunk0066.state.json","exported":0,"replDirect":0,"replPipeSuffix":0,"completed":true,"skipped":false},{"chunkNo":67,"from":66000,"to":66999,"mapRows":1000,"outPath":"EXP/20260504T161429Z/servicerequest_impacted_chunk0067.jsonl","statePath":"EXP/20260504T161429Z/servicerequest_impacted_chunk0067.state.json","exported":0,"replDirect":0,"replPipeSuffix":0,"completed":true,"skipped":false},{"chunkNo":68,"from":67000,"to":67999,"mapRows":1000,"outPath":"EXP/20260504T161429Z/servicerequest_impacted_chunk0068.jsonl","statePath":"EXP/20260504T161429Z/servicerequest_impacted_chunk0068.state.json","exported":0,"replDirect":0,"replPipeSuffix":0,"completed":true,"skipped":false},{"chunkNo":69,"from":68000,"to":68999,"mapRows":1000,"outPath":"EXP/20260504T161429Z/servicerequest_impacted_chunk0069.jsonl","statePath":"EXP/20260504T161429Z/servicerequest_impacted_chunk0069.state.json","exported":0,"replDirect":0,"replPipeSuffix":0,"completed":true,"skipped":false},{"chunkNo":70,"from":69000,"to":69999,"mapRows":1000,"outPath":"EXP/20260504T161429Z/servicerequest_impacted_chunk0070.jsonl","statePath":"EXP/20260504T161429Z/servicerequest_impacted_chunk0070.state.json","exported":0,"replDirect":0,"replPipeSuffix":0,"completed":true,"skipped":false},{"chunkNo":71,"from":70000,"to":70999,"mapRows":1000,"outPath":"EXP/20260504T161429Z/servicerequest_impacted_chunk0071.jsonl","statePath":"EXP/20260504T161429Z/servicerequest_impacted_chunk0071.state.json","exported":0,"replDirect":0,"replPipeSuffix":0,"completed":true,"skipped":false},{"chunkNo":72,"from":71000,"to":71999,"mapRows":1000,"outPath":"EXP/20260504T161429Z/servicerequest_impacted_chunk0072.jsonl","statePath":"EXP/20260504T161429Z/servicerequest_impacted_chunk0072.state.json","exported":0,"replDirect":0,"replPipeSuffix":0,"completed":true,"skipped":false},{"chunkNo":73,"from":72000,"to":72999,"mapRows":1000,"outPath":"EXP/20260504T161429Z/servicerequest_impacted_chunk0073.jsonl","statePath":"EXP/20260504T161429Z/servicerequest_impacted_chunk0073.state.json","exported":0,"replDirect":0,"replPipeSuffix":0,"completed":true,"skipped":false},{"chunkNo":74,"from":73000,"to":73999,"mapRows":1000,"outPath":"EXP/20260504T161429Z/servicerequest_impacted_chunk0074.jsonl","statePath":"EXP/20260504T161429Z/servicerequest_impacted_chunk0074.state.json","exported":0,"replDirect":0,"replPipeSuffix":0,"completed":true,"skipped":false},{"chunkNo":75,"from":74000,"to":74999,"mapRows":1000,"outPath":"EXP/20260504T161429Z/servicerequest_impacted_chunk0075.jsonl","statePath":"EXP/20260504T161429Z/servicerequest_impacted_chunk0075.state.json","exported":0,"replDirect":0,"replPipeSuffix":0,"completed":true,"skipped":false},{"chunkNo":76,"from":75000,"to":75999,"mapRows":1000,"outPath":"EXP/20260504T161429Z/servicerequest_impacted_chunk0076.jsonl","statePath":"EXP/20260504T161429Z/servicerequest_impacted_chunk0076.state.json","exported":0,"replDirect":0,"replPipeSuffix":0,"completed":true,"skipped":false},{"chunkNo":77,"from":76000,"to":76999,"mapRows":1000,"outPath":"EXP/20260504T161429Z/servicerequest_impacted_chunk0077.jsonl","statePath":"EXP/20260504T161429Z/servicerequest_impacted_chunk0077.state.json","exported":0,"replDirect":0,"replPipeSuffix":0,"completed":true,"skipped":false},{"chunkNo":78,"from":77000,"to":77969,"mapRows":970,"outPath":"EXP/20260504T161429Z/servicerequest_impacted_chunk0078.jsonl","statePath":"EXP/20260504T161429Z/servicerequest_impacted_chunk0078.state.json","exported":0,"replDirect":0,"replPipeSuffix":0,"completed":true,"skipped":false}]},"ts":"2026-05-04T16:18:02.175Z"}
{"type":"result","script":"016_03B_esportazione_su_file_prod_match_servicerequest_by_keys_original.js","runId":"20260504T161429Z","stepId":32,"dbName":"hc40-index-bonifica","expDir":"./EXP","outDir":"EXP/20260504T161429Z","outBase":"servicerequest_impacted_original","outExt":".jsonl","logPath":"EXP/20260504T161429Z/servicerequest_impacted_original.log","mapPath":"EXP/20260504T161429Z/sio_ihub_hc40_adt_keys_map.js","mapConstName":"SIO_IHUB_HC40_ADT_KEYS","globalStatePath":"EXP/20260504T161429Z/servicerequest_impacted_original.chunks.state.json","debug":false,"debugDocId":null,"debugNoWrite":false,"mapChunkSize":1000,"batchSize":2000,"logEvery":1000,"matchName":"encounter:encounter.reference","hintName":"attribute_search.name_1_attribute_search.value_1__id_1","summary":{"totalPairs":77970,"chunkSize":1000,"chunkCount":78,"completedChunksBefore":[],"completedChunksAfter":[1,2,3,4,5,6,7,8,9,10,11,12,13,14,15,16,17,18,19,20,21,22,23,24,25,26,27,28,29,30,31,32,33,34,35,36,37,38,39,40,41,42,43,44,45,46,47,48,49,50,51,52,53,54,55,56,57,58,59,60,61,62,63,64,65,66,67,68,69,70,71,72,73,74,75,76,77,78],"totalExportedDocs":2252,"chunks":[{"chunkNo":1,"from":0,"to":999,"mapRows":1000,"outPath":"EXP/20260504T161429Z/servicerequest_impacted_original_chunk0001.jsonl","statePath":"EXP/20260504T161429Z/servicerequest_impacted_original_chunk0001.state.json","exported":2252,"completed":true,"skipped":false},{"chunkNo":2,"from":1000,"to":1999,"mapRows":1000,"outPath":"EXP/20260504T161429Z/servicerequest_impacted_original_chunk0002.jsonl","statePath":"EXP/20260504T161429Z/servicerequest_impacted_original_chunk0002.state.json","exported":0,"completed":true,"skipped":false},{"chunkNo":3,"from":2000,"to":2999,"mapRows":1000,"outPath":"EXP/20260504T161429Z/servicerequest_impacted_original_chunk0003.jsonl","statePath":"EXP/20260504T161429Z/servicerequest_impacted_original_chunk0003.state.json","exported":0,"completed":true,"skipped":false},{"chunkNo":4,"from":3000,"to":3999,"mapRows":1000,"outPath":"EXP/20260504T161429Z/servicerequest_impacted_original_chunk0004.jsonl","statePath":"EXP/20260504T161429Z/servicerequest_impacted_original_chunk0004.state.json","exported":0,"completed":true,"skipped":false},{"chunkNo":5,"from":4000,"to":4999,"mapRows":1000,"outPath":"EXP/20260504T161429Z/servicerequest_impacted_original_chunk0005.jsonl","statePath":"EXP/20260504T161429Z/servicerequest_impacted_original_chunk0005.state.json","exported":0,"completed":true,"skipped":false},{"chunkNo":6,"from":5000,"to":5999,"mapRows":1000,"outPath":"EXP/20260504T161429Z/servicerequest_impacted_original_chunk0006.jsonl","statePath":"EXP/20260504T161429Z/servicerequest_impacted_original_chunk0006.state.json","exported":0,"completed":true,"skipped":false},{"chunkNo":7,"from":6000,"to":6999,"mapRows":1000,"outPath":"EXP/20260504T161429Z/servicerequest_impacted_original_chunk0007.jsonl","statePath":"EXP/20260504T161429Z/servicerequest_impacted_original_chunk0007.state.json","exported":0,"completed":true,"skipped":false},{"chunkNo":8,"from":7000,"to":7999,"mapRows":1000,"outPath":"EXP/20260504T161429Z/servicerequest_impacted_original_chunk0008.jsonl","statePath":"EXP/20260504T161429Z/servicerequest_impacted_original_chunk0008.state.json","exported":0,"completed":true,"skipped":false},{"chunkNo":9,"from":8000,"to":8999,"mapRows":1000,"outPath":"EXP/20260504T161429Z/servicerequest_impacted_original_chunk0009.jsonl","statePath":"EXP/20260504T161429Z/servicerequest_impacted_original_chunk0009.state.json","exported":0,"completed":true,"skipped":false},{"chunkNo":10,"from":9000,"to":9999,"mapRows":1000,"outPath":"EXP/20260504T161429Z/servicerequest_impacted_original_chunk0010.jsonl","statePath":"EXP/20260504T161429Z/servicerequest_impacted_original_chunk0010.state.json","exported":0,"completed":true,"skipped":false},{"chunkNo":11,"from":10000,"to":10999,"mapRows":1000,"outPath":"EXP/20260504T161429Z/servicerequest_impacted_original_chunk0011.jsonl","statePath":"EXP/20260504T161429Z/servicerequest_impacted_original_chunk0011.state.json","exported":0,"completed":true,"skipped":false},{"chunkNo":12,"from":11000,"to":11999,"mapRows":1000,"outPath":"EXP/20260504T161429Z/servicerequest_impacted_original_chunk0012.jsonl","statePath":"EXP/20260504T161429Z/servicerequest_impacted_original_chunk0012.state.json","exported":0,"completed":true,"skipped":false},{"chunkNo":13,"from":12000,"to":12999,"mapRows":1000,"outPath":"EXP/20260504T161429Z/servicerequest_impacted_original_chunk0013.jsonl","statePath":"EXP/20260504T161429Z/servicerequest_impacted_original_chunk0013.state.json","exported":0,"completed":true,"skipped":false},{"chunkNo":14,"from":13000,"to":13999,"mapRows":1000,"outPath":"EXP/20260504T161429Z/servicerequest_impacted_original_chunk0014.jsonl","statePath":"EXP/20260504T161429Z/servicerequest_impacted_original_chunk0014.state.json","exported":0,"completed":true,"skipped":false},{"chunkNo":15,"from":14000,"to":14999,"mapRows":1000,"outPath":"EXP/20260504T161429Z/servicerequest_impacted_original_chunk0015.jsonl","statePath":"EXP/20260504T161429Z/servicerequest_impacted_original_chunk0015.state.json","exported":0,"completed":true,"skipped":false},{"chunkNo":16,"from":15000,"to":15999,"mapRows":1000,"outPath":"EXP/20260504T161429Z/servicerequest_impacted_original_chunk0016.jsonl","statePath":"EXP/20260504T161429Z/servicerequest_impacted_original_chunk0016.state.json","exported":0,"completed":true,"skipped":false},{"chunkNo":17,"from":16000,"to":16999,"mapRows":1000,"outPath":"EXP/20260504T161429Z/servicerequest_impacted_original_chunk0017.jsonl","statePath":"EXP/20260504T161429Z/servicerequest_impacted_original_chunk0017.state.json","exported":0,"completed":true,"skipped":false},{"chunkNo":18,"from":17000,"to":17999,"mapRows":1000,"outPath":"EXP/20260504T161429Z/servicerequest_impacted_original_chunk0018.jsonl","statePath":"EXP/20260504T161429Z/servicerequest_impacted_original_chunk0018.state.json","exported":0,"completed":true,"skipped":false},{"chunkNo":19,"from":18000,"to":18999,"mapRows":1000,"outPath":"EXP/20260504T161429Z/servicerequest_impacted_original_chunk0019.jsonl","statePath":"EXP/20260504T161429Z/servicerequest_impacted_original_chunk0019.state.json","exported":0,"completed":true,"skipped":false},{"chunkNo":20,"from":19000,"to":19999,"mapRows":1000,"outPath":"EXP/20260504T161429Z/servicerequest_impacted_original_chunk0020.jsonl","statePath":"EXP/20260504T161429Z/servicerequest_impacted_original_chunk0020.state.json","exported":0,"completed":true,"skipped":false},{"chunkNo":21,"from":20000,"to":20999,"mapRows":1000,"outPath":"EXP/20260504T161429Z/servicerequest_impacted_original_chunk0021.jsonl","statePath":"EXP/20260504T161429Z/servicerequest_impacted_original_chunk0021.state.json","exported":0,"completed":true,"skipped":false},{"chunkNo":22,"from":21000,"to":21999,"mapRows":1000,"outPath":"EXP/20260504T161429Z/servicerequest_impacted_original_chunk0022.jsonl","statePath":"EXP/20260504T161429Z/servicerequest_impacted_original_chunk0022.state.json","exported":0,"completed":true,"skipped":false},{"chunkNo":23,"from":22000,"to":22999,"mapRows":1000,"outPath":"EXP/20260504T161429Z/servicerequest_impacted_original_chunk0023.jsonl","statePath":"EXP/20260504T161429Z/servicerequest_impacted_original_chunk0023.state.json","exported":0,"completed":true,"skipped":false},{"chunkNo":24,"from":23000,"to":23999,"mapRows":1000,"outPath":"EXP/20260504T161429Z/servicerequest_impacted_original_chunk0024.jsonl","statePath":"EXP/20260504T161429Z/servicerequest_impacted_original_chunk0024.state.json","exported":0,"completed":true,"skipped":false},{"chunkNo":25,"from":24000,"to":24999,"mapRows":1000,"outPath":"EXP/20260504T161429Z/servicerequest_impacted_original_chunk0025.jsonl","statePath":"EXP/20260504T161429Z/servicerequest_impacted_original_chunk0025.state.json","exported":0,"completed":true,"skipped":false},{"chunkNo":26,"from":25000,"to":25999,"mapRows":1000,"outPath":"EXP/20260504T161429Z/servicerequest_impacted_original_chunk0026.jsonl","statePath":"EXP/20260504T161429Z/servicerequest_impacted_original_chunk0026.state.json","exported":0,"completed":true,"skipped":false},{"chunkNo":27,"from":26000,"to":26999,"mapRows":1000,"outPath":"EXP/20260504T161429Z/servicerequest_impacted_original_chunk0027.jsonl","statePath":"EXP/20260504T161429Z/servicerequest_impacted_original_chunk0027.state.json","exported":0,"completed":true,"skipped":false},{"chunkNo":28,"from":27000,"to":27999,"mapRows":1000,"outPath":"EXP/20260504T161429Z/servicerequest_impacted_original_chunk0028.jsonl","statePath":"EXP/20260504T161429Z/servicerequest_impacted_original_chunk0028.state.json","exported":0,"completed":true,"skipped":false},{"chunkNo":29,"from":28000,"to":28999,"mapRows":1000,"outPath":"EXP/20260504T161429Z/servicerequest_impacted_original_chunk0029.jsonl","statePath":"EXP/20260504T161429Z/servicerequest_impacted_original_chunk0029.state.json","exported":0,"completed":true,"skipped":false},{"chunkNo":30,"from":29000,"to":29999,"mapRows":1000,"outPath":"EXP/20260504T161429Z/servicerequest_impacted_original_chunk0030.jsonl","statePath":"EXP/20260504T161429Z/servicerequest_impacted_original_chunk0030.state.json","exported":0,"completed":true,"skipped":false},{"chunkNo":31,"from":30000,"to":30999,"mapRows":1000,"outPath":"EXP/20260504T161429Z/servicerequest_impacted_original_chunk0031.jsonl","statePath":"EXP/20260504T161429Z/servicerequest_impacted_original_chunk0031.state.json","exported":0,"completed":true,"skipped":false},{"chunkNo":32,"from":31000,"to":31999,"mapRows":1000,"outPath":"EXP/20260504T161429Z/servicerequest_impacted_original_chunk0032.jsonl","statePath":"EXP/20260504T161429Z/servicerequest_impacted_original_chunk0032.state.json","exported":0,"completed":true,"skipped":false},{"chunkNo":33,"from":32000,"to":32999,"mapRows":1000,"outPath":"EXP/20260504T161429Z/servicerequest_impacted_original_chunk0033.jsonl","statePath":"EXP/20260504T161429Z/servicerequest_impacted_original_chunk0033.state.json","exported":0,"completed":true,"skipped":false},{"chunkNo":34,"from":33000,"to":33999,"mapRows":1000,"outPath":"EXP/20260504T161429Z/servicerequest_impacted_original_chunk0034.jsonl","statePath":"EXP/20260504T161429Z/servicerequest_impacted_original_chunk0034.state.json","exported":0,"completed":true,"skipped":false},{"chunkNo":35,"from":34000,"to":34999,"mapRows":1000,"outPath":"EXP/20260504T161429Z/servicerequest_impacted_original_chunk0035.jsonl","statePath":"EXP/20260504T161429Z/servicerequest_impacted_original_chunk0035.state.json","exported":0,"completed":true,"skipped":false},{"chunkNo":36,"from":35000,"to":35999,"mapRows":1000,"outPath":"EXP/20260504T161429Z/servicerequest_impacted_original_chunk0036.jsonl","statePath":"EXP/20260504T161429Z/servicerequest_impacted_original_chunk0036.state.json","exported":0,"completed":true,"skipped":false},{"chunkNo":37,"from":36000,"to":36999,"mapRows":1000,"outPath":"EXP/20260504T161429Z/servicerequest_impacted_original_chunk0037.jsonl","statePath":"EXP/20260504T161429Z/servicerequest_impacted_original_chunk0037.state.json","exported":0,"completed":true,"skipped":false},{"chunkNo":38,"from":37000,"to":37999,"mapRows":1000,"outPath":"EXP/20260504T161429Z/servicerequest_impacted_original_chunk0038.jsonl","statePath":"EXP/20260504T161429Z/servicerequest_impacted_original_chunk0038.state.json","exported":0,"completed":true,"skipped":false},{"chunkNo":39,"from":38000,"to":38999,"mapRows":1000,"outPath":"EXP/20260504T161429Z/servicerequest_impacted_original_chunk0039.jsonl","statePath":"EXP/20260504T161429Z/servicerequest_impacted_original_chunk0039.state.json","exported":0,"completed":true,"skipped":false},{"chunkNo":40,"from":39000,"to":39999,"mapRows":1000,"outPath":"EXP/20260504T161429Z/servicerequest_impacted_original_chunk0040.jsonl","statePath":"EXP/20260504T161429Z/servicerequest_impacted_original_chunk0040.state.json","exported":0,"completed":true,"skipped":false},{"chunkNo":41,"from":40000,"to":40999,"mapRows":1000,"outPath":"EXP/20260504T161429Z/servicerequest_impacted_original_chunk0041.jsonl","statePath":"EXP/20260504T161429Z/servicerequest_impacted_original_chunk0041.state.json","exported":0,"completed":true,"skipped":false},{"chunkNo":42,"from":41000,"to":41999,"mapRows":1000,"outPath":"EXP/20260504T161429Z/servicerequest_impacted_original_chunk0042.jsonl","statePath":"EXP/20260504T161429Z/servicerequest_impacted_original_chunk0042.state.json","exported":0,"completed":true,"skipped":false},{"chunkNo":43,"from":42000,"to":42999,"mapRows":1000,"outPath":"EXP/20260504T161429Z/servicerequest_impacted_original_chunk0043.jsonl","statePath":"EXP/20260504T161429Z/servicerequest_impacted_original_chunk0043.state.json","exported":0,"completed":true,"skipped":false},{"chunkNo":44,"from":43000,"to":43999,"mapRows":1000,"outPath":"EXP/20260504T161429Z/servicerequest_impacted_original_chunk0044.jsonl","statePath":"EXP/20260504T161429Z/servicerequest_impacted_original_chunk0044.state.json","exported":0,"completed":true,"skipped":false},{"chunkNo":45,"from":44000,"to":44999,"mapRows":1000,"outPath":"EXP/20260504T161429Z/servicerequest_impacted_original_chunk0045.jsonl","statePath":"EXP/20260504T161429Z/servicerequest_impacted_original_chunk0045.state.json","exported":0,"completed":true,"skipped":false},{"chunkNo":46,"from":45000,"to":45999,"mapRows":1000,"outPath":"EXP/20260504T161429Z/servicerequest_impacted_original_chunk0046.jsonl","statePath":"EXP/20260504T161429Z/servicerequest_impacted_original_chunk0046.state.json","exported":0,"completed":true,"skipped":false},{"chunkNo":47,"from":46000,"to":46999,"mapRows":1000,"outPath":"EXP/20260504T161429Z/servicerequest_impacted_original_chunk0047.jsonl","statePath":"EXP/20260504T161429Z/servicerequest_impacted_original_chunk0047.state.json","exported":0,"completed":true,"skipped":false},{"chunkNo":48,"from":47000,"to":47999,"mapRows":1000,"outPath":"EXP/20260504T161429Z/servicerequest_impacted_original_chunk0048.jsonl","statePath":"EXP/20260504T161429Z/servicerequest_impacted_original_chunk0048.state.json","exported":0,"completed":true,"skipped":false},{"chunkNo":49,"from":48000,"to":48999,"mapRows":1000,"outPath":"EXP/20260504T161429Z/servicerequest_impacted_original_chunk0049.jsonl","statePath":"EXP/20260504T161429Z/servicerequest_impacted_original_chunk0049.state.json","exported":0,"completed":true,"skipped":false},{"chunkNo":50,"from":49000,"to":49999,"mapRows":1000,"outPath":"EXP/20260504T161429Z/servicerequest_impacted_original_chunk0050.jsonl","statePath":"EXP/20260504T161429Z/servicerequest_impacted_original_chunk0050.state.json","exported":0,"completed":true,"skipped":false},{"chunkNo":51,"from":50000,"to":50999,"mapRows":1000,"outPath":"EXP/20260504T161429Z/servicerequest_impacted_original_chunk0051.jsonl","statePath":"EXP/20260504T161429Z/servicerequest_impacted_original_chunk0051.state.json","exported":0,"completed":true,"skipped":false},{"chunkNo":52,"from":51000,"to":51999,"mapRows":1000,"outPath":"EXP/20260504T161429Z/servicerequest_impacted_original_chunk0052.jsonl","statePath":"EXP/20260504T161429Z/servicerequest_impacted_original_chunk0052.state.json","exported":0,"completed":true,"skipped":false},{"chunkNo":53,"from":52000,"to":52999,"mapRows":1000,"outPath":"EXP/20260504T161429Z/servicerequest_impacted_original_chunk0053.jsonl","statePath":"EXP/20260504T161429Z/servicerequest_impacted_original_chunk0053.state.json","exported":0,"completed":true,"skipped":false},{"chunkNo":54,"from":53000,"to":53999,"mapRows":1000,"outPath":"EXP/20260504T161429Z/servicerequest_impacted_original_chunk0054.jsonl","statePath":"EXP/20260504T161429Z/servicerequest_impacted_original_chunk0054.state.json","exported":0,"completed":true,"skipped":false},{"chunkNo":55,"from":54000,"to":54999,"mapRows":1000,"outPath":"EXP/20260504T161429Z/servicerequest_impacted_original_chunk0055.jsonl","statePath":"EXP/20260504T161429Z/servicerequest_impacted_original_chunk0055.state.json","exported":0,"completed":true,"skipped":false},{"chunkNo":56,"from":55000,"to":55999,"mapRows":1000,"outPath":"EXP/20260504T161429Z/servicerequest_impacted_original_chunk0056.jsonl","statePath":"EXP/20260504T161429Z/servicerequest_impacted_original_chunk0056.state.json","exported":0,"completed":true,"skipped":false},{"chunkNo":57,"from":56000,"to":56999,"mapRows":1000,"outPath":"EXP/20260504T161429Z/servicerequest_impacted_original_chunk0057.jsonl","statePath":"EXP/20260504T161429Z/servicerequest_impacted_original_chunk0057.state.json","exported":0,"completed":true,"skipped":false},{"chunkNo":58,"from":57000,"to":57999,"mapRows":1000,"outPath":"EXP/20260504T161429Z/servicerequest_impacted_original_chunk0058.jsonl","statePath":"EXP/20260504T161429Z/servicerequest_impacted_original_chunk0058.state.json","exported":0,"completed":true,"skipped":false},{"chunkNo":59,"from":58000,"to":58999,"mapRows":1000,"outPath":"EXP/20260504T161429Z/servicerequest_impacted_original_chunk0059.jsonl","statePath":"EXP/20260504T161429Z/servicerequest_impacted_original_chunk0059.state.json","exported":0,"completed":true,"skipped":false},{"chunkNo":60,"from":59000,"to":59999,"mapRows":1000,"outPath":"EXP/20260504T161429Z/servicerequest_impacted_original_chunk0060.jsonl","statePath":"EXP/20260504T161429Z/servicerequest_impacted_original_chunk0060.state.json","exported":0,"completed":true,"skipped":false},{"chunkNo":61,"from":60000,"to":60999,"mapRows":1000,"outPath":"EXP/20260504T161429Z/servicerequest_impacted_original_chunk0061.jsonl","statePath":"EXP/20260504T161429Z/servicerequest_impacted_original_chunk0061.state.json","exported":0,"completed":true,"skipped":false},{"chunkNo":62,"from":61000,"to":61999,"mapRows":1000,"outPath":"EXP/20260504T161429Z/servicerequest_impacted_original_chunk0062.jsonl","statePath":"EXP/20260504T161429Z/servicerequest_impacted_original_chunk0062.state.json","exported":0,"completed":true,"skipped":false},{"chunkNo":63,"from":62000,"to":62999,"mapRows":1000,"outPath":"EXP/20260504T161429Z/servicerequest_impacted_original_chunk0063.jsonl","statePath":"EXP/20260504T161429Z/servicerequest_impacted_original_chunk0063.state.json","exported":0,"completed":true,"skipped":false},{"chunkNo":64,"from":63000,"to":63999,"mapRows":1000,"outPath":"EXP/20260504T161429Z/servicerequest_impacted_original_chunk0064.jsonl","statePath":"EXP/20260504T161429Z/servicerequest_impacted_original_chunk0064.state.json","exported":0,"completed":true,"skipped":false},{"chunkNo":65,"from":64000,"to":64999,"mapRows":1000,"outPath":"EXP/20260504T161429Z/servicerequest_impacted_original_chunk0065.jsonl","statePath":"EXP/20260504T161429Z/servicerequest_impacted_original_chunk0065.state.json","exported":0,"completed":true,"skipped":false},{"chunkNo":66,"from":65000,"to":65999,"mapRows":1000,"outPath":"EXP/20260504T161429Z/servicerequest_impacted_original_chunk0066.jsonl","statePath":"EXP/20260504T161429Z/servicerequest_impacted_original_chunk0066.state.json","exported":0,"completed":true,"skipped":false},{"chunkNo":67,"from":66000,"to":66999,"mapRows":1000,"outPath":"EXP/20260504T161429Z/servicerequest_impacted_original_chunk0067.jsonl","statePath":"EXP/20260504T161429Z/servicerequest_impacted_original_chunk0067.state.json","exported":0,"completed":true,"skipped":false},{"chunkNo":68,"from":67000,"to":67999,"mapRows":1000,"outPath":"EXP/20260504T161429Z/servicerequest_impacted_original_chunk0068.jsonl","statePath":"EXP/20260504T161429Z/servicerequest_impacted_original_chunk0068.state.json","exported":0,"completed":true,"skipped":false},{"chunkNo":69,"from":68000,"to":68999,"mapRows":1000,"outPath":"EXP/20260504T161429Z/servicerequest_impacted_original_chunk0069.jsonl","statePath":"EXP/20260504T161429Z/servicerequest_impacted_original_chunk0069.state.json","exported":0,"completed":true,"skipped":false},{"chunkNo":70,"from":69000,"to":69999,"mapRows":1000,"outPath":"EXP/20260504T161429Z/servicerequest_impacted_original_chunk0070.jsonl","statePath":"EXP/20260504T161429Z/servicerequest_impacted_original_chunk0070.state.json","exported":0,"completed":true,"skipped":false},{"chunkNo":71,"from":70000,"to":70999,"mapRows":1000,"outPath":"EXP/20260504T161429Z/servicerequest_impacted_original_chunk0071.jsonl","statePath":"EXP/20260504T161429Z/servicerequest_impacted_original_chunk0071.state.json","exported":0,"completed":true,"skipped":false},{"chunkNo":72,"from":71000,"to":71999,"mapRows":1000,"outPath":"EXP/20260504T161429Z/servicerequest_impacted_original_chunk0072.jsonl","statePath":"EXP/20260504T161429Z/servicerequest_impacted_original_chunk0072.state.json","exported":0,"completed":true,"skipped":false},{"chunkNo":73,"from":72000,"to":72999,"mapRows":1000,"outPath":"EXP/20260504T161429Z/servicerequest_impacted_original_chunk0073.jsonl","statePath":"EXP/20260504T161429Z/servicerequest_impacted_original_chunk0073.state.json","exported":0,"completed":true,"skipped":false},{"chunkNo":74,"from":73000,"to":73999,"mapRows":1000,"outPath":"EXP/20260504T161429Z/servicerequest_impacted_original_chunk0074.jsonl","statePath":"EXP/20260504T161429Z/servicerequest_impacted_original_chunk0074.state.json","exported":0,"completed":true,"skipped":false},{"chunkNo":75,"from":74000,"to":74999,"mapRows":1000,"outPath":"EXP/20260504T161429Z/servicerequest_impacted_original_chunk0075.jsonl","statePath":"EXP/20260504T161429Z/servicerequest_impacted_original_chunk0075.state.json","exported":0,"completed":true,"skipped":false},{"chunkNo":76,"from":75000,"to":75999,"mapRows":1000,"outPath":"EXP/20260504T161429Z/servicerequest_impacted_original_chunk0076.jsonl","statePath":"EXP/20260504T161429Z/servicerequest_impacted_original_chunk0076.state.json","exported":0,"completed":true,"skipped":false},{"chunkNo":77,"from":76000,"to":76999,"mapRows":1000,"outPath":"EXP/20260504T161429Z/servicerequest_impacted_original_chunk0077.jsonl","statePath":"EXP/20260504T161429Z/servicerequest_impacted_original_chunk0077.state.json","exported":0,"completed":true,"skipped":false},{"chunkNo":78,"from":77000,"to":77969,"mapRows":970,"outPath":"EXP/20260504T161429Z/servicerequest_impacted_original_chunk0078.jsonl","statePath":"EXP/20260504T161429Z/servicerequest_impacted_original_chunk0078.state.json","exported":0,"completed":true,"skipped":false}]},"ts":"2026-05-04T16:18:16.502Z"}
{"type":"result","script":"016_04_importazione_prod_match_servicerequest_by_keys_replace_client_side.js","runId":"20260504T161429Z","stepId":33,"dbName":"hc40-index-bonifica","inDir":"EXP/20260504T161429Z","filePrefix":"servicerequest_impacted_chunk","fileSuffix":".jsonl","maxFiles":0,"collection":"servicerequest_impacted_modified","mode":"insert","batch":1000,"dropBefore":true,"totals":{"files":78,"totalLines":2252,"emptyLines":0,"parsedDocs":2252,"bulks":3,"opsExecuted":2252,"inserted":2252,"upserted":0,"modified":0},"finalCollCount":2252,"ts":"2026-05-04T16:18:27.615Z"}
{"type":"result","script":"016_04B_importazione_prod_match_servicerequest_by_keys_original.js","runId":"20260504T161429Z","stepId":34,"dbName":"hc40-index-bonifica","inDir":"EXP/20260504T161429Z","filePrefix":"servicerequest_impacted_original_chunk","fileSuffix":".jsonl","maxFiles":0,"collection":"servicerequest_impacted_original","mode":"insert","batch":1000,"dropBefore":true,"totals":{"files":78,"totalLines":2252,"emptyLines":0,"parsedDocs":2252,"bulks":3,"opsExecuted":2252,"inserted":2252,"upserted":0,"modified":0},"finalCollCount":2252,"ts":"2026-05-04T16:18:38.243Z"}
{"type":"result","script":"026_03_esportazione_su_file_prod_match_observation_by_keys_replace.js","runId":"20260504T161429Z","stepId":40,"dbName":"hc40-index-bonifica","expDir":"./EXP","outDir":"EXP/20260504T161429Z","outBase":"observation_impacted","outExt":".jsonl","logPath":"EXP/20260504T161429Z/observation_impacted.log","mapPath":"EXP/20260504T161429Z/sio_ihub_hc40_adt_keys_map.js","mapConstName":"SIO_IHUB_HC40_ADT_KEYS","globalStatePath":"EXP/20260504T161429Z/observation_impacted.chunks.state.json","debug":false,"debugDocId":null,"debugNoWrite":false,"mapChunkSize":1000,"batchSize":2000,"logEvery":1000,"matchName":"encounter:encounter.reference","hintName":"attribute_search.name_1_attribute_search.value_1__id_1","summary":{"totalPairs":77970,"chunkSize":1000,"chunkCount":78,"completedChunksBefore":[],"completedChunksAfter":[1,2,3,4,5,6,7,8,9,10,11,12,13,14,15,16,17,18,19,20,21,22,23,24,25,26,27,28,29,30,31,32,33,34,35,36,37,38,39,40,41,42,43,44,45,46,47,48,49,50,51,52,53,54,55,56,57,58,59,60,61,62,63,64,65,66,67,68,69,70,71,72,73,74,75,76,77,78],"totalExportedDocs":5306,"totalReplDirect":66809,"totalReplPipeSuffix":31088,"chunks":[{"chunkNo":1,"from":0,"to":999,"mapRows":1000,"outPath":"EXP/20260504T161429Z/observation_impacted_chunk0001.jsonl","statePath":"EXP/20260504T161429Z/observation_impacted_chunk0001.state.json","exported":5306,"replDirect":66809,"replPipeSuffix":31088,"completed":true,"skipped":false},{"chunkNo":2,"from":1000,"to":1999,"mapRows":1000,"outPath":"EXP/20260504T161429Z/observation_impacted_chunk0002.jsonl","statePath":"EXP/20260504T161429Z/observation_impacted_chunk0002.state.json","exported":0,"replDirect":0,"replPipeSuffix":0,"completed":true,"skipped":false},{"chunkNo":3,"from":2000,"to":2999,"mapRows":1000,"outPath":"EXP/20260504T161429Z/observation_impacted_chunk0003.jsonl","statePath":"EXP/20260504T161429Z/observation_impacted_chunk0003.state.json","exported":0,"replDirect":0,"replPipeSuffix":0,"completed":true,"skipped":false},{"chunkNo":4,"from":3000,"to":3999,"mapRows":1000,"outPath":"EXP/20260504T161429Z/observation_impacted_chunk0004.jsonl","statePath":"EXP/20260504T161429Z/observation_impacted_chunk0004.state.json","exported":0,"replDirect":0,"replPipeSuffix":0,"completed":true,"skipped":false},{"chunkNo":5,"from":4000,"to":4999,"mapRows":1000,"outPath":"EXP/20260504T161429Z/observation_impacted_chunk0005.jsonl","statePath":"EXP/20260504T161429Z/observation_impacted_chunk0005.state.json","exported":0,"replDirect":0,"replPipeSuffix":0,"completed":true,"skipped":false},{"chunkNo":6,"from":5000,"to":5999,"mapRows":1000,"outPath":"EXP/20260504T161429Z/observation_impacted_chunk0006.jsonl","statePath":"EXP/20260504T161429Z/observation_impacted_chunk0006.state.json","exported":0,"replDirect":0,"replPipeSuffix":0,"completed":true,"skipped":false},{"chunkNo":7,"from":6000,"to":6999,"mapRows":1000,"outPath":"EXP/20260504T161429Z/observation_impacted_chunk0007.jsonl","statePath":"EXP/20260504T161429Z/observation_impacted_chunk0007.state.json","exported":0,"replDirect":0,"replPipeSuffix":0,"completed":true,"skipped":false},{"chunkNo":8,"from":7000,"to":7999,"mapRows":1000,"outPath":"EXP/20260504T161429Z/observation_impacted_chunk0008.jsonl","statePath":"EXP/20260504T161429Z/observation_impacted_chunk0008.state.json","exported":0,"replDirect":0,"replPipeSuffix":0,"completed":true,"skipped":false},{"chunkNo":9,"from":8000,"to":8999,"mapRows":1000,"outPath":"EXP/20260504T161429Z/observation_impacted_chunk0009.jsonl","statePath":"EXP/20260504T161429Z/observation_impacted_chunk0009.state.json","exported":0,"replDirect":0,"replPipeSuffix":0,"completed":true,"skipped":false},{"chunkNo":10,"from":9000,"to":9999,"mapRows":1000,"outPath":"EXP/20260504T161429Z/observation_impacted_chunk0010.jsonl","statePath":"EXP/20260504T161429Z/observation_impacted_chunk0010.state.json","exported":0,"replDirect":0,"replPipeSuffix":0,"completed":true,"skipped":false},{"chunkNo":11,"from":10000,"to":10999,"mapRows":1000,"outPath":"EXP/20260504T161429Z/observation_impacted_chunk0011.jsonl","statePath":"EXP/20260504T161429Z/observation_impacted_chunk0011.state.json","exported":0,"replDirect":0,"replPipeSuffix":0,"completed":true,"skipped":false},{"chunkNo":12,"from":11000,"to":11999,"mapRows":1000,"outPath":"EXP/20260504T161429Z/observation_impacted_chunk0012.jsonl","statePath":"EXP/20260504T161429Z/observation_impacted_chunk0012.state.json","exported":0,"replDirect":0,"replPipeSuffix":0,"completed":true,"skipped":false},{"chunkNo":13,"from":12000,"to":12999,"mapRows":1000,"outPath":"EXP/20260504T161429Z/observation_impacted_chunk0013.jsonl","statePath":"EXP/20260504T161429Z/observation_impacted_chunk0013.state.json","exported":0,"replDirect":0,"replPipeSuffix":0,"completed":true,"skipped":false},{"chunkNo":14,"from":13000,"to":13999,"mapRows":1000,"outPath":"EXP/20260504T161429Z/observation_impacted_chunk0014.jsonl","statePath":"EXP/20260504T161429Z/observation_impacted_chunk0014.state.json","exported":0,"replDirect":0,"replPipeSuffix":0,"completed":true,"skipped":false},{"chunkNo":15,"from":14000,"to":14999,"mapRows":1000,"outPath":"EXP/20260504T161429Z/observation_impacted_chunk0015.jsonl","statePath":"EXP/20260504T161429Z/observation_impacted_chunk0015.state.json","exported":0,"replDirect":0,"replPipeSuffix":0,"completed":true,"skipped":false},{"chunkNo":16,"from":15000,"to":15999,"mapRows":1000,"outPath":"EXP/20260504T161429Z/observation_impacted_chunk0016.jsonl","statePath":"EXP/20260504T161429Z/observation_impacted_chunk0016.state.json","exported":0,"replDirect":0,"replPipeSuffix":0,"completed":true,"skipped":false},{"chunkNo":17,"from":16000,"to":16999,"mapRows":1000,"outPath":"EXP/20260504T161429Z/observation_impacted_chunk0017.jsonl","statePath":"EXP/20260504T161429Z/observation_impacted_chunk0017.state.json","exported":0,"replDirect":0,"replPipeSuffix":0,"completed":true,"skipped":false},{"chunkNo":18,"from":17000,"to":17999,"mapRows":1000,"outPath":"EXP/20260504T161429Z/observation_impacted_chunk0018.jsonl","statePath":"EXP/20260504T161429Z/observation_impacted_chunk0018.state.json","exported":0,"replDirect":0,"replPipeSuffix":0,"completed":true,"skipped":false},{"chunkNo":19,"from":18000,"to":18999,"mapRows":1000,"outPath":"EXP/20260504T161429Z/observation_impacted_chunk0019.jsonl","statePath":"EXP/20260504T161429Z/observation_impacted_chunk0019.state.json","exported":0,"replDirect":0,"replPipeSuffix":0,"completed":true,"skipped":false},{"chunkNo":20,"from":19000,"to":19999,"mapRows":1000,"outPath":"EXP/20260504T161429Z/observation_impacted_chunk0020.jsonl","statePath":"EXP/20260504T161429Z/observation_impacted_chunk0020.state.json","exported":0,"replDirect":0,"replPipeSuffix":0,"completed":true,"skipped":false},{"chunkNo":21,"from":20000,"to":20999,"mapRows":1000,"outPath":"EXP/20260504T161429Z/observation_impacted_chunk0021.jsonl","statePath":"EXP/20260504T161429Z/observation_impacted_chunk0021.state.json","exported":0,"replDirect":0,"replPipeSuffix":0,"completed":true,"skipped":false},{"chunkNo":22,"from":21000,"to":21999,"mapRows":1000,"outPath":"EXP/20260504T161429Z/observation_impacted_chunk0022.jsonl","statePath":"EXP/20260504T161429Z/observation_impacted_chunk0022.state.json","exported":0,"replDirect":0,"replPipeSuffix":0,"completed":true,"skipped":false},{"chunkNo":23,"from":22000,"to":22999,"mapRows":1000,"outPath":"EXP/20260504T161429Z/observation_impacted_chunk0023.jsonl","statePath":"EXP/20260504T161429Z/observation_impacted_chunk0023.state.json","exported":0,"replDirect":0,"replPipeSuffix":0,"completed":true,"skipped":false},{"chunkNo":24,"from":23000,"to":23999,"mapRows":1000,"outPath":"EXP/20260504T161429Z/observation_impacted_chunk0024.jsonl","statePath":"EXP/20260504T161429Z/observation_impacted_chunk0024.state.json","exported":0,"replDirect":0,"replPipeSuffix":0,"completed":true,"skipped":false},{"chunkNo":25,"from":24000,"to":24999,"mapRows":1000,"outPath":"EXP/20260504T161429Z/observation_impacted_chunk0025.jsonl","statePath":"EXP/20260504T161429Z/observation_impacted_chunk0025.state.json","exported":0,"replDirect":0,"replPipeSuffix":0,"completed":true,"skipped":false},{"chunkNo":26,"from":25000,"to":25999,"mapRows":1000,"outPath":"EXP/20260504T161429Z/observation_impacted_chunk0026.jsonl","statePath":"EXP/20260504T161429Z/observation_impacted_chunk0026.state.json","exported":0,"replDirect":0,"replPipeSuffix":0,"completed":true,"skipped":false},{"chunkNo":27,"from":26000,"to":26999,"mapRows":1000,"outPath":"EXP/20260504T161429Z/observation_impacted_chunk0027.jsonl","statePath":"EXP/20260504T161429Z/observation_impacted_chunk0027.state.json","exported":0,"replDirect":0,"replPipeSuffix":0,"completed":true,"skipped":false},{"chunkNo":28,"from":27000,"to":27999,"mapRows":1000,"outPath":"EXP/20260504T161429Z/observation_impacted_chunk0028.jsonl","statePath":"EXP/20260504T161429Z/observation_impacted_chunk0028.state.json","exported":0,"replDirect":0,"replPipeSuffix":0,"completed":true,"skipped":false},{"chunkNo":29,"from":28000,"to":28999,"mapRows":1000,"outPath":"EXP/20260504T161429Z/observation_impacted_chunk0029.jsonl","statePath":"EXP/20260504T161429Z/observation_impacted_chunk0029.state.json","exported":0,"replDirect":0,"replPipeSuffix":0,"completed":true,"skipped":false},{"chunkNo":30,"from":29000,"to":29999,"mapRows":1000,"outPath":"EXP/20260504T161429Z/observation_impacted_chunk0030.jsonl","statePath":"EXP/20260504T161429Z/observation_impacted_chunk0030.state.json","exported":0,"replDirect":0,"replPipeSuffix":0,"completed":true,"skipped":false},{"chunkNo":31,"from":30000,"to":30999,"mapRows":1000,"outPath":"EXP/20260504T161429Z/observation_impacted_chunk0031.jsonl","statePath":"EXP/20260504T161429Z/observation_impacted_chunk0031.state.json","exported":0,"replDirect":0,"replPipeSuffix":0,"completed":true,"skipped":false},{"chunkNo":32,"from":31000,"to":31999,"mapRows":1000,"outPath":"EXP/20260504T161429Z/observation_impacted_chunk0032.jsonl","statePath":"EXP/20260504T161429Z/observation_impacted_chunk0032.state.json","exported":0,"replDirect":0,"replPipeSuffix":0,"completed":true,"skipped":false},{"chunkNo":33,"from":32000,"to":32999,"mapRows":1000,"outPath":"EXP/20260504T161429Z/observation_impacted_chunk0033.jsonl","statePath":"EXP/20260504T161429Z/observation_impacted_chunk0033.state.json","exported":0,"replDirect":0,"replPipeSuffix":0,"completed":true,"skipped":false},{"chunkNo":34,"from":33000,"to":33999,"mapRows":1000,"outPath":"EXP/20260504T161429Z/observation_impacted_chunk0034.jsonl","statePath":"EXP/20260504T161429Z/observation_impacted_chunk0034.state.json","exported":0,"replDirect":0,"replPipeSuffix":0,"completed":true,"skipped":false},{"chunkNo":35,"from":34000,"to":34999,"mapRows":1000,"outPath":"EXP/20260504T161429Z/observation_impacted_chunk0035.jsonl","statePath":"EXP/20260504T161429Z/observation_impacted_chunk0035.state.json","exported":0,"replDirect":0,"replPipeSuffix":0,"completed":true,"skipped":false},{"chunkNo":36,"from":35000,"to":35999,"mapRows":1000,"outPath":"EXP/20260504T161429Z/observation_impacted_chunk0036.jsonl","statePath":"EXP/20260504T161429Z/observation_impacted_chunk0036.state.json","exported":0,"replDirect":0,"replPipeSuffix":0,"completed":true,"skipped":false},{"chunkNo":37,"from":36000,"to":36999,"mapRows":1000,"outPath":"EXP/20260504T161429Z/observation_impacted_chunk0037.jsonl","statePath":"EXP/20260504T161429Z/observation_impacted_chunk0037.state.json","exported":0,"replDirect":0,"replPipeSuffix":0,"completed":true,"skipped":false},{"chunkNo":38,"from":37000,"to":37999,"mapRows":1000,"outPath":"EXP/20260504T161429Z/observation_impacted_chunk0038.jsonl","statePath":"EXP/20260504T161429Z/observation_impacted_chunk0038.state.json","exported":0,"replDirect":0,"replPipeSuffix":0,"completed":true,"skipped":false},{"chunkNo":39,"from":38000,"to":38999,"mapRows":1000,"outPath":"EXP/20260504T161429Z/observation_impacted_chunk0039.jsonl","statePath":"EXP/20260504T161429Z/observation_impacted_chunk0039.state.json","exported":0,"replDirect":0,"replPipeSuffix":0,"completed":true,"skipped":false},{"chunkNo":40,"from":39000,"to":39999,"mapRows":1000,"outPath":"EXP/20260504T161429Z/observation_impacted_chunk0040.jsonl","statePath":"EXP/20260504T161429Z/observation_impacted_chunk0040.state.json","exported":0,"replDirect":0,"replPipeSuffix":0,"completed":true,"skipped":false},{"chunkNo":41,"from":40000,"to":40999,"mapRows":1000,"outPath":"EXP/20260504T161429Z/observation_impacted_chunk0041.jsonl","statePath":"EXP/20260504T161429Z/observation_impacted_chunk0041.state.json","exported":0,"replDirect":0,"replPipeSuffix":0,"completed":true,"skipped":false},{"chunkNo":42,"from":41000,"to":41999,"mapRows":1000,"outPath":"EXP/20260504T161429Z/observation_impacted_chunk0042.jsonl","statePath":"EXP/20260504T161429Z/observation_impacted_chunk0042.state.json","exported":0,"replDirect":0,"replPipeSuffix":0,"completed":true,"skipped":false},{"chunkNo":43,"from":42000,"to":42999,"mapRows":1000,"outPath":"EXP/20260504T161429Z/observation_impacted_chunk0043.jsonl","statePath":"EXP/20260504T161429Z/observation_impacted_chunk0043.state.json","exported":0,"replDirect":0,"replPipeSuffix":0,"completed":true,"skipped":false},{"chunkNo":44,"from":43000,"to":43999,"mapRows":1000,"outPath":"EXP/20260504T161429Z/observation_impacted_chunk0044.jsonl","statePath":"EXP/20260504T161429Z/observation_impacted_chunk0044.state.json","exported":0,"replDirect":0,"replPipeSuffix":0,"completed":true,"skipped":false},{"chunkNo":45,"from":44000,"to":44999,"mapRows":1000,"outPath":"EXP/20260504T161429Z/observation_impacted_chunk0045.jsonl","statePath":"EXP/20260504T161429Z/observation_impacted_chunk0045.state.json","exported":0,"replDirect":0,"replPipeSuffix":0,"completed":true,"skipped":false},{"chunkNo":46,"from":45000,"to":45999,"mapRows":1000,"outPath":"EXP/20260504T161429Z/observation_impacted_chunk0046.jsonl","statePath":"EXP/20260504T161429Z/observation_impacted_chunk0046.state.json","exported":0,"replDirect":0,"replPipeSuffix":0,"completed":true,"skipped":false},{"chunkNo":47,"from":46000,"to":46999,"mapRows":1000,"outPath":"EXP/20260504T161429Z/observation_impacted_chunk0047.jsonl","statePath":"EXP/20260504T161429Z/observation_impacted_chunk0047.state.json","exported":0,"replDirect":0,"replPipeSuffix":0,"completed":true,"skipped":false},{"chunkNo":48,"from":47000,"to":47999,"mapRows":1000,"outPath":"EXP/20260504T161429Z/observation_impacted_chunk0048.jsonl","statePath":"EXP/20260504T161429Z/observation_impacted_chunk0048.state.json","exported":0,"replDirect":0,"replPipeSuffix":0,"completed":true,"skipped":false},{"chunkNo":49,"from":48000,"to":48999,"mapRows":1000,"outPath":"EXP/20260504T161429Z/observation_impacted_chunk0049.jsonl","statePath":"EXP/20260504T161429Z/observation_impacted_chunk0049.state.json","exported":0,"replDirect":0,"replPipeSuffix":0,"completed":true,"skipped":false},{"chunkNo":50,"from":49000,"to":49999,"mapRows":1000,"outPath":"EXP/20260504T161429Z/observation_impacted_chunk0050.jsonl","statePath":"EXP/20260504T161429Z/observation_impacted_chunk0050.state.json","exported":0,"replDirect":0,"replPipeSuffix":0,"completed":true,"skipped":false},{"chunkNo":51,"from":50000,"to":50999,"mapRows":1000,"outPath":"EXP/20260504T161429Z/observation_impacted_chunk0051.jsonl","statePath":"EXP/20260504T161429Z/observation_impacted_chunk0051.state.json","exported":0,"replDirect":0,"replPipeSuffix":0,"completed":true,"skipped":false},{"chunkNo":52,"from":51000,"to":51999,"mapRows":1000,"outPath":"EXP/20260504T161429Z/observation_impacted_chunk0052.jsonl","statePath":"EXP/20260504T161429Z/observation_impacted_chunk0052.state.json","exported":0,"replDirect":0,"replPipeSuffix":0,"completed":true,"skipped":false},{"chunkNo":53,"from":52000,"to":52999,"mapRows":1000,"outPath":"EXP/20260504T161429Z/observation_impacted_chunk0053.jsonl","statePath":"EXP/20260504T161429Z/observation_impacted_chunk0053.state.json","exported":0,"replDirect":0,"replPipeSuffix":0,"completed":true,"skipped":false},{"chunkNo":54,"from":53000,"to":53999,"mapRows":1000,"outPath":"EXP/20260504T161429Z/observation_impacted_chunk0054.jsonl","statePath":"EXP/20260504T161429Z/observation_impacted_chunk0054.state.json","exported":0,"replDirect":0,"replPipeSuffix":0,"completed":true,"skipped":false},{"chunkNo":55,"from":54000,"to":54999,"mapRows":1000,"outPath":"EXP/20260504T161429Z/observation_impacted_chunk0055.jsonl","statePath":"EXP/20260504T161429Z/observation_impacted_chunk0055.state.json","exported":0,"replDirect":0,"replPipeSuffix":0,"completed":true,"skipped":false},{"chunkNo":56,"from":55000,"to":55999,"mapRows":1000,"outPath":"EXP/20260504T161429Z/observation_impacted_chunk0056.jsonl","statePath":"EXP/20260504T161429Z/observation_impacted_chunk0056.state.json","exported":0,"replDirect":0,"replPipeSuffix":0,"completed":true,"skipped":false},{"chunkNo":57,"from":56000,"to":56999,"mapRows":1000,"outPath":"EXP/20260504T161429Z/observation_impacted_chunk0057.jsonl","statePath":"EXP/20260504T161429Z/observation_impacted_chunk0057.state.json","exported":0,"replDirect":0,"replPipeSuffix":0,"completed":true,"skipped":false},{"chunkNo":58,"from":57000,"to":57999,"mapRows":1000,"outPath":"EXP/20260504T161429Z/observation_impacted_chunk0058.jsonl","statePath":"EXP/20260504T161429Z/observation_impacted_chunk0058.state.json","exported":0,"replDirect":0,"replPipeSuffix":0,"completed":true,"skipped":false},{"chunkNo":59,"from":58000,"to":58999,"mapRows":1000,"outPath":"EXP/20260504T161429Z/observation_impacted_chunk0059.jsonl","statePath":"EXP/20260504T161429Z/observation_impacted_chunk0059.state.json","exported":0,"replDirect":0,"replPipeSuffix":0,"completed":true,"skipped":false},{"chunkNo":60,"from":59000,"to":59999,"mapRows":1000,"outPath":"EXP/20260504T161429Z/observation_impacted_chunk0060.jsonl","statePath":"EXP/20260504T161429Z/observation_impacted_chunk0060.state.json","exported":0,"replDirect":0,"replPipeSuffix":0,"completed":true,"skipped":false},{"chunkNo":61,"from":60000,"to":60999,"mapRows":1000,"outPath":"EXP/20260504T161429Z/observation_impacted_chunk0061.jsonl","statePath":"EXP/20260504T161429Z/observation_impacted_chunk0061.state.json","exported":0,"replDirect":0,"replPipeSuffix":0,"completed":true,"skipped":false},{"chunkNo":62,"from":61000,"to":61999,"mapRows":1000,"outPath":"EXP/20260504T161429Z/observation_impacted_chunk0062.jsonl","statePath":"EXP/20260504T161429Z/observation_impacted_chunk0062.state.json","exported":0,"replDirect":0,"replPipeSuffix":0,"completed":true,"skipped":false},{"chunkNo":63,"from":62000,"to":62999,"mapRows":1000,"outPath":"EXP/20260504T161429Z/observation_impacted_chunk0063.jsonl","statePath":"EXP/20260504T161429Z/observation_impacted_chunk0063.state.json","exported":0,"replDirect":0,"replPipeSuffix":0,"completed":true,"skipped":false},{"chunkNo":64,"from":63000,"to":63999,"mapRows":1000,"outPath":"EXP/20260504T161429Z/observation_impacted_chunk0064.jsonl","statePath":"EXP/20260504T161429Z/observation_impacted_chunk0064.state.json","exported":0,"replDirect":0,"replPipeSuffix":0,"completed":true,"skipped":false},{"chunkNo":65,"from":64000,"to":64999,"mapRows":1000,"outPath":"EXP/20260504T161429Z/observation_impacted_chunk0065.jsonl","statePath":"EXP/20260504T161429Z/observation_impacted_chunk0065.state.json","exported":0,"replDirect":0,"replPipeSuffix":0,"completed":true,"skipped":false},{"chunkNo":66,"from":65000,"to":65999,"mapRows":1000,"outPath":"EXP/20260504T161429Z/observation_impacted_chunk0066.jsonl","statePath":"EXP/20260504T161429Z/observation_impacted_chunk0066.state.json","exported":0,"replDirect":0,"replPipeSuffix":0,"completed":true,"skipped":false},{"chunkNo":67,"from":66000,"to":66999,"mapRows":1000,"outPath":"EXP/20260504T161429Z/observation_impacted_chunk0067.jsonl","statePath":"EXP/20260504T161429Z/observation_impacted_chunk0067.state.json","exported":0,"replDirect":0,"replPipeSuffix":0,"completed":true,"skipped":false},{"chunkNo":68,"from":67000,"to":67999,"mapRows":1000,"outPath":"EXP/20260504T161429Z/observation_impacted_chunk0068.jsonl","statePath":"EXP/20260504T161429Z/observation_impacted_chunk0068.state.json","exported":0,"replDirect":0,"replPipeSuffix":0,"completed":true,"skipped":false},{"chunkNo":69,"from":68000,"to":68999,"mapRows":1000,"outPath":"EXP/20260504T161429Z/observation_impacted_chunk0069.jsonl","statePath":"EXP/20260504T161429Z/observation_impacted_chunk0069.state.json","exported":0,"replDirect":0,"replPipeSuffix":0,"completed":true,"skipped":false},{"chunkNo":70,"from":69000,"to":69999,"mapRows":1000,"outPath":"EXP/20260504T161429Z/observation_impacted_chunk0070.jsonl","statePath":"EXP/20260504T161429Z/observation_impacted_chunk0070.state.json","exported":0,"replDirect":0,"replPipeSuffix":0,"completed":true,"skipped":false},{"chunkNo":71,"from":70000,"to":70999,"mapRows":1000,"outPath":"EXP/20260504T161429Z/observation_impacted_chunk0071.jsonl","statePath":"EXP/20260504T161429Z/observation_impacted_chunk0071.state.json","exported":0,"replDirect":0,"replPipeSuffix":0,"completed":true,"skipped":false},{"chunkNo":72,"from":71000,"to":71999,"mapRows":1000,"outPath":"EXP/20260504T161429Z/observation_impacted_chunk0072.jsonl","statePath":"EXP/20260504T161429Z/observation_impacted_chunk0072.state.json","exported":0,"replDirect":0,"replPipeSuffix":0,"completed":true,"skipped":false},{"chunkNo":73,"from":72000,"to":72999,"mapRows":1000,"outPath":"EXP/20260504T161429Z/observation_impacted_chunk0073.jsonl","statePath":"EXP/20260504T161429Z/observation_impacted_chunk0073.state.json","exported":0,"replDirect":0,"replPipeSuffix":0,"completed":true,"skipped":false},{"chunkNo":74,"from":73000,"to":73999,"mapRows":1000,"outPath":"EXP/20260504T161429Z/observation_impacted_chunk0074.jsonl","statePath":"EXP/20260504T161429Z/observation_impacted_chunk0074.state.json","exported":0,"replDirect":0,"replPipeSuffix":0,"completed":true,"skipped":false},{"chunkNo":75,"from":74000,"to":74999,"mapRows":1000,"outPath":"EXP/20260504T161429Z/observation_impacted_chunk0075.jsonl","statePath":"EXP/20260504T161429Z/observation_impacted_chunk0075.state.json","exported":0,"replDirect":0,"replPipeSuffix":0,"completed":true,"skipped":false},{"chunkNo":76,"from":75000,"to":75999,"mapRows":1000,"outPath":"EXP/20260504T161429Z/observation_impacted_chunk0076.jsonl","statePath":"EXP/20260504T161429Z/observation_impacted_chunk0076.state.json","exported":0,"replDirect":0,"replPipeSuffix":0,"completed":true,"skipped":false},{"chunkNo":77,"from":76000,"to":76999,"mapRows":1000,"outPath":"EXP/20260504T161429Z/observation_impacted_chunk0077.jsonl","statePath":"EXP/20260504T161429Z/observation_impacted_chunk0077.state.json","exported":0,"replDirect":0,"replPipeSuffix":0,"completed":true,"skipped":false},{"chunkNo":78,"from":77000,"to":77969,"mapRows":970,"outPath":"EXP/20260504T161429Z/observation_impacted_chunk0078.jsonl","statePath":"EXP/20260504T161429Z/observation_impacted_chunk0078.state.json","exported":0,"replDirect":0,"replPipeSuffix":0,"completed":true,"skipped":false}]},"ts":"2026-05-04T16:19:35.696Z"}
{"type":"result","script":"026_03B_esportazione_su_file_prod_match_observation_by_keys_original.js","runId":"20260504T161429Z","stepId":41,"dbName":"hc40-index-bonifica","expDir":"./EXP","outDir":"EXP/20260504T161429Z","outBase":"observation_impacted_original","outExt":".jsonl","logPath":"EXP/20260504T161429Z/observation_impacted_original.log","mapPath":"EXP/20260504T161429Z/sio_ihub_hc40_adt_keys_map.js","mapConstName":"SIO_IHUB_HC40_ADT_KEYS","globalStatePath":"EXP/20260504T161429Z/observation_impacted_original.chunks.state.json","debug":false,"debugDocId":null,"debugNoWrite":false,"mapChunkSize":1000,"batchSize":2000,"logEvery":1000,"matchName":"encounter:encounter.reference","hintName":"attribute_search.name_1_attribute_search.value_1__id_1","summary":{"totalPairs":77970,"chunkSize":1000,"chunkCount":78,"completedChunksBefore":[],"completedChunksAfter":[1,2,3,4,5,6,7,8,9,10,11,12,13,14,15,16,17,18,19,20,21,22,23,24,25,26,27,28,29,30,31,32,33,34,35,36,37,38,39,40,41,42,43,44,45,46,47,48,49,50,51,52,53,54,55,56,57,58,59,60,61,62,63,64,65,66,67,68,69,70,71,72,73,74,75,76,77,78],"totalExportedDocs":5306,"chunks":[{"chunkNo":1,"from":0,"to":999,"mapRows":1000,"outPath":"EXP/20260504T161429Z/observation_impacted_original_chunk0001.jsonl","statePath":"EXP/20260504T161429Z/observation_impacted_original_chunk0001.state.json","exported":5306,"completed":true,"skipped":false},{"chunkNo":2,"from":1000,"to":1999,"mapRows":1000,"outPath":"EXP/20260504T161429Z/observation_impacted_original_chunk0002.jsonl","statePath":"EXP/20260504T161429Z/observation_impacted_original_chunk0002.state.json","exported":0,"completed":true,"skipped":false},{"chunkNo":3,"from":2000,"to":2999,"mapRows":1000,"outPath":"EXP/20260504T161429Z/observation_impacted_original_chunk0003.jsonl","statePath":"EXP/20260504T161429Z/observation_impacted_original_chunk0003.state.json","exported":0,"completed":true,"skipped":false},{"chunkNo":4,"from":3000,"to":3999,"mapRows":1000,"outPath":"EXP/20260504T161429Z/observation_impacted_original_chunk0004.jsonl","statePath":"EXP/20260504T161429Z/observation_impacted_original_chunk0004.state.json","exported":0,"completed":true,"skipped":false},{"chunkNo":5,"from":4000,"to":4999,"mapRows":1000,"outPath":"EXP/20260504T161429Z/observation_impacted_original_chunk0005.jsonl","statePath":"EXP/20260504T161429Z/observation_impacted_original_chunk0005.state.json","exported":0,"completed":true,"skipped":false},{"chunkNo":6,"from":5000,"to":5999,"mapRows":1000,"outPath":"EXP/20260504T161429Z/observation_impacted_original_chunk0006.jsonl","statePath":"EXP/20260504T161429Z/observation_impacted_original_chunk0006.state.json","exported":0,"completed":true,"skipped":false},{"chunkNo":7,"from":6000,"to":6999,"mapRows":1000,"outPath":"EXP/20260504T161429Z/observation_impacted_original_chunk0007.jsonl","statePath":"EXP/20260504T161429Z/observation_impacted_original_chunk0007.state.json","exported":0,"completed":true,"skipped":false},{"chunkNo":8,"from":7000,"to":7999,"mapRows":1000,"outPath":"EXP/20260504T161429Z/observation_impacted_original_chunk0008.jsonl","statePath":"EXP/20260504T161429Z/observation_impacted_original_chunk0008.state.json","exported":0,"completed":true,"skipped":false},{"chunkNo":9,"from":8000,"to":8999,"mapRows":1000,"outPath":"EXP/20260504T161429Z/observation_impacted_original_chunk0009.jsonl","statePath":"EXP/20260504T161429Z/observation_impacted_original_chunk0009.state.json","exported":0,"completed":true,"skipped":false},{"chunkNo":10,"from":9000,"to":9999,"mapRows":1000,"outPath":"EXP/20260504T161429Z/observation_impacted_original_chunk0010.jsonl","statePath":"EXP/20260504T161429Z/observation_impacted_original_chunk0010.state.json","exported":0,"completed":true,"skipped":false},{"chunkNo":11,"from":10000,"to":10999,"mapRows":1000,"outPath":"EXP/20260504T161429Z/observation_impacted_original_chunk0011.jsonl","statePath":"EXP/20260504T161429Z/observation_impacted_original_chunk0011.state.json","exported":0,"completed":true,"skipped":false},{"chunkNo":12,"from":11000,"to":11999,"mapRows":1000,"outPath":"EXP/20260504T161429Z/observation_impacted_original_chunk0012.jsonl","statePath":"EXP/20260504T161429Z/observation_impacted_original_chunk0012.state.json","exported":0,"completed":true,"skipped":false},{"chunkNo":13,"from":12000,"to":12999,"mapRows":1000,"outPath":"EXP/20260504T161429Z/observation_impacted_original_chunk0013.jsonl","statePath":"EXP/20260504T161429Z/observation_impacted_original_chunk0013.state.json","exported":0,"completed":true,"skipped":false},{"chunkNo":14,"from":13000,"to":13999,"mapRows":1000,"outPath":"EXP/20260504T161429Z/observation_impacted_original_chunk0014.jsonl","statePath":"EXP/20260504T161429Z/observation_impacted_original_chunk0014.state.json","exported":0,"completed":true,"skipped":false},{"chunkNo":15,"from":14000,"to":14999,"mapRows":1000,"outPath":"EXP/20260504T161429Z/observation_impacted_original_chunk0015.jsonl","statePath":"EXP/20260504T161429Z/observation_impacted_original_chunk0015.state.json","exported":0,"completed":true,"skipped":false},{"chunkNo":16,"from":15000,"to":15999,"mapRows":1000,"outPath":"EXP/20260504T161429Z/observation_impacted_original_chunk0016.jsonl","statePath":"EXP/20260504T161429Z/observation_impacted_original_chunk0016.state.json","exported":0,"completed":true,"skipped":false},{"chunkNo":17,"from":16000,"to":16999,"mapRows":1000,"outPath":"EXP/20260504T161429Z/observation_impacted_original_chunk0017.jsonl","statePath":"EXP/20260504T161429Z/observation_impacted_original_chunk0017.state.json","exported":0,"completed":true,"skipped":false},{"chunkNo":18,"from":17000,"to":17999,"mapRows":1000,"outPath":"EXP/20260504T161429Z/observation_impacted_original_chunk0018.jsonl","statePath":"EXP/20260504T161429Z/observation_impacted_original_chunk0018.state.json","exported":0,"completed":true,"skipped":false},{"chunkNo":19,"from":18000,"to":18999,"mapRows":1000,"outPath":"EXP/20260504T161429Z/observation_impacted_original_chunk0019.jsonl","statePath":"EXP/20260504T161429Z/observation_impacted_original_chunk0019.state.json","exported":0,"completed":true,"skipped":false},{"chunkNo":20,"from":19000,"to":19999,"mapRows":1000,"outPath":"EXP/20260504T161429Z/observation_impacted_original_chunk0020.jsonl","statePath":"EXP/20260504T161429Z/observation_impacted_original_chunk0020.state.json","exported":0,"completed":true,"skipped":false},{"chunkNo":21,"from":20000,"to":20999,"mapRows":1000,"outPath":"EXP/20260504T161429Z/observation_impacted_original_chunk0021.jsonl","statePath":"EXP/20260504T161429Z/observation_impacted_original_chunk0021.state.json","exported":0,"completed":true,"skipped":false},{"chunkNo":22,"from":21000,"to":21999,"mapRows":1000,"outPath":"EXP/20260504T161429Z/observation_impacted_original_chunk0022.jsonl","statePath":"EXP/20260504T161429Z/observation_impacted_original_chunk0022.state.json","exported":0,"completed":true,"skipped":false},{"chunkNo":23,"from":22000,"to":22999,"mapRows":1000,"outPath":"EXP/20260504T161429Z/observation_impacted_original_chunk0023.jsonl","statePath":"EXP/20260504T161429Z/observation_impacted_original_chunk0023.state.json","exported":0,"completed":true,"skipped":false},{"chunkNo":24,"from":23000,"to":23999,"mapRows":1000,"outPath":"EXP/20260504T161429Z/observation_impacted_original_chunk0024.jsonl","statePath":"EXP/20260504T161429Z/observation_impacted_original_chunk0024.state.json","exported":0,"completed":true,"skipped":false},{"chunkNo":25,"from":24000,"to":24999,"mapRows":1000,"outPath":"EXP/20260504T161429Z/observation_impacted_original_chunk0025.jsonl","statePath":"EXP/20260504T161429Z/observation_impacted_original_chunk0025.state.json","exported":0,"completed":true,"skipped":false},{"chunkNo":26,"from":25000,"to":25999,"mapRows":1000,"outPath":"EXP/20260504T161429Z/observation_impacted_original_chunk0026.jsonl","statePath":"EXP/20260504T161429Z/observation_impacted_original_chunk0026.state.json","exported":0,"completed":true,"skipped":false},{"chunkNo":27,"from":26000,"to":26999,"mapRows":1000,"outPath":"EXP/20260504T161429Z/observation_impacted_original_chunk0027.jsonl","statePath":"EXP/20260504T161429Z/observation_impacted_original_chunk0027.state.json","exported":0,"completed":true,"skipped":false},{"chunkNo":28,"from":27000,"to":27999,"mapRows":1000,"outPath":"EXP/20260504T161429Z/observation_impacted_original_chunk0028.jsonl","statePath":"EXP/20260504T161429Z/observation_impacted_original_chunk0028.state.json","exported":0,"completed":true,"skipped":false},{"chunkNo":29,"from":28000,"to":28999,"mapRows":1000,"outPath":"EXP/20260504T161429Z/observation_impacted_original_chunk0029.jsonl","statePath":"EXP/20260504T161429Z/observation_impacted_original_chunk0029.state.json","exported":0,"completed":true,"skipped":false},{"chunkNo":30,"from":29000,"to":29999,"mapRows":1000,"outPath":"EXP/20260504T161429Z/observation_impacted_original_chunk0030.jsonl","statePath":"EXP/20260504T161429Z/observation_impacted_original_chunk0030.state.json","exported":0,"completed":true,"skipped":false},{"chunkNo":31,"from":30000,"to":30999,"mapRows":1000,"outPath":"EXP/20260504T161429Z/observation_impacted_original_chunk0031.jsonl","statePath":"EXP/20260504T161429Z/observation_impacted_original_chunk0031.state.json","exported":0,"completed":true,"skipped":false},{"chunkNo":32,"from":31000,"to":31999,"mapRows":1000,"outPath":"EXP/20260504T161429Z/observation_impacted_original_chunk0032.jsonl","statePath":"EXP/20260504T161429Z/observation_impacted_original_chunk0032.state.json","exported":0,"completed":true,"skipped":false},{"chunkNo":33,"from":32000,"to":32999,"mapRows":1000,"outPath":"EXP/20260504T161429Z/observation_impacted_original_chunk0033.jsonl","statePath":"EXP/20260504T161429Z/observation_impacted_original_chunk0033.state.json","exported":0,"completed":true,"skipped":false},{"chunkNo":34,"from":33000,"to":33999,"mapRows":1000,"outPath":"EXP/20260504T161429Z/observation_impacted_original_chunk0034.jsonl","statePath":"EXP/20260504T161429Z/observation_impacted_original_chunk0034.state.json","exported":0,"completed":true,"skipped":false},{"chunkNo":35,"from":34000,"to":34999,"mapRows":1000,"outPath":"EXP/20260504T161429Z/observation_impacted_original_chunk0035.jsonl","statePath":"EXP/20260504T161429Z/observation_impacted_original_chunk0035.state.json","exported":0,"completed":true,"skipped":false},{"chunkNo":36,"from":35000,"to":35999,"mapRows":1000,"outPath":"EXP/20260504T161429Z/observation_impacted_original_chunk0036.jsonl","statePath":"EXP/20260504T161429Z/observation_impacted_original_chunk0036.state.json","exported":0,"completed":true,"skipped":false},{"chunkNo":37,"from":36000,"to":36999,"mapRows":1000,"outPath":"EXP/20260504T161429Z/observation_impacted_original_chunk0037.jsonl","statePath":"EXP/20260504T161429Z/observation_impacted_original_chunk0037.state.json","exported":0,"completed":true,"skipped":false},{"chunkNo":38,"from":37000,"to":37999,"mapRows":1000,"outPath":"EXP/20260504T161429Z/observation_impacted_original_chunk0038.jsonl","statePath":"EXP/20260504T161429Z/observation_impacted_original_chunk0038.state.json","exported":0,"completed":true,"skipped":false},{"chunkNo":39,"from":38000,"to":38999,"mapRows":1000,"outPath":"EXP/20260504T161429Z/observation_impacted_original_chunk0039.jsonl","statePath":"EXP/20260504T161429Z/observation_impacted_original_chunk0039.state.json","exported":0,"completed":true,"skipped":false},{"chunkNo":40,"from":39000,"to":39999,"mapRows":1000,"outPath":"EXP/20260504T161429Z/observation_impacted_original_chunk0040.jsonl","statePath":"EXP/20260504T161429Z/observation_impacted_original_chunk0040.state.json","exported":0,"completed":true,"skipped":false},{"chunkNo":41,"from":40000,"to":40999,"mapRows":1000,"outPath":"EXP/20260504T161429Z/observation_impacted_original_chunk0041.jsonl","statePath":"EXP/20260504T161429Z/observation_impacted_original_chunk0041.state.json","exported":0,"completed":true,"skipped":false},{"chunkNo":42,"from":41000,"to":41999,"mapRows":1000,"outPath":"EXP/20260504T161429Z/observation_impacted_original_chunk0042.jsonl","statePath":"EXP/20260504T161429Z/observation_impacted_original_chunk0042.state.json","exported":0,"completed":true,"skipped":false},{"chunkNo":43,"from":42000,"to":42999,"mapRows":1000,"outPath":"EXP/20260504T161429Z/observation_impacted_original_chunk0043.jsonl","statePath":"EXP/20260504T161429Z/observation_impacted_original_chunk0043.state.json","exported":0,"completed":true,"skipped":false},{"chunkNo":44,"from":43000,"to":43999,"mapRows":1000,"outPath":"EXP/20260504T161429Z/observation_impacted_original_chunk0044.jsonl","statePath":"EXP/20260504T161429Z/observation_impacted_original_chunk0044.state.json","exported":0,"completed":true,"skipped":false},{"chunkNo":45,"from":44000,"to":44999,"mapRows":1000,"outPath":"EXP/20260504T161429Z/observation_impacted_original_chunk0045.jsonl","statePath":"EXP/20260504T161429Z/observation_impacted_original_chunk0045.state.json","exported":0,"completed":true,"skipped":false},{"chunkNo":46,"from":45000,"to":45999,"mapRows":1000,"outPath":"EXP/20260504T161429Z/observation_impacted_original_chunk0046.jsonl","statePath":"EXP/20260504T161429Z/observation_impacted_original_chunk0046.state.json","exported":0,"completed":true,"skipped":false},{"chunkNo":47,"from":46000,"to":46999,"mapRows":1000,"outPath":"EXP/20260504T161429Z/observation_impacted_original_chunk0047.jsonl","statePath":"EXP/20260504T161429Z/observation_impacted_original_chunk0047.state.json","exported":0,"completed":true,"skipped":false},{"chunkNo":48,"from":47000,"to":47999,"mapRows":1000,"outPath":"EXP/20260504T161429Z/observation_impacted_original_chunk0048.jsonl","statePath":"EXP/20260504T161429Z/observation_impacted_original_chunk0048.state.json","exported":0,"completed":true,"skipped":false},{"chunkNo":49,"from":48000,"to":48999,"mapRows":1000,"outPath":"EXP/20260504T161429Z/observation_impacted_original_chunk0049.jsonl","statePath":"EXP/20260504T161429Z/observation_impacted_original_chunk0049.state.json","exported":0,"completed":true,"skipped":false},{"chunkNo":50,"from":49000,"to":49999,"mapRows":1000,"outPath":"EXP/20260504T161429Z/observation_impacted_original_chunk0050.jsonl","statePath":"EXP/20260504T161429Z/observation_impacted_original_chunk0050.state.json","exported":0,"completed":true,"skipped":false},{"chunkNo":51,"from":50000,"to":50999,"mapRows":1000,"outPath":"EXP/20260504T161429Z/observation_impacted_original_chunk0051.jsonl","statePath":"EXP/20260504T161429Z/observation_impacted_original_chunk0051.state.json","exported":0,"completed":true,"skipped":false},{"chunkNo":52,"from":51000,"to":51999,"mapRows":1000,"outPath":"EXP/20260504T161429Z/observation_impacted_original_chunk0052.jsonl","statePath":"EXP/20260504T161429Z/observation_impacted_original_chunk0052.state.json","exported":0,"completed":true,"skipped":false},{"chunkNo":53,"from":52000,"to":52999,"mapRows":1000,"outPath":"EXP/20260504T161429Z/observation_impacted_original_chunk0053.jsonl","statePath":"EXP/20260504T161429Z/observation_impacted_original_chunk0053.state.json","exported":0,"completed":true,"skipped":false},{"chunkNo":54,"from":53000,"to":53999,"mapRows":1000,"outPath":"EXP/20260504T161429Z/observation_impacted_original_chunk0054.jsonl","statePath":"EXP/20260504T161429Z/observation_impacted_original_chunk0054.state.json","exported":0,"completed":true,"skipped":false},{"chunkNo":55,"from":54000,"to":54999,"mapRows":1000,"outPath":"EXP/20260504T161429Z/observation_impacted_original_chunk0055.jsonl","statePath":"EXP/20260504T161429Z/observation_impacted_original_chunk0055.state.json","exported":0,"completed":true,"skipped":false},{"chunkNo":56,"from":55000,"to":55999,"mapRows":1000,"outPath":"EXP/20260504T161429Z/observation_impacted_original_chunk0056.jsonl","statePath":"EXP/20260504T161429Z/observation_impacted_original_chunk0056.state.json","exported":0,"completed":true,"skipped":false},{"chunkNo":57,"from":56000,"to":56999,"mapRows":1000,"outPath":"EXP/20260504T161429Z/observation_impacted_original_chunk0057.jsonl","statePath":"EXP/20260504T161429Z/observation_impacted_original_chunk0057.state.json","exported":0,"completed":true,"skipped":false},{"chunkNo":58,"from":57000,"to":57999,"mapRows":1000,"outPath":"EXP/20260504T161429Z/observation_impacted_original_chunk0058.jsonl","statePath":"EXP/20260504T161429Z/observation_impacted_original_chunk0058.state.json","exported":0,"completed":true,"skipped":false},{"chunkNo":59,"from":58000,"to":58999,"mapRows":1000,"outPath":"EXP/20260504T161429Z/observation_impacted_original_chunk0059.jsonl","statePath":"EXP/20260504T161429Z/observation_impacted_original_chunk0059.state.json","exported":0,"completed":true,"skipped":false},{"chunkNo":60,"from":59000,"to":59999,"mapRows":1000,"outPath":"EXP/20260504T161429Z/observation_impacted_original_chunk0060.jsonl","statePath":"EXP/20260504T161429Z/observation_impacted_original_chunk0060.state.json","exported":0,"completed":true,"skipped":false},{"chunkNo":61,"from":60000,"to":60999,"mapRows":1000,"outPath":"EXP/20260504T161429Z/observation_impacted_original_chunk0061.jsonl","statePath":"EXP/20260504T161429Z/observation_impacted_original_chunk0061.state.json","exported":0,"completed":true,"skipped":false},{"chunkNo":62,"from":61000,"to":61999,"mapRows":1000,"outPath":"EXP/20260504T161429Z/observation_impacted_original_chunk0062.jsonl","statePath":"EXP/20260504T161429Z/observation_impacted_original_chunk0062.state.json","exported":0,"completed":true,"skipped":false},{"chunkNo":63,"from":62000,"to":62999,"mapRows":1000,"outPath":"EXP/20260504T161429Z/observation_impacted_original_chunk0063.jsonl","statePath":"EXP/20260504T161429Z/observation_impacted_original_chunk0063.state.json","exported":0,"completed":true,"skipped":false},{"chunkNo":64,"from":63000,"to":63999,"mapRows":1000,"outPath":"EXP/20260504T161429Z/observation_impacted_original_chunk0064.jsonl","statePath":"EXP/20260504T161429Z/observation_impacted_original_chunk0064.state.json","exported":0,"completed":true,"skipped":false},{"chunkNo":65,"from":64000,"to":64999,"mapRows":1000,"outPath":"EXP/20260504T161429Z/observation_impacted_original_chunk0065.jsonl","statePath":"EXP/20260504T161429Z/observation_impacted_original_chunk0065.state.json","exported":0,"completed":true,"skipped":false},{"chunkNo":66,"from":65000,"to":65999,"mapRows":1000,"outPath":"EXP/20260504T161429Z/observation_impacted_original_chunk0066.jsonl","statePath":"EXP/20260504T161429Z/observation_impacted_original_chunk0066.state.json","exported":0,"completed":true,"skipped":false},{"chunkNo":67,"from":66000,"to":66999,"mapRows":1000,"outPath":"EXP/20260504T161429Z/observation_impacted_original_chunk0067.jsonl","statePath":"EXP/20260504T161429Z/observation_impacted_original_chunk0067.state.json","exported":0,"completed":true,"skipped":false},{"chunkNo":68,"from":67000,"to":67999,"mapRows":1000,"outPath":"EXP/20260504T161429Z/observation_impacted_original_chunk0068.jsonl","statePath":"EXP/20260504T161429Z/observation_impacted_original_chunk0068.state.json","exported":0,"completed":true,"skipped":false},{"chunkNo":69,"from":68000,"to":68999,"mapRows":1000,"outPath":"EXP/20260504T161429Z/observation_impacted_original_chunk0069.jsonl","statePath":"EXP/20260504T161429Z/observation_impacted_original_chunk0069.state.json","exported":0,"completed":true,"skipped":false},{"chunkNo":70,"from":69000,"to":69999,"mapRows":1000,"outPath":"EXP/20260504T161429Z/observation_impacted_original_chunk0070.jsonl","statePath":"EXP/20260504T161429Z/observation_impacted_original_chunk0070.state.json","exported":0,"completed":true,"skipped":false},{"chunkNo":71,"from":70000,"to":70999,"mapRows":1000,"outPath":"EXP/20260504T161429Z/observation_impacted_original_chunk0071.jsonl","statePath":"EXP/20260504T161429Z/observation_impacted_original_chunk0071.state.json","exported":0,"completed":true,"skipped":false},{"chunkNo":72,"from":71000,"to":71999,"mapRows":1000,"outPath":"EXP/20260504T161429Z/observation_impacted_original_chunk0072.jsonl","statePath":"EXP/20260504T161429Z/observation_impacted_original_chunk0072.state.json","exported":0,"completed":true,"skipped":false},{"chunkNo":73,"from":72000,"to":72999,"mapRows":1000,"outPath":"EXP/20260504T161429Z/observation_impacted_original_chunk0073.jsonl","statePath":"EXP/20260504T161429Z/observation_impacted_original_chunk0073.state.json","exported":0,"completed":true,"skipped":false},{"chunkNo":74,"from":73000,"to":73999,"mapRows":1000,"outPath":"EXP/20260504T161429Z/observation_impacted_original_chunk0074.jsonl","statePath":"EXP/20260504T161429Z/observation_impacted_original_chunk0074.state.json","exported":0,"completed":true,"skipped":false},{"chunkNo":75,"from":74000,"to":74999,"mapRows":1000,"outPath":"EXP/20260504T161429Z/observation_impacted_original_chunk0075.jsonl","statePath":"EXP/20260504T161429Z/observation_impacted_original_chunk0075.state.json","exported":0,"completed":true,"skipped":false},{"chunkNo":76,"from":75000,"to":75999,"mapRows":1000,"outPath":"EXP/20260504T161429Z/observation_impacted_original_chunk0076.jsonl","statePath":"EXP/20260504T161429Z/observation_impacted_original_chunk0076.state.json","exported":0,"completed":true,"skipped":false},{"chunkNo":77,"from":76000,"to":76999,"mapRows":1000,"outPath":"EXP/20260504T161429Z/observation_impacted_original_chunk0077.jsonl","statePath":"EXP/20260504T161429Z/observation_impacted_original_chunk0077.state.json","exported":0,"completed":true,"skipped":false},{"chunkNo":78,"from":77000,"to":77969,"mapRows":970,"outPath":"EXP/20260504T161429Z/observation_impacted_original_chunk0078.jsonl","statePath":"EXP/20260504T161429Z/observation_impacted_original_chunk0078.state.json","exported":0,"completed":true,"skipped":false}]},"ts":"2026-05-04T16:19:59.893Z"}
{"type":"result","script":"026_04_importazione_prod_match_observation_by_keys_replace_client_side.js","runId":"20260504T161429Z","stepId":42,"dbName":"hc40-index-bonifica","inDir":"EXP/20260504T161429Z","filePrefix":"observation_impacted_chunk","fileSuffix":".jsonl","maxFiles":0,"collection":"observation_impacted_modified","mode":"insert","batch":1000,"dropBefore":true,"totals":{"files":78,"totalLines":5306,"emptyLines":0,"parsedDocs":5306,"bulks":6,"opsExecuted":5306,"inserted":5306,"upserted":0,"modified":0},"finalCollCount":5306,"ts":"2026-05-04T16:20:20.127Z"}
{"type":"result","script":"026_04B_importazione_prod_match_observation_by_keys_original.js","runId":"20260504T161429Z","stepId":43,"dbName":"hc40-index-bonifica","inDir":"EXP/20260504T161429Z","filePrefix":"observation_impacted_original_chunk","fileSuffix":".jsonl","maxFiles":0,"collection":"observation_impacted_original","mode":"insert","batch":1000,"dropBefore":true,"totals":{"files":78,"totalLines":5306,"emptyLines":0,"parsedDocs":5306,"bulks":6,"opsExecuted":5306,"inserted":5306,"upserted":0,"modified":0},"finalCollCount":5306,"ts":"2026-05-04T16:20:40.281Z"}
{"type":"result","script":"066_03_esportazione_su_file_prod_match_bundle_by_keys_replace.js","runId":"20260504T161429Z","stepId":49,"dbName":"hc40-index-bonifica","expDir":"./EXP","outDir":"EXP/20260504T161429Z","outBase":"bundle_impacted","outExt":".jsonl","logPath":"EXP/20260504T161429Z/bundle_impacted.log","mapPath":"EXP/20260504T161429Z/sio_ihub_hc40_adt_keys_map.js","mapConstName":"SIO_IHUB_HC40_ADT_KEYS","globalStatePath":"EXP/20260504T161429Z/bundle_impacted.chunks.state.json","debug":false,"debugDocId":null,"debugNoWrite":false,"mapChunkSize":1000,"batchSize":2000,"logEvery":1000,"matchName":"Encounter.id","hintName":"attribute_search.name_1_attribute_search.value_1__id_1","summary":{"totalPairs":77970,"chunkSize":1000,"chunkCount":78,"completedChunksBefore":[],"completedChunksAfter":[1,2,3,4,5,6,7,8,9,10,11,12,13,14,15,16,17,18,19,20,21,22,23,24,25,26,27,28,29,30,31,32,33,34,35,36,37,38,39,40,41,42,43,44,45,46,47,48,49,50,51,52,53,54,55,56,57,58,59,60,61,62,63,64,65,66,67,68,69,70,71,72,73,74,75,76,77,78],"totalExportedDocs":1283,"totalReplDirect":18670,"totalReplPipeSuffix":0,"chunks":[{"chunkNo":1,"from":0,"to":999,"mapRows":1000,"outPath":"EXP/20260504T161429Z/bundle_impacted_chunk0001.jsonl","statePath":"EXP/20260504T161429Z/bundle_impacted_chunk0001.state.json","exported":1283,"replDirect":18670,"replPipeSuffix":0,"completed":true,"skipped":false},{"chunkNo":2,"from":1000,"to":1999,"mapRows":1000,"outPath":"EXP/20260504T161429Z/bundle_impacted_chunk0002.jsonl","statePath":"EXP/20260504T161429Z/bundle_impacted_chunk0002.state.json","exported":0,"replDirect":0,"replPipeSuffix":0,"completed":true,"skipped":false},{"chunkNo":3,"from":2000,"to":2999,"mapRows":1000,"outPath":"EXP/20260504T161429Z/bundle_impacted_chunk0003.jsonl","statePath":"EXP/20260504T161429Z/bundle_impacted_chunk0003.state.json","exported":0,"replDirect":0,"replPipeSuffix":0,"completed":true,"skipped":false},{"chunkNo":4,"from":3000,"to":3999,"mapRows":1000,"outPath":"EXP/20260504T161429Z/bundle_impacted_chunk0004.jsonl","statePath":"EXP/20260504T161429Z/bundle_impacted_chunk0004.state.json","exported":0,"replDirect":0,"replPipeSuffix":0,"completed":true,"skipped":false},{"chunkNo":5,"from":4000,"to":4999,"mapRows":1000,"outPath":"EXP/20260504T161429Z/bundle_impacted_chunk0005.jsonl","statePath":"EXP/20260504T161429Z/bundle_impacted_chunk0005.state.json","exported":0,"replDirect":0,"replPipeSuffix":0,"completed":true,"skipped":false},{"chunkNo":6,"from":5000,"to":5999,"mapRows":1000,"outPath":"EXP/20260504T161429Z/bundle_impacted_chunk0006.jsonl","statePath":"EXP/20260504T161429Z/bundle_impacted_chunk0006.state.json","exported":0,"replDirect":0,"replPipeSuffix":0,"completed":true,"skipped":false},{"chunkNo":7,"from":6000,"to":6999,"mapRows":1000,"outPath":"EXP/20260504T161429Z/bundle_impacted_chunk0007.jsonl","statePath":"EXP/20260504T161429Z/bundle_impacted_chunk0007.state.json","exported":0,"replDirect":0,"replPipeSuffix":0,"completed":true,"skipped":false},{"chunkNo":8,"from":7000,"to":7999,"mapRows":1000,"outPath":"EXP/20260504T161429Z/bundle_impacted_chunk0008.jsonl","statePath":"EXP/20260504T161429Z/bundle_impacted_chunk0008.state.json","exported":0,"replDirect":0,"replPipeSuffix":0,"completed":true,"skipped":false},{"chunkNo":9,"from":8000,"to":8999,"mapRows":1000,"outPath":"EXP/20260504T161429Z/bundle_impacted_chunk0009.jsonl","statePath":"EXP/20260504T161429Z/bundle_impacted_chunk0009.state.json","exported":0,"replDirect":0,"replPipeSuffix":0,"completed":true,"skipped":false},{"chunkNo":10,"from":9000,"to":9999,"mapRows":1000,"outPath":"EXP/20260504T161429Z/bundle_impacted_chunk0010.jsonl","statePath":"EXP/20260504T161429Z/bundle_impacted_chunk0010.state.json","exported":0,"replDirect":0,"replPipeSuffix":0,"completed":true,"skipped":false},{"chunkNo":11,"from":10000,"to":10999,"mapRows":1000,"outPath":"EXP/20260504T161429Z/bundle_impacted_chunk0011.jsonl","statePath":"EXP/20260504T161429Z/bundle_impacted_chunk0011.state.json","exported":0,"replDirect":0,"replPipeSuffix":0,"completed":true,"skipped":false},{"chunkNo":12,"from":11000,"to":11999,"mapRows":1000,"outPath":"EXP/20260504T161429Z/bundle_impacted_chunk0012.jsonl","statePath":"EXP/20260504T161429Z/bundle_impacted_chunk0012.state.json","exported":0,"replDirect":0,"replPipeSuffix":0,"completed":true,"skipped":false},{"chunkNo":13,"from":12000,"to":12999,"mapRows":1000,"outPath":"EXP/20260504T161429Z/bundle_impacted_chunk0013.jsonl","statePath":"EXP/20260504T161429Z/bundle_impacted_chunk0013.state.json","exported":0,"replDirect":0,"replPipeSuffix":0,"completed":true,"skipped":false},{"chunkNo":14,"from":13000,"to":13999,"mapRows":1000,"outPath":"EXP/20260504T161429Z/bundle_impacted_chunk0014.jsonl","statePath":"EXP/20260504T161429Z/bundle_impacted_chunk0014.state.json","exported":0,"replDirect":0,"replPipeSuffix":0,"completed":true,"skipped":false},{"chunkNo":15,"from":14000,"to":14999,"mapRows":1000,"outPath":"EXP/20260504T161429Z/bundle_impacted_chunk0015.jsonl","statePath":"EXP/20260504T161429Z/bundle_impacted_chunk0015.state.json","exported":0,"replDirect":0,"replPipeSuffix":0,"completed":true,"skipped":false},{"chunkNo":16,"from":15000,"to":15999,"mapRows":1000,"outPath":"EXP/20260504T161429Z/bundle_impacted_chunk0016.jsonl","statePath":"EXP/20260504T161429Z/bundle_impacted_chunk0016.state.json","exported":0,"replDirect":0,"replPipeSuffix":0,"completed":true,"skipped":false},{"chunkNo":17,"from":16000,"to":16999,"mapRows":1000,"outPath":"EXP/20260504T161429Z/bundle_impacted_chunk0017.jsonl","statePath":"EXP/20260504T161429Z/bundle_impacted_chunk0017.state.json","exported":0,"replDirect":0,"replPipeSuffix":0,"completed":true,"skipped":false},{"chunkNo":18,"from":17000,"to":17999,"mapRows":1000,"outPath":"EXP/20260504T161429Z/bundle_impacted_chunk0018.jsonl","statePath":"EXP/20260504T161429Z/bundle_impacted_chunk0018.state.json","exported":0,"replDirect":0,"replPipeSuffix":0,"completed":true,"skipped":false},{"chunkNo":19,"from":18000,"to":18999,"mapRows":1000,"outPath":"EXP/20260504T161429Z/bundle_impacted_chunk0019.jsonl","statePath":"EXP/20260504T161429Z/bundle_impacted_chunk0019.state.json","exported":0,"replDirect":0,"replPipeSuffix":0,"completed":true,"skipped":false},{"chunkNo":20,"from":19000,"to":19999,"mapRows":1000,"outPath":"EXP/20260504T161429Z/bundle_impacted_chunk0020.jsonl","statePath":"EXP/20260504T161429Z/bundle_impacted_chunk0020.state.json","exported":0,"replDirect":0,"replPipeSuffix":0,"completed":true,"skipped":false},{"chunkNo":21,"from":20000,"to":20999,"mapRows":1000,"outPath":"EXP/20260504T161429Z/bundle_impacted_chunk0021.jsonl","statePath":"EXP/20260504T161429Z/bundle_impacted_chunk0021.state.json","exported":0,"replDirect":0,"replPipeSuffix":0,"completed":true,"skipped":false},{"chunkNo":22,"from":21000,"to":21999,"mapRows":1000,"outPath":"EXP/20260504T161429Z/bundle_impacted_chunk0022.jsonl","statePath":"EXP/20260504T161429Z/bundle_impacted_chunk0022.state.json","exported":0,"replDirect":0,"replPipeSuffix":0,"completed":true,"skipped":false},{"chunkNo":23,"from":22000,"to":22999,"mapRows":1000,"outPath":"EXP/20260504T161429Z/bundle_impacted_chunk0023.jsonl","statePath":"EXP/20260504T161429Z/bundle_impacted_chunk0023.state.json","exported":0,"replDirect":0,"replPipeSuffix":0,"completed":true,"skipped":false},{"chunkNo":24,"from":23000,"to":23999,"mapRows":1000,"outPath":"EXP/20260504T161429Z/bundle_impacted_chunk0024.jsonl","statePath":"EXP/20260504T161429Z/bundle_impacted_chunk0024.state.json","exported":0,"replDirect":0,"replPipeSuffix":0,"completed":true,"skipped":false},{"chunkNo":25,"from":24000,"to":24999,"mapRows":1000,"outPath":"EXP/20260504T161429Z/bundle_impacted_chunk0025.jsonl","statePath":"EXP/20260504T161429Z/bundle_impacted_chunk0025.state.json","exported":0,"replDirect":0,"replPipeSuffix":0,"completed":true,"skipped":false},{"chunkNo":26,"from":25000,"to":25999,"mapRows":1000,"outPath":"EXP/20260504T161429Z/bundle_impacted_chunk0026.jsonl","statePath":"EXP/20260504T161429Z/bundle_impacted_chunk0026.state.json","exported":0,"replDirect":0,"replPipeSuffix":0,"completed":true,"skipped":false},{"chunkNo":27,"from":26000,"to":26999,"mapRows":1000,"outPath":"EXP/20260504T161429Z/bundle_impacted_chunk0027.jsonl","statePath":"EXP/20260504T161429Z/bundle_impacted_chunk0027.state.json","exported":0,"replDirect":0,"replPipeSuffix":0,"completed":true,"skipped":false},{"chunkNo":28,"from":27000,"to":27999,"mapRows":1000,"outPath":"EXP/20260504T161429Z/bundle_impacted_chunk0028.jsonl","statePath":"EXP/20260504T161429Z/bundle_impacted_chunk0028.state.json","exported":0,"replDirect":0,"replPipeSuffix":0,"completed":true,"skipped":false},{"chunkNo":29,"from":28000,"to":28999,"mapRows":1000,"outPath":"EXP/20260504T161429Z/bundle_impacted_chunk0029.jsonl","statePath":"EXP/20260504T161429Z/bundle_impacted_chunk0029.state.json","exported":0,"replDirect":0,"replPipeSuffix":0,"completed":true,"skipped":false},{"chunkNo":30,"from":29000,"to":29999,"mapRows":1000,"outPath":"EXP/20260504T161429Z/bundle_impacted_chunk0030.jsonl","statePath":"EXP/20260504T161429Z/bundle_impacted_chunk0030.state.json","exported":0,"replDirect":0,"replPipeSuffix":0,"completed":true,"skipped":false},{"chunkNo":31,"from":30000,"to":30999,"mapRows":1000,"outPath":"EXP/20260504T161429Z/bundle_impacted_chunk0031.jsonl","statePath":"EXP/20260504T161429Z/bundle_impacted_chunk0031.state.json","exported":0,"replDirect":0,"replPipeSuffix":0,"completed":true,"skipped":false},{"chunkNo":32,"from":31000,"to":31999,"mapRows":1000,"outPath":"EXP/20260504T161429Z/bundle_impacted_chunk0032.jsonl","statePath":"EXP/20260504T161429Z/bundle_impacted_chunk0032.state.json","exported":0,"replDirect":0,"replPipeSuffix":0,"completed":true,"skipped":false},{"chunkNo":33,"from":32000,"to":32999,"mapRows":1000,"outPath":"EXP/20260504T161429Z/bundle_impacted_chunk0033.jsonl","statePath":"EXP/20260504T161429Z/bundle_impacted_chunk0033.state.json","exported":0,"replDirect":0,"replPipeSuffix":0,"completed":true,"skipped":false},{"chunkNo":34,"from":33000,"to":33999,"mapRows":1000,"outPath":"EXP/20260504T161429Z/bundle_impacted_chunk0034.jsonl","statePath":"EXP/20260504T161429Z/bundle_impacted_chunk0034.state.json","exported":0,"replDirect":0,"replPipeSuffix":0,"completed":true,"skipped":false},{"chunkNo":35,"from":34000,"to":34999,"mapRows":1000,"outPath":"EXP/20260504T161429Z/bundle_impacted_chunk0035.jsonl","statePath":"EXP/20260504T161429Z/bundle_impacted_chunk0035.state.json","exported":0,"replDirect":0,"replPipeSuffix":0,"completed":true,"skipped":false},{"chunkNo":36,"from":35000,"to":35999,"mapRows":1000,"outPath":"EXP/20260504T161429Z/bundle_impacted_chunk0036.jsonl","statePath":"EXP/20260504T161429Z/bundle_impacted_chunk0036.state.json","exported":0,"replDirect":0,"replPipeSuffix":0,"completed":true,"skipped":false},{"chunkNo":37,"from":36000,"to":36999,"mapRows":1000,"outPath":"EXP/20260504T161429Z/bundle_impacted_chunk0037.jsonl","statePath":"EXP/20260504T161429Z/bundle_impacted_chunk0037.state.json","exported":0,"replDirect":0,"replPipeSuffix":0,"completed":true,"skipped":false},{"chunkNo":38,"from":37000,"to":37999,"mapRows":1000,"outPath":"EXP/20260504T161429Z/bundle_impacted_chunk0038.jsonl","statePath":"EXP/20260504T161429Z/bundle_impacted_chunk0038.state.json","exported":0,"replDirect":0,"replPipeSuffix":0,"completed":true,"skipped":false},{"chunkNo":39,"from":38000,"to":38999,"mapRows":1000,"outPath":"EXP/20260504T161429Z/bundle_impacted_chunk0039.jsonl","statePath":"EXP/20260504T161429Z/bundle_impacted_chunk0039.state.json","exported":0,"replDirect":0,"replPipeSuffix":0,"completed":true,"skipped":false},{"chunkNo":40,"from":39000,"to":39999,"mapRows":1000,"outPath":"EXP/20260504T161429Z/bundle_impacted_chunk0040.jsonl","statePath":"EXP/20260504T161429Z/bundle_impacted_chunk0040.state.json","exported":0,"replDirect":0,"replPipeSuffix":0,"completed":true,"skipped":false},{"chunkNo":41,"from":40000,"to":40999,"mapRows":1000,"outPath":"EXP/20260504T161429Z/bundle_impacted_chunk0041.jsonl","statePath":"EXP/20260504T161429Z/bundle_impacted_chunk0041.state.json","exported":0,"replDirect":0,"replPipeSuffix":0,"completed":true,"skipped":false},{"chunkNo":42,"from":41000,"to":41999,"mapRows":1000,"outPath":"EXP/20260504T161429Z/bundle_impacted_chunk0042.jsonl","statePath":"EXP/20260504T161429Z/bundle_impacted_chunk0042.state.json","exported":0,"replDirect":0,"replPipeSuffix":0,"completed":true,"skipped":false},{"chunkNo":43,"from":42000,"to":42999,"mapRows":1000,"outPath":"EXP/20260504T161429Z/bundle_impacted_chunk0043.jsonl","statePath":"EXP/20260504T161429Z/bundle_impacted_chunk0043.state.json","exported":0,"replDirect":0,"replPipeSuffix":0,"completed":true,"skipped":false},{"chunkNo":44,"from":43000,"to":43999,"mapRows":1000,"outPath":"EXP/20260504T161429Z/bundle_impacted_chunk0044.jsonl","statePath":"EXP/20260504T161429Z/bundle_impacted_chunk0044.state.json","exported":0,"replDirect":0,"replPipeSuffix":0,"completed":true,"skipped":false},{"chunkNo":45,"from":44000,"to":44999,"mapRows":1000,"outPath":"EXP/20260504T161429Z/bundle_impacted_chunk0045.jsonl","statePath":"EXP/20260504T161429Z/bundle_impacted_chunk0045.state.json","exported":0,"replDirect":0,"replPipeSuffix":0,"completed":true,"skipped":false},{"chunkNo":46,"from":45000,"to":45999,"mapRows":1000,"outPath":"EXP/20260504T161429Z/bundle_impacted_chunk0046.jsonl","statePath":"EXP/20260504T161429Z/bundle_impacted_chunk0046.state.json","exported":0,"replDirect":0,"replPipeSuffix":0,"completed":true,"skipped":false},{"chunkNo":47,"from":46000,"to":46999,"mapRows":1000,"outPath":"EXP/20260504T161429Z/bundle_impacted_chunk0047.jsonl","statePath":"EXP/20260504T161429Z/bundle_impacted_chunk0047.state.json","exported":0,"replDirect":0,"replPipeSuffix":0,"completed":true,"skipped":false},{"chunkNo":48,"from":47000,"to":47999,"mapRows":1000,"outPath":"EXP/20260504T161429Z/bundle_impacted_chunk0048.jsonl","statePath":"EXP/20260504T161429Z/bundle_impacted_chunk0048.state.json","exported":0,"replDirect":0,"replPipeSuffix":0,"completed":true,"skipped":false},{"chunkNo":49,"from":48000,"to":48999,"mapRows":1000,"outPath":"EXP/20260504T161429Z/bundle_impacted_chunk0049.jsonl","statePath":"EXP/20260504T161429Z/bundle_impacted_chunk0049.state.json","exported":0,"replDirect":0,"replPipeSuffix":0,"completed":true,"skipped":false},{"chunkNo":50,"from":49000,"to":49999,"mapRows":1000,"outPath":"EXP/20260504T161429Z/bundle_impacted_chunk0050.jsonl","statePath":"EXP/20260504T161429Z/bundle_impacted_chunk0050.state.json","exported":0,"replDirect":0,"replPipeSuffix":0,"completed":true,"skipped":false},{"chunkNo":51,"from":50000,"to":50999,"mapRows":1000,"outPath":"EXP/20260504T161429Z/bundle_impacted_chunk0051.jsonl","statePath":"EXP/20260504T161429Z/bundle_impacted_chunk0051.state.json","exported":0,"replDirect":0,"replPipeSuffix":0,"completed":true,"skipped":false},{"chunkNo":52,"from":51000,"to":51999,"mapRows":1000,"outPath":"EXP/20260504T161429Z/bundle_impacted_chunk0052.jsonl","statePath":"EXP/20260504T161429Z/bundle_impacted_chunk0052.state.json","exported":0,"replDirect":0,"replPipeSuffix":0,"completed":true,"skipped":false},{"chunkNo":53,"from":52000,"to":52999,"mapRows":1000,"outPath":"EXP/20260504T161429Z/bundle_impacted_chunk0053.jsonl","statePath":"EXP/20260504T161429Z/bundle_impacted_chunk0053.state.json","exported":0,"replDirect":0,"replPipeSuffix":0,"completed":true,"skipped":false},{"chunkNo":54,"from":53000,"to":53999,"mapRows":1000,"outPath":"EXP/20260504T161429Z/bundle_impacted_chunk0054.jsonl","statePath":"EXP/20260504T161429Z/bundle_impacted_chunk0054.state.json","exported":0,"replDirect":0,"replPipeSuffix":0,"completed":true,"skipped":false},{"chunkNo":55,"from":54000,"to":54999,"mapRows":1000,"outPath":"EXP/20260504T161429Z/bundle_impacted_chunk0055.jsonl","statePath":"EXP/20260504T161429Z/bundle_impacted_chunk0055.state.json","exported":0,"replDirect":0,"replPipeSuffix":0,"completed":true,"skipped":false},{"chunkNo":56,"from":55000,"to":55999,"mapRows":1000,"outPath":"EXP/20260504T161429Z/bundle_impacted_chunk0056.jsonl","statePath":"EXP/20260504T161429Z/bundle_impacted_chunk0056.state.json","exported":0,"replDirect":0,"replPipeSuffix":0,"completed":true,"skipped":false},{"chunkNo":57,"from":56000,"to":56999,"mapRows":1000,"outPath":"EXP/20260504T161429Z/bundle_impacted_chunk0057.jsonl","statePath":"EXP/20260504T161429Z/bundle_impacted_chunk0057.state.json","exported":0,"replDirect":0,"replPipeSuffix":0,"completed":true,"skipped":false},{"chunkNo":58,"from":57000,"to":57999,"mapRows":1000,"outPath":"EXP/20260504T161429Z/bundle_impacted_chunk0058.jsonl","statePath":"EXP/20260504T161429Z/bundle_impacted_chunk0058.state.json","exported":0,"replDirect":0,"replPipeSuffix":0,"completed":true,"skipped":false},{"chunkNo":59,"from":58000,"to":58999,"mapRows":1000,"outPath":"EXP/20260504T161429Z/bundle_impacted_chunk0059.jsonl","statePath":"EXP/20260504T161429Z/bundle_impacted_chunk0059.state.json","exported":0,"replDirect":0,"replPipeSuffix":0,"completed":true,"skipped":false},{"chunkNo":60,"from":59000,"to":59999,"mapRows":1000,"outPath":"EXP/20260504T161429Z/bundle_impacted_chunk0060.jsonl","statePath":"EXP/20260504T161429Z/bundle_impacted_chunk0060.state.json","exported":0,"replDirect":0,"replPipeSuffix":0,"completed":true,"skipped":false},{"chunkNo":61,"from":60000,"to":60999,"mapRows":1000,"outPath":"EXP/20260504T161429Z/bundle_impacted_chunk0061.jsonl","statePath":"EXP/20260504T161429Z/bundle_impacted_chunk0061.state.json","exported":0,"replDirect":0,"replPipeSuffix":0,"completed":true,"skipped":false},{"chunkNo":62,"from":61000,"to":61999,"mapRows":1000,"outPath":"EXP/20260504T161429Z/bundle_impacted_chunk0062.jsonl","statePath":"EXP/20260504T161429Z/bundle_impacted_chunk0062.state.json","exported":0,"replDirect":0,"replPipeSuffix":0,"completed":true,"skipped":false},{"chunkNo":63,"from":62000,"to":62999,"mapRows":1000,"outPath":"EXP/20260504T161429Z/bundle_impacted_chunk0063.jsonl","statePath":"EXP/20260504T161429Z/bundle_impacted_chunk0063.state.json","exported":0,"replDirect":0,"replPipeSuffix":0,"completed":true,"skipped":false},{"chunkNo":64,"from":63000,"to":63999,"mapRows":1000,"outPath":"EXP/20260504T161429Z/bundle_impacted_chunk0064.jsonl","statePath":"EXP/20260504T161429Z/bundle_impacted_chunk0064.state.json","exported":0,"replDirect":0,"replPipeSuffix":0,"completed":true,"skipped":false},{"chunkNo":65,"from":64000,"to":64999,"mapRows":1000,"outPath":"EXP/20260504T161429Z/bundle_impacted_chunk0065.jsonl","statePath":"EXP/20260504T161429Z/bundle_impacted_chunk0065.state.json","exported":0,"replDirect":0,"replPipeSuffix":0,"completed":true,"skipped":false},{"chunkNo":66,"from":65000,"to":65999,"mapRows":1000,"outPath":"EXP/20260504T161429Z/bundle_impacted_chunk0066.jsonl","statePath":"EXP/20260504T161429Z/bundle_impacted_chunk0066.state.json","exported":0,"replDirect":0,"replPipeSuffix":0,"completed":true,"skipped":false},{"chunkNo":67,"from":66000,"to":66999,"mapRows":1000,"outPath":"EXP/20260504T161429Z/bundle_impacted_chunk0067.jsonl","statePath":"EXP/20260504T161429Z/bundle_impacted_chunk0067.state.json","exported":0,"replDirect":0,"replPipeSuffix":0,"completed":true,"skipped":false},{"chunkNo":68,"from":67000,"to":67999,"mapRows":1000,"outPath":"EXP/20260504T161429Z/bundle_impacted_chunk0068.jsonl","statePath":"EXP/20260504T161429Z/bundle_impacted_chunk0068.state.json","exported":0,"replDirect":0,"replPipeSuffix":0,"completed":true,"skipped":false},{"chunkNo":69,"from":68000,"to":68999,"mapRows":1000,"outPath":"EXP/20260504T161429Z/bundle_impacted_chunk0069.jsonl","statePath":"EXP/20260504T161429Z/bundle_impacted_chunk0069.state.json","exported":0,"replDirect":0,"replPipeSuffix":0,"completed":true,"skipped":false},{"chunkNo":70,"from":69000,"to":69999,"mapRows":1000,"outPath":"EXP/20260504T161429Z/bundle_impacted_chunk0070.jsonl","statePath":"EXP/20260504T161429Z/bundle_impacted_chunk0070.state.json","exported":0,"replDirect":0,"replPipeSuffix":0,"completed":true,"skipped":false},{"chunkNo":71,"from":70000,"to":70999,"mapRows":1000,"outPath":"EXP/20260504T161429Z/bundle_impacted_chunk0071.jsonl","statePath":"EXP/20260504T161429Z/bundle_impacted_chunk0071.state.json","exported":0,"replDirect":0,"replPipeSuffix":0,"completed":true,"skipped":false},{"chunkNo":72,"from":71000,"to":71999,"mapRows":1000,"outPath":"EXP/20260504T161429Z/bundle_impacted_chunk0072.jsonl","statePath":"EXP/20260504T161429Z/bundle_impacted_chunk0072.state.json","exported":0,"replDirect":0,"replPipeSuffix":0,"completed":true,"skipped":false},{"chunkNo":73,"from":72000,"to":72999,"mapRows":1000,"outPath":"EXP/20260504T161429Z/bundle_impacted_chunk0073.jsonl","statePath":"EXP/20260504T161429Z/bundle_impacted_chunk0073.state.json","exported":0,"replDirect":0,"replPipeSuffix":0,"completed":true,"skipped":false},{"chunkNo":74,"from":73000,"to":73999,"mapRows":1000,"outPath":"EXP/20260504T161429Z/bundle_impacted_chunk0074.jsonl","statePath":"EXP/20260504T161429Z/bundle_impacted_chunk0074.state.json","exported":0,"replDirect":0,"replPipeSuffix":0,"completed":true,"skipped":false},{"chunkNo":75,"from":74000,"to":74999,"mapRows":1000,"outPath":"EXP/20260504T161429Z/bundle_impacted_chunk0075.jsonl","statePath":"EXP/20260504T161429Z/bundle_impacted_chunk0075.state.json","exported":0,"replDirect":0,"replPipeSuffix":0,"completed":true,"skipped":false},{"chunkNo":76,"from":75000,"to":75999,"mapRows":1000,"outPath":"EXP/20260504T161429Z/bundle_impacted_chunk0076.jsonl","statePath":"EXP/20260504T161429Z/bundle_impacted_chunk0076.state.json","exported":0,"replDirect":0,"replPipeSuffix":0,"completed":true,"skipped":false},{"chunkNo":77,"from":76000,"to":76999,"mapRows":1000,"outPath":"EXP/20260504T161429Z/bundle_impacted_chunk0077.jsonl","statePath":"EXP/20260504T161429Z/bundle_impacted_chunk0077.state.json","exported":0,"replDirect":0,"replPipeSuffix":0,"completed":true,"skipped":false},{"chunkNo":78,"from":77000,"to":77969,"mapRows":970,"outPath":"EXP/20260504T161429Z/bundle_impacted_chunk0078.jsonl","statePath":"EXP/20260504T161429Z/bundle_impacted_chunk0078.state.json","exported":0,"replDirect":0,"replPipeSuffix":0,"completed":true,"skipped":false}]},"ts":"2026-05-04T16:20:59.011Z"}
{"type":"result","script":"066_03B_esportazione_su_file_prod_match_bundle_by_keys_original.js","runId":"20260504T161429Z","stepId":50,"dbName":"hc40-index-bonifica","expDir":"./EXP","outDir":"EXP/20260504T161429Z","outBase":"bundle_impacted_original","outExt":".jsonl","logPath":"EXP/20260504T161429Z/bundle_impacted_original.log","mapPath":"EXP/20260504T161429Z/sio_ihub_hc40_adt_keys_map.js","mapConstName":"SIO_IHUB_HC40_ADT_KEYS","globalStatePath":"EXP/20260504T161429Z/bundle_impacted_original.chunks.state.json","debug":false,"debugDocId":null,"debugNoWrite":false,"mapChunkSize":1000,"batchSize":2000,"logEvery":1000,"matchName":"Encounter.id","hintName":"attribute_search.name_1_attribute_search.value_1__id_1","summary":{"totalPairs":77970,"chunkSize":1000,"chunkCount":78,"completedChunksBefore":[],"completedChunksAfter":[1,2,3,4,5,6,7,8,9,10,11,12,13,14,15,16,17,18,19,20,21,22,23,24,25,26,27,28,29,30,31,32,33,34,35,36,37,38,39,40,41,42,43,44,45,46,47,48,49,50,51,52,53,54,55,56,57,58,59,60,61,62,63,64,65,66,67,68,69,70,71,72,73,74,75,76,77,78],"totalExportedDocs":1283,"chunks":[{"chunkNo":1,"from":0,"to":999,"mapRows":1000,"outPath":"EXP/20260504T161429Z/bundle_impacted_original_chunk0001.jsonl","statePath":"EXP/20260504T161429Z/bundle_impacted_original_chunk0001.state.json","exported":1283,"completed":true,"skipped":false},{"chunkNo":2,"from":1000,"to":1999,"mapRows":1000,"outPath":"EXP/20260504T161429Z/bundle_impacted_original_chunk0002.jsonl","statePath":"EXP/20260504T161429Z/bundle_impacted_original_chunk0002.state.json","exported":0,"completed":true,"skipped":false},{"chunkNo":3,"from":2000,"to":2999,"mapRows":1000,"outPath":"EXP/20260504T161429Z/bundle_impacted_original_chunk0003.jsonl","statePath":"EXP/20260504T161429Z/bundle_impacted_original_chunk0003.state.json","exported":0,"completed":true,"skipped":false},{"chunkNo":4,"from":3000,"to":3999,"mapRows":1000,"outPath":"EXP/20260504T161429Z/bundle_impacted_original_chunk0004.jsonl","statePath":"EXP/20260504T161429Z/bundle_impacted_original_chunk0004.state.json","exported":0,"completed":true,"skipped":false},{"chunkNo":5,"from":4000,"to":4999,"mapRows":1000,"outPath":"EXP/20260504T161429Z/bundle_impacted_original_chunk0005.jsonl","statePath":"EXP/20260504T161429Z/bundle_impacted_original_chunk0005.state.json","exported":0,"completed":true,"skipped":false},{"chunkNo":6,"from":5000,"to":5999,"mapRows":1000,"outPath":"EXP/20260504T161429Z/bundle_impacted_original_chunk0006.jsonl","statePath":"EXP/20260504T161429Z/bundle_impacted_original_chunk0006.state.json","exported":0,"completed":true,"skipped":false},{"chunkNo":7,"from":6000,"to":6999,"mapRows":1000,"outPath":"EXP/20260504T161429Z/bundle_impacted_original_chunk0007.jsonl","statePath":"EXP/20260504T161429Z/bundle_impacted_original_chunk0007.state.json","exported":0,"completed":true,"skipped":false},{"chunkNo":8,"from":7000,"to":7999,"mapRows":1000,"outPath":"EXP/20260504T161429Z/bundle_impacted_original_chunk0008.jsonl","statePath":"EXP/20260504T161429Z/bundle_impacted_original_chunk0008.state.json","exported":0,"completed":true,"skipped":false},{"chunkNo":9,"from":8000,"to":8999,"mapRows":1000,"outPath":"EXP/20260504T161429Z/bundle_impacted_original_chunk0009.jsonl","statePath":"EXP/20260504T161429Z/bundle_impacted_original_chunk0009.state.json","exported":0,"completed":true,"skipped":false},{"chunkNo":10,"from":9000,"to":9999,"mapRows":1000,"outPath":"EXP/20260504T161429Z/bundle_impacted_original_chunk0010.jsonl","statePath":"EXP/20260504T161429Z/bundle_impacted_original_chunk0010.state.json","exported":0,"completed":true,"skipped":false},{"chunkNo":11,"from":10000,"to":10999,"mapRows":1000,"outPath":"EXP/20260504T161429Z/bundle_impacted_original_chunk0011.jsonl","statePath":"EXP/20260504T161429Z/bundle_impacted_original_chunk0011.state.json","exported":0,"completed":true,"skipped":false},{"chunkNo":12,"from":11000,"to":11999,"mapRows":1000,"outPath":"EXP/20260504T161429Z/bundle_impacted_original_chunk0012.jsonl","statePath":"EXP/20260504T161429Z/bundle_impacted_original_chunk0012.state.json","exported":0,"completed":true,"skipped":false},{"chunkNo":13,"from":12000,"to":12999,"mapRows":1000,"outPath":"EXP/20260504T161429Z/bundle_impacted_original_chunk0013.jsonl","statePath":"EXP/20260504T161429Z/bundle_impacted_original_chunk0013.state.json","exported":0,"completed":true,"skipped":false},{"chunkNo":14,"from":13000,"to":13999,"mapRows":1000,"outPath":"EXP/20260504T161429Z/bundle_impacted_original_chunk0014.jsonl","statePath":"EXP/20260504T161429Z/bundle_impacted_original_chunk0014.state.json","exported":0,"completed":true,"skipped":false},{"chunkNo":15,"from":14000,"to":14999,"mapRows":1000,"outPath":"EXP/20260504T161429Z/bundle_impacted_original_chunk0015.jsonl","statePath":"EXP/20260504T161429Z/bundle_impacted_original_chunk0015.state.json","exported":0,"completed":true,"skipped":false},{"chunkNo":16,"from":15000,"to":15999,"mapRows":1000,"outPath":"EXP/20260504T161429Z/bundle_impacted_original_chunk0016.jsonl","statePath":"EXP/20260504T161429Z/bundle_impacted_original_chunk0016.state.json","exported":0,"completed":true,"skipped":false},{"chunkNo":17,"from":16000,"to":16999,"mapRows":1000,"outPath":"EXP/20260504T161429Z/bundle_impacted_original_chunk0017.jsonl","statePath":"EXP/20260504T161429Z/bundle_impacted_original_chunk0017.state.json","exported":0,"completed":true,"skipped":false},{"chunkNo":18,"from":17000,"to":17999,"mapRows":1000,"outPath":"EXP/20260504T161429Z/bundle_impacted_original_chunk0018.jsonl","statePath":"EXP/20260504T161429Z/bundle_impacted_original_chunk0018.state.json","exported":0,"completed":true,"skipped":false},{"chunkNo":19,"from":18000,"to":18999,"mapRows":1000,"outPath":"EXP/20260504T161429Z/bundle_impacted_original_chunk0019.jsonl","statePath":"EXP/20260504T161429Z/bundle_impacted_original_chunk0019.state.json","exported":0,"completed":true,"skipped":false},{"chunkNo":20,"from":19000,"to":19999,"mapRows":1000,"outPath":"EXP/20260504T161429Z/bundle_impacted_original_chunk0020.jsonl","statePath":"EXP/20260504T161429Z/bundle_impacted_original_chunk0020.state.json","exported":0,"completed":true,"skipped":false},{"chunkNo":21,"from":20000,"to":20999,"mapRows":1000,"outPath":"EXP/20260504T161429Z/bundle_impacted_original_chunk0021.jsonl","statePath":"EXP/20260504T161429Z/bundle_impacted_original_chunk0021.state.json","exported":0,"completed":true,"skipped":false},{"chunkNo":22,"from":21000,"to":21999,"mapRows":1000,"outPath":"EXP/20260504T161429Z/bundle_impacted_original_chunk0022.jsonl","statePath":"EXP/20260504T161429Z/bundle_impacted_original_chunk0022.state.json","exported":0,"completed":true,"skipped":false},{"chunkNo":23,"from":22000,"to":22999,"mapRows":1000,"outPath":"EXP/20260504T161429Z/bundle_impacted_original_chunk0023.jsonl","statePath":"EXP/20260504T161429Z/bundle_impacted_original_chunk0023.state.json","exported":0,"completed":true,"skipped":false},{"chunkNo":24,"from":23000,"to":23999,"mapRows":1000,"outPath":"EXP/20260504T161429Z/bundle_impacted_original_chunk0024.jsonl","statePath":"EXP/20260504T161429Z/bundle_impacted_original_chunk0024.state.json","exported":0,"completed":true,"skipped":false},{"chunkNo":25,"from":24000,"to":24999,"mapRows":1000,"outPath":"EXP/20260504T161429Z/bundle_impacted_original_chunk0025.jsonl","statePath":"EXP/20260504T161429Z/bundle_impacted_original_chunk0025.state.json","exported":0,"completed":true,"skipped":false},{"chunkNo":26,"from":25000,"to":25999,"mapRows":1000,"outPath":"EXP/20260504T161429Z/bundle_impacted_original_chunk0026.jsonl","statePath":"EXP/20260504T161429Z/bundle_impacted_original_chunk0026.state.json","exported":0,"completed":true,"skipped":false},{"chunkNo":27,"from":26000,"to":26999,"mapRows":1000,"outPath":"EXP/20260504T161429Z/bundle_impacted_original_chunk0027.jsonl","statePath":"EXP/20260504T161429Z/bundle_impacted_original_chunk0027.state.json","exported":0,"completed":true,"skipped":false},{"chunkNo":28,"from":27000,"to":27999,"mapRows":1000,"outPath":"EXP/20260504T161429Z/bundle_impacted_original_chunk0028.jsonl","statePath":"EXP/20260504T161429Z/bundle_impacted_original_chunk0028.state.json","exported":0,"completed":true,"skipped":false},{"chunkNo":29,"from":28000,"to":28999,"mapRows":1000,"outPath":"EXP/20260504T161429Z/bundle_impacted_original_chunk0029.jsonl","statePath":"EXP/20260504T161429Z/bundle_impacted_original_chunk0029.state.json","exported":0,"completed":true,"skipped":false},{"chunkNo":30,"from":29000,"to":29999,"mapRows":1000,"outPath":"EXP/20260504T161429Z/bundle_impacted_original_chunk0030.jsonl","statePath":"EXP/20260504T161429Z/bundle_impacted_original_chunk0030.state.json","exported":0,"completed":true,"skipped":false},{"chunkNo":31,"from":30000,"to":30999,"mapRows":1000,"outPath":"EXP/20260504T161429Z/bundle_impacted_original_chunk0031.jsonl","statePath":"EXP/20260504T161429Z/bundle_impacted_original_chunk0031.state.json","exported":0,"completed":true,"skipped":false},{"chunkNo":32,"from":31000,"to":31999,"mapRows":1000,"outPath":"EXP/20260504T161429Z/bundle_impacted_original_chunk0032.jsonl","statePath":"EXP/20260504T161429Z/bundle_impacted_original_chunk0032.state.json","exported":0,"completed":true,"skipped":false},{"chunkNo":33,"from":32000,"to":32999,"mapRows":1000,"outPath":"EXP/20260504T161429Z/bundle_impacted_original_chunk0033.jsonl","statePath":"EXP/20260504T161429Z/bundle_impacted_original_chunk0033.state.json","exported":0,"completed":true,"skipped":false},{"chunkNo":34,"from":33000,"to":33999,"mapRows":1000,"outPath":"EXP/20260504T161429Z/bundle_impacted_original_chunk0034.jsonl","statePath":"EXP/20260504T161429Z/bundle_impacted_original_chunk0034.state.json","exported":0,"completed":true,"skipped":false},{"chunkNo":35,"from":34000,"to":34999,"mapRows":1000,"outPath":"EXP/20260504T161429Z/bundle_impacted_original_chunk0035.jsonl","statePath":"EXP/20260504T161429Z/bundle_impacted_original_chunk0035.state.json","exported":0,"completed":true,"skipped":false},{"chunkNo":36,"from":35000,"to":35999,"mapRows":1000,"outPath":"EXP/20260504T161429Z/bundle_impacted_original_chunk0036.jsonl","statePath":"EXP/20260504T161429Z/bundle_impacted_original_chunk0036.state.json","exported":0,"completed":true,"skipped":false},{"chunkNo":37,"from":36000,"to":36999,"mapRows":1000,"outPath":"EXP/20260504T161429Z/bundle_impacted_original_chunk0037.jsonl","statePath":"EXP/20260504T161429Z/bundle_impacted_original_chunk0037.state.json","exported":0,"completed":true,"skipped":false},{"chunkNo":38,"from":37000,"to":37999,"mapRows":1000,"outPath":"EXP/20260504T161429Z/bundle_impacted_original_chunk0038.jsonl","statePath":"EXP/20260504T161429Z/bundle_impacted_original_chunk0038.state.json","exported":0,"completed":true,"skipped":false},{"chunkNo":39,"from":38000,"to":38999,"mapRows":1000,"outPath":"EXP/20260504T161429Z/bundle_impacted_original_chunk0039.jsonl","statePath":"EXP/20260504T161429Z/bundle_impacted_original_chunk0039.state.json","exported":0,"completed":true,"skipped":false},{"chunkNo":40,"from":39000,"to":39999,"mapRows":1000,"outPath":"EXP/20260504T161429Z/bundle_impacted_original_chunk0040.jsonl","statePath":"EXP/20260504T161429Z/bundle_impacted_original_chunk0040.state.json","exported":0,"completed":true,"skipped":false},{"chunkNo":41,"from":40000,"to":40999,"mapRows":1000,"outPath":"EXP/20260504T161429Z/bundle_impacted_original_chunk0041.jsonl","statePath":"EXP/20260504T161429Z/bundle_impacted_original_chunk0041.state.json","exported":0,"completed":true,"skipped":false},{"chunkNo":42,"from":41000,"to":41999,"mapRows":1000,"outPath":"EXP/20260504T161429Z/bundle_impacted_original_chunk0042.jsonl","statePath":"EXP/20260504T161429Z/bundle_impacted_original_chunk0042.state.json","exported":0,"completed":true,"skipped":false},{"chunkNo":43,"from":42000,"to":42999,"mapRows":1000,"outPath":"EXP/20260504T161429Z/bundle_impacted_original_chunk0043.jsonl","statePath":"EXP/20260504T161429Z/bundle_impacted_original_chunk0043.state.json","exported":0,"completed":true,"skipped":false},{"chunkNo":44,"from":43000,"to":43999,"mapRows":1000,"outPath":"EXP/20260504T161429Z/bundle_impacted_original_chunk0044.jsonl","statePath":"EXP/20260504T161429Z/bundle_impacted_original_chunk0044.state.json","exported":0,"completed":true,"skipped":false},{"chunkNo":45,"from":44000,"to":44999,"mapRows":1000,"outPath":"EXP/20260504T161429Z/bundle_impacted_original_chunk0045.jsonl","statePath":"EXP/20260504T161429Z/bundle_impacted_original_chunk0045.state.json","exported":0,"completed":true,"skipped":false},{"chunkNo":46,"from":45000,"to":45999,"mapRows":1000,"outPath":"EXP/20260504T161429Z/bundle_impacted_original_chunk0046.jsonl","statePath":"EXP/20260504T161429Z/bundle_impacted_original_chunk0046.state.json","exported":0,"completed":true,"skipped":false},{"chunkNo":47,"from":46000,"to":46999,"mapRows":1000,"outPath":"EXP/20260504T161429Z/bundle_impacted_original_chunk0047.jsonl","statePath":"EXP/20260504T161429Z/bundle_impacted_original_chunk0047.state.json","exported":0,"completed":true,"skipped":false},{"chunkNo":48,"from":47000,"to":47999,"mapRows":1000,"outPath":"EXP/20260504T161429Z/bundle_impacted_original_chunk0048.jsonl","statePath":"EXP/20260504T161429Z/bundle_impacted_original_chunk0048.state.json","exported":0,"completed":true,"skipped":false},{"chunkNo":49,"from":48000,"to":48999,"mapRows":1000,"outPath":"EXP/20260504T161429Z/bundle_impacted_original_chunk0049.jsonl","statePath":"EXP/20260504T161429Z/bundle_impacted_original_chunk0049.state.json","exported":0,"completed":true,"skipped":false},{"chunkNo":50,"from":49000,"to":49999,"mapRows":1000,"outPath":"EXP/20260504T161429Z/bundle_impacted_original_chunk0050.jsonl","statePath":"EXP/20260504T161429Z/bundle_impacted_original_chunk0050.state.json","exported":0,"completed":true,"skipped":false},{"chunkNo":51,"from":50000,"to":50999,"mapRows":1000,"outPath":"EXP/20260504T161429Z/bundle_impacted_original_chunk0051.jsonl","statePath":"EXP/20260504T161429Z/bundle_impacted_original_chunk0051.state.json","exported":0,"completed":true,"skipped":false},{"chunkNo":52,"from":51000,"to":51999,"mapRows":1000,"outPath":"EXP/20260504T161429Z/bundle_impacted_original_chunk0052.jsonl","statePath":"EXP/20260504T161429Z/bundle_impacted_original_chunk0052.state.json","exported":0,"completed":true,"skipped":false},{"chunkNo":53,"from":52000,"to":52999,"mapRows":1000,"outPath":"EXP/20260504T161429Z/bundle_impacted_original_chunk0053.jsonl","statePath":"EXP/20260504T161429Z/bundle_impacted_original_chunk0053.state.json","exported":0,"completed":true,"skipped":false},{"chunkNo":54,"from":53000,"to":53999,"mapRows":1000,"outPath":"EXP/20260504T161429Z/bundle_impacted_original_chunk0054.jsonl","statePath":"EXP/20260504T161429Z/bundle_impacted_original_chunk0054.state.json","exported":0,"completed":true,"skipped":false},{"chunkNo":55,"from":54000,"to":54999,"mapRows":1000,"outPath":"EXP/20260504T161429Z/bundle_impacted_original_chunk0055.jsonl","statePath":"EXP/20260504T161429Z/bundle_impacted_original_chunk0055.state.json","exported":0,"completed":true,"skipped":false},{"chunkNo":56,"from":55000,"to":55999,"mapRows":1000,"outPath":"EXP/20260504T161429Z/bundle_impacted_original_chunk0056.jsonl","statePath":"EXP/20260504T161429Z/bundle_impacted_original_chunk0056.state.json","exported":0,"completed":true,"skipped":false},{"chunkNo":57,"from":56000,"to":56999,"mapRows":1000,"outPath":"EXP/20260504T161429Z/bundle_impacted_original_chunk0057.jsonl","statePath":"EXP/20260504T161429Z/bundle_impacted_original_chunk0057.state.json","exported":0,"completed":true,"skipped":false},{"chunkNo":58,"from":57000,"to":57999,"mapRows":1000,"outPath":"EXP/20260504T161429Z/bundle_impacted_original_chunk0058.jsonl","statePath":"EXP/20260504T161429Z/bundle_impacted_original_chunk0058.state.json","exported":0,"completed":true,"skipped":false},{"chunkNo":59,"from":58000,"to":58999,"mapRows":1000,"outPath":"EXP/20260504T161429Z/bundle_impacted_original_chunk0059.jsonl","statePath":"EXP/20260504T161429Z/bundle_impacted_original_chunk0059.state.json","exported":0,"completed":true,"skipped":false},{"chunkNo":60,"from":59000,"to":59999,"mapRows":1000,"outPath":"EXP/20260504T161429Z/bundle_impacted_original_chunk0060.jsonl","statePath":"EXP/20260504T161429Z/bundle_impacted_original_chunk0060.state.json","exported":0,"completed":true,"skipped":false},{"chunkNo":61,"from":60000,"to":60999,"mapRows":1000,"outPath":"EXP/20260504T161429Z/bundle_impacted_original_chunk0061.jsonl","statePath":"EXP/20260504T161429Z/bundle_impacted_original_chunk0061.state.json","exported":0,"completed":true,"skipped":false},{"chunkNo":62,"from":61000,"to":61999,"mapRows":1000,"outPath":"EXP/20260504T161429Z/bundle_impacted_original_chunk0062.jsonl","statePath":"EXP/20260504T161429Z/bundle_impacted_original_chunk0062.state.json","exported":0,"completed":true,"skipped":false},{"chunkNo":63,"from":62000,"to":62999,"mapRows":1000,"outPath":"EXP/20260504T161429Z/bundle_impacted_original_chunk0063.jsonl","statePath":"EXP/20260504T161429Z/bundle_impacted_original_chunk0063.state.json","exported":0,"completed":true,"skipped":false},{"chunkNo":64,"from":63000,"to":63999,"mapRows":1000,"outPath":"EXP/20260504T161429Z/bundle_impacted_original_chunk0064.jsonl","statePath":"EXP/20260504T161429Z/bundle_impacted_original_chunk0064.state.json","exported":0,"completed":true,"skipped":false},{"chunkNo":65,"from":64000,"to":64999,"mapRows":1000,"outPath":"EXP/20260504T161429Z/bundle_impacted_original_chunk0065.jsonl","statePath":"EXP/20260504T161429Z/bundle_impacted_original_chunk0065.state.json","exported":0,"completed":true,"skipped":false},{"chunkNo":66,"from":65000,"to":65999,"mapRows":1000,"outPath":"EXP/20260504T161429Z/bundle_impacted_original_chunk0066.jsonl","statePath":"EXP/20260504T161429Z/bundle_impacted_original_chunk0066.state.json","exported":0,"completed":true,"skipped":false},{"chunkNo":67,"from":66000,"to":66999,"mapRows":1000,"outPath":"EXP/20260504T161429Z/bundle_impacted_original_chunk0067.jsonl","statePath":"EXP/20260504T161429Z/bundle_impacted_original_chunk0067.state.json","exported":0,"completed":true,"skipped":false},{"chunkNo":68,"from":67000,"to":67999,"mapRows":1000,"outPath":"EXP/20260504T161429Z/bundle_impacted_original_chunk0068.jsonl","statePath":"EXP/20260504T161429Z/bundle_impacted_original_chunk0068.state.json","exported":0,"completed":true,"skipped":false},{"chunkNo":69,"from":68000,"to":68999,"mapRows":1000,"outPath":"EXP/20260504T161429Z/bundle_impacted_original_chunk0069.jsonl","statePath":"EXP/20260504T161429Z/bundle_impacted_original_chunk0069.state.json","exported":0,"completed":true,"skipped":false},{"chunkNo":70,"from":69000,"to":69999,"mapRows":1000,"outPath":"EXP/20260504T161429Z/bundle_impacted_original_chunk0070.jsonl","statePath":"EXP/20260504T161429Z/bundle_impacted_original_chunk0070.state.json","exported":0,"completed":true,"skipped":false},{"chunkNo":71,"from":70000,"to":70999,"mapRows":1000,"outPath":"EXP/20260504T161429Z/bundle_impacted_original_chunk0071.jsonl","statePath":"EXP/20260504T161429Z/bundle_impacted_original_chunk0071.state.json","exported":0,"completed":true,"skipped":false},{"chunkNo":72,"from":71000,"to":71999,"mapRows":1000,"outPath":"EXP/20260504T161429Z/bundle_impacted_original_chunk0072.jsonl","statePath":"EXP/20260504T161429Z/bundle_impacted_original_chunk0072.state.json","exported":0,"completed":true,"skipped":false},{"chunkNo":73,"from":72000,"to":72999,"mapRows":1000,"outPath":"EXP/20260504T161429Z/bundle_impacted_original_chunk0073.jsonl","statePath":"EXP/20260504T161429Z/bundle_impacted_original_chunk0073.state.json","exported":0,"completed":true,"skipped":false},{"chunkNo":74,"from":73000,"to":73999,"mapRows":1000,"outPath":"EXP/20260504T161429Z/bundle_impacted_original_chunk0074.jsonl","statePath":"EXP/20260504T161429Z/bundle_impacted_original_chunk0074.state.json","exported":0,"completed":true,"skipped":false},{"chunkNo":75,"from":74000,"to":74999,"mapRows":1000,"outPath":"EXP/20260504T161429Z/bundle_impacted_original_chunk0075.jsonl","statePath":"EXP/20260504T161429Z/bundle_impacted_original_chunk0075.state.json","exported":0,"completed":true,"skipped":false},{"chunkNo":76,"from":75000,"to":75999,"mapRows":1000,"outPath":"EXP/20260504T161429Z/bundle_impacted_original_chunk0076.jsonl","statePath":"EXP/20260504T161429Z/bundle_impacted_original_chunk0076.state.json","exported":0,"completed":true,"skipped":false},{"chunkNo":77,"from":76000,"to":76999,"mapRows":1000,"outPath":"EXP/20260504T161429Z/bundle_impacted_original_chunk0077.jsonl","statePath":"EXP/20260504T161429Z/bundle_impacted_original_chunk0077.state.json","exported":0,"completed":true,"skipped":false},{"chunkNo":78,"from":77000,"to":77969,"mapRows":970,"outPath":"EXP/20260504T161429Z/bundle_impacted_original_chunk0078.jsonl","statePath":"EXP/20260504T161429Z/bundle_impacted_original_chunk0078.state.json","exported":0,"completed":true,"skipped":false}]},"ts":"2026-05-04T16:21:11.114Z"}
{"type":"result","script":"066_04_importazione_prod_match_bundle_by_keys_replace_client_side.js","runId":"20260504T161429Z","stepId":51,"dbName":"hc40-index-bonifica","inDir":"EXP/20260504T161429Z","filePrefix":"bundle_impacted_chunk","fileSuffix":".jsonl","maxFiles":0,"collection":"bundle_impacted_modified","mode":"insert","batch":1000,"dropBefore":true,"totals":{"files":78,"totalLines":1283,"emptyLines":0,"parsedDocs":1283,"bulks":2,"opsExecuted":1283,"inserted":1283,"upserted":0,"modified":0},"finalCollCount":1283,"ts":"2026-05-04T16:21:18.886Z"}
{"type":"result","script":"066_04B_importazione_prod_match_bundle_by_keys_original.js","runId":"20260504T161429Z","stepId":52,"dbName":"hc40-index-bonifica","inDir":"EXP/20260504T161429Z","filePrefix":"bundle_impacted_original_chunk","fileSuffix":".jsonl","maxFiles":0,"collection":"bundle_impacted_original","mode":"insert","batch":1000,"dropBefore":true,"totals":{"files":78,"totalLines":1283,"emptyLines":0,"parsedDocs":1283,"bulks":2,"opsExecuted":1283,"inserted":1283,"upserted":0,"modified":0},"finalCollCount":1283,"ts":"2026-05-04T16:21:26.463Z"}
[2026-05-04T16:24:26Z] RESULT_SUMMARY_JSONL_END
